,A1_RP_LONG_INSTR,B1_GTAA_FUT_INSTR_FIXED,E1_LS_SMA10_INSTR,D1_S1_LS_SIGN_TREND,D_EWMAC_7030_LS,D_EWMAC_7030_LF,C1_FUT5_GTAA_20,C3_FUT5_BH_20,P2_RP_LONG_EQ_RATES,B4_GTAA_FUT_EQ_RATES_FIXED,REF_ES_10VOL,ETF_S3,ETF_BH5,ETF_LS5
A1_RP_LONG_INSTR,1.0,0.6614571926427117,-0.257392502507353,-0.33230997059643236,-0.3469649634178692,0.4566338709731127,0.5593958886240014,0.8491912591469412,0.532561406309804,0.23871212220013122,0.5711688575144834,0.5326663496353929,0.794987599439557,-0.21726810741645947
B1_GTAA_FUT_INSTR_FIXED,0.6614571926427117,1.0,0.554080742816293,0.3778473158955876,0.20475479179955552,0.6682102127149196,0.7216463361404705,0.50390001930922,0.39767457617991564,0.5900384594373034,0.367576446364474,0.6637953029533045,0.48236537334174473,0.330002134029385
E1_LS_SMA10_INSTR,-0.257392502507353,0.554080742816293,1.0,0.8557627042860451,0.654530908961524,0.3568349065154142,0.31020842067385845,-0.2939600889094273,-0.07865597836744911,0.4970787964792302,-0.15979310883084444,0.26389814400718253,-0.2606007144375539,0.6657730526483538
D1_S1_LS_SIGN_TREND,-0.33230997059643236,0.3778473158955876,0.8557627042860451,1.0,0.6876356945590725,0.3319005743894583,0.23839890389434407,-0.2960424531585468,-0.2263185223815947,0.29552189281174557,-0.17858993801426595,0.18593268428031604,-0.29195732207396685,0.5982278409677192
D_EWMAC_7030_LS,-0.3469649634178692,0.20475479179955552,0.654530908961524,0.6876356945590725,1.0,0.5636670221148541,0.11247690631022442,-0.32071502850941,-0.19661433945544565,0.26306659073677124,-0.16463035808703946,0.04354543026939924,-0.31203783679576874,0.43073615180873437
D_EWMAC_7030_LF,0.4566338709731127,0.6682102127149196,0.3568349065154142,0.3319005743894583,0.5636670221148541,1.0,0.4917918141613474,0.3219359072445309,0.26597605680733133,0.45043974508976653,0.307001415843309,0.4298471862885975,0.2845337117333261,0.2474597184889528
C1_FUT5_GTAA_20,0.5593958886240014,0.7216463361404705,0.31020842067385845,0.23839890389434407,0.11247690631022442,0.4917918141613474,1.0,0.6486412020330657,0.3001858235545553,0.4154389731674655,0.6417528173226467,0.8551752355513389,0.6434174956834122,0.40389349507426175
C3_FUT5_BH_20,0.8491912591469412,0.50390001930922,-0.2939600889094273,-0.2960424531585468,-0.32071502850941,0.3219359072445309,0.6486412020330657,1.0,0.43927051430941183,0.1225053512338227,0.7230805740575181,0.5933333172404729,0.9245447409768724,-0.28798490353054085
P2_RP_LONG_EQ_RATES,0.532561406309804,0.39767457617991564,-0.07865597836744911,-0.2263185223815947,-0.19661433945544565,0.26597605680733133,0.3001858235545553,0.43927051430941183,1.0,0.6608298985364979,0.4702197340000803,0.4076395365754915,0.5463895476605273,-0.09940312502740033
B4_GTAA_FUT_EQ_RATES_FIXED,0.23871212220013122,0.5900384594373034,0.4970787964792302,0.29552189281174557,0.26306659073677124,0.45043974508976653,0.4154389731674655,0.1225053512338227,0.6608298985364979,1.0,0.2873299227840809,0.5093674633303588,0.2237639669262173,0.42522067314332684
REF_ES_10VOL,0.5711688575144834,0.367576446364474,-0.15979310883084444,-0.17858993801426595,-0.16463035808703946,0.307001415843309,0.6417528173226467,0.7230805740575181,0.4702197340000803,0.2873299227840809,1.0,0.6729861850036285,0.7858831661413254,-0.010159040464457501
ETF_S3,0.5326663496353929,0.6637953029533045,0.26389814400718253,0.18593268428031604,0.04354543026939924,0.4298471862885975,0.8551752355513389,0.5933333172404729,0.4076395365754915,0.5093674633303588,0.6729861850036285,1.0,0.704811679907912,0.53169357779048
ETF_BH5,0.794987599439557,0.48236537334174473,-0.2606007144375539,-0.29195732207396685,-0.31203783679576874,0.2845337117333261,0.6434174956834122,0.9245447409768724,0.5463895476605273,0.2237639669262173,0.7858831661413254,0.704811679907912,1.0,-0.22535657344957047
ETF_LS5,-0.21726810741645947,0.330002134029385,0.6657730526483538,0.5982278409677192,0.43073615180873437,0.2474597184889528,0.40389349507426175,-0.28798490353054085,-0.09940312502740033,0.42522067314332684,-0.010159040464457501,0.53169357779048,-0.22535657344957047,1.0
