mix,lag,start,end,n_m,bh_sr,sma10_sr,d_sma10,ci10,median_sma,ci_med,d_mom12,sma10_cagr,bh_cagr,sma10_vol,bh_vol,sma10_mdd,bh_mdd,all_d
US_EQ+INTL+US_10Y+COMMOD+REIT,1,1976-03-31,2024-09-30,583,0.5792831486061647,0.7763132682785086,0.19703011967234385,"[-0.007, 0.393]",0.1914804493458181,"[-0.028, 0.414]",0.172392526852153,0.0943197485573668,0.09835749775137814,0.06545058237445743,0.0988419379606181,-0.12688050701290532,-0.4183696728338562,"{'SMA6': 0.19, 'SMA8': 0.193, 'SMA10': 0.197, 'SMA12': 0.188, 'MOM12': 0.172}"
US_EQ+INTL+US_10Y+COMMOD+REIT,1,2007-01-01,2024-09-30,213,0.4206322097328348,0.6210939150003949,0.20046170526756008,"[-0.203, 0.534]",0.23191654522783406,"[-0.161, 0.597]",0.07201913032943463,0.051836381036701074,0.057630240013865075,0.06462577194502304,0.12180092299913658,-0.1268805070129052,-0.4183696728338563,"{'SMA6': 0.344, 'SMA8': 0.263, 'SMA10': 0.2, 'SMA12': 0.185, 'MOM12': 0.072}"
US_EQ+INTL+US_10Y+COMMOD+REIT,1,2009-01-01,2024-09-30,189,0.66457029209052,0.7564500963143443,0.09187980422382436,"[-0.267, 0.459]",0.12676696126382564,"[-0.265, 0.47]",-0.140119763263852,0.05818198752579207,0.082319219041731,0.06398741714539657,0.11388587462752349,-0.08038618116261398,-0.17812191580251535,"{'SMA6': 0.162, 'SMA8': 0.198, 'SMA10': 0.092, 'SMA12': -0.014, 'MOM12': -0.14}"
US_EQ+INTL+US_10Y+COMMOD+REIT,1,2005-11-30,2024-09-30,227,0.47703848103194857,0.7143383212471296,0.23729984021518102,"[-0.104, 0.553]",0.26269800404274324,"[-0.146, 0.652]",0.10955783328710711,0.06022357490188357,0.06601421999030244,0.06472769429230146,0.11916465231651997,-0.1268805070129052,-0.41836967283385595,"{'SMA6': 0.356, 'SMA8': 0.288, 'SMA10': 0.237, 'SMA12': 0.224, 'MOM12': 0.11}"
US_EQ+INTL+US_10Y+COMMOD+REIT,1,2024-10-31,2026-08-31,23,1.1682309495926662,0.9375214094391631,-0.2307095401535031,"[-0.424, -0.062]",-0.3090006160482082,"[-0.639, -0.113]",-0.40145457006618757,0.10842190182700229,0.1366957853171129,0.06955590830447532,0.07804956881631782,-0.02882502195588299,-0.02882502195588299,"{'SMA6': -0.46, 'SMA8': -0.387, 'SMA10': -0.231, 'SMA12': -0.225, 'MOM12': -0.401}"
US_EQ+COMMOD,1,1927-09-30,2024-09-30,1165,0.4686503557304729,0.6479068266304775,0.17925647090000457,"[0.014, 0.333]",0.181181379510662,"[0.017, 0.356]",0.15071141965336682,0.09367481225613972,0.09143072579767964,0.09561959302358335,0.13859344906116364,-0.30690442010307073,-0.7736098791945585,"{'SMA6': 0.165, 'SMA8': 0.183, 'SMA10': 0.179, 'SMA12': 0.19, 'MOM12': 0.151}"
US_EQ+INTL+US_10Y+COMMOD+REIT,2,1976-04-30,2024-09-30,582,0.5798324591033249,0.6133013753671299,0.03346891626380499,"[-0.154, 0.237]",0.045999686647687554,"[-0.17, 0.259]",0.06861601292923714,0.08528486216497999,0.09844823502363553,0.06970096561172477,0.09892490000871922,-0.164698373991499,-0.41836967283385607,"{'SMA6': 0.055, 'SMA8': 0.037, 'SMA10': 0.033, 'SMA12': 0.075, 'MOM12': 0.069}"
US_EQ+INTL+US_10Y+COMMOD+REIT,2,2007-01-01,2024-09-30,213,0.4206322097328348,0.45826081956287124,0.03762860983003641,"[-0.316, 0.388]",0.064962320804692,"[-0.287, 0.453]",0.06816676601193644,0.04475157570307231,0.057630240013865075,0.07448872892306678,0.12180092299913658,-0.164698373991499,-0.4183696728338563,"{'SMA6': 0.21, 'SMA8': 0.049, 'SMA10': 0.038, 'SMA12': 0.081, 'MOM12': 0.068}"
US_EQ+INTL+US_10Y+COMMOD+REIT,2,2009-01-01,2024-09-30,189,0.66457029209052,0.6308775997038546,-0.03369269238666539,"[-0.387, 0.357]",-0.023445171880384363,"[-0.424, 0.355]",-0.09181419013513059,0.055598003350543435,0.082319219041731,0.07415468230282256,0.11388587462752349,-0.1394364458754166,-0.17812191580251535,"{'SMA6': 0.038, 'SMA8': -0.013, 'SMA10': -0.034, 'SMA12': -0.105, 'MOM12': -0.092}"
US_EQ+INTL+US_10Y+COMMOD+REIT,2,2005-11-30,2024-09-30,227,0.47703848103194857,0.5452576616189038,0.0682191805869552,"[-0.272, 0.395]",0.09250749347629017,"[-0.267, 0.49]",0.10235305982321263,0.05336800266899866,0.06601421999030244,0.07411076585157231,0.11916465231651997,-0.164698373991499,-0.41836967283385595,"{'SMA6': 0.226, 'SMA8': 0.074, 'SMA10': 0.068, 'SMA12': 0.111, 'MOM12': 0.102}"
US_EQ+INTL+US_10Y+COMMOD+REIT,2,2024-10-31,2026-08-31,23,1.1682309495926662,0.8994905262723868,-0.26874042332027936,"[-0.551, 0.028]",-0.33592837601968206,"[-0.697, -0.033]",-0.11820629147946504,0.10897411659115375,0.1366957853171129,0.07336730752510724,0.07804956881631782,-0.02882502195588299,-0.02882502195588299,"{'SMA6': -0.411, 'SMA8': -0.403, 'SMA10': -0.269, 'SMA12': -0.247, 'MOM12': -0.118}"
US_EQ+COMMOD,2,1927-10-31,2024-09-30,1164,0.4687833154927437,0.5819204384023634,0.11313712290961969,"[-0.056, 0.285]",0.08313114446910796,"[-0.063, 0.237]",0.03582002065546902,0.08646138873310627,0.09147846899763379,0.09502847950087423,0.13865206628085158,-0.34651645681560184,-0.7736098791945585,"{'SMA6': 0.026, 'SMA8': 0.063, 'SMA10': 0.113, 'SMA12': 0.103, 'MOM12': 0.036}"
US_EQ+COMMOD,1,1927-09-30,2024-09-30,1165,0.4686503557304729,0.6479068266304775,0.17925647090000457,"[-0.016, 0.378]",0.181181379510662,"[0.02, 0.375]",0.15071141965336682,0.09367481225613972,0.09143072579767964,0.09561959302358335,0.13859344906116364,-0.30690442010307073,-0.7736098791945585,"{'SMA6': 0.165, 'SMA8': 0.183, 'SMA10': 0.179, 'SMA12': 0.19, 'MOM12': 0.151}"
US_EQ+US_10Y+COMMOD,1,1963-04-30,2024-09-30,738,0.5742641887001052,0.7015639499828198,0.12729976128271459,"[-0.066, 0.337]",0.13170236776316974,"[-0.05, 0.317]",0.1397453158840637,0.08713502564532027,0.08939414766277065,0.0598952939566865,0.07901387586956232,-0.07721073160025271,-0.3023346168856791,"{'SMA6': 0.136, 'SMA8': 0.11, 'SMA10': 0.127, 'SMA12': 0.15, 'MOM12': 0.14}"
