asset,signal,is_d_vs_untimed,later_sharpe,later_untimed_sharpe,later_d_vs_untimed,later_max_dd,later_untimed_max_dd
SPY,SMA6,0.216871,0.498325,0.831797,-0.333472,-0.100354,-0.187552
SPY,SMA8,0.226797,0.498325,0.831797,-0.333472,-0.100354,-0.187552
SPY,SMA10,0.0358714,0.498325,0.831797,-0.333472,-0.100354,-0.187552
SPY,SMA12,0.0714131,0.881257,0.831797,0.0494597,-0.100354,-0.187552
SPY,MOM12,-0.00197224,0.831797,0.831797,0,-0.187552,-0.187552
SPY,SMA10_D1,0.063747,0.540152,0.831797,-0.291645,-0.129409,-0.187552
EFA,SMA6,-0.0210831,0.708034,0.737727,-0.0296925,-0.140535,-0.140535
EFA,SMA8,-0.00636008,0.819172,0.737727,0.0814454,-0.140535,-0.140535
EFA,SMA10,0.0147462,0.775859,0.737727,0.0381325,-0.140535,-0.140535
EFA,SMA12,-0.0696706,0.66401,0.737727,-0.0737171,-0.140535,-0.140535
EFA,MOM12,-0.110569,0.66401,0.737727,-0.0737171,-0.140535,-0.140535
EFA,SMA10_D1,0.0359288,0.366842,0.737727,-0.370884,-0.146635,-0.140535
EEM,SMA6,0.152722,0.622374,0.867129,-0.244755,-0.180803,-0.172924
EEM,SMA8,0.095506,0.805479,0.867129,-0.0616496,-0.198456,-0.172924
EEM,SMA10,0.0431201,0.871446,0.867129,0.00431764,-0.173612,-0.172924
EEM,SMA12,-0.0328815,0.867129,0.867129,0,-0.172924,-0.172924
EEM,MOM12,0.0111319,0.867129,0.867129,0,-0.172924,-0.172924
EEM,SMA10_D1,-0.0535543,0.528479,0.867129,-0.33865,-0.204411,-0.172924
IEF,SMA6,0.0947567,-0.645935,-0.84658,0.200644,-0.0483111,-0.0672147
IEF,SMA8,-0.0121212,-0.578549,-0.84658,0.268031,-0.045734,-0.0672147
IEF,SMA10,-0.00110548,-0.672724,-0.84658,0.173856,-0.045734,-0.0672147
IEF,SMA12,0.0769759,-0.5583,-0.84658,0.28828,-0.045734,-0.0672147
IEF,MOM12,0.184783,-0.850179,-0.84658,-0.00359891,-0.0504034,-0.0672147
IEF,SMA10_D1,-0.082712,-0.800206,-0.84658,0.0463739,-0.0500042,-0.0672147
TLT,SMA6,0.136437,-1.63507,-0.907169,-0.7279,-0.153797,-0.125075
TLT,SMA8,-0.0468746,-1.42178,-0.907169,-0.51461,-0.128062,-0.125075
TLT,SMA10,0.0195957,-0.923148,-0.907169,-0.0159782,-0.102424,-0.125075
TLT,SMA12,0.00805618,-1.16745,-0.907169,-0.260278,-0.128681,-0.125075
TLT,MOM12,0.0493697,-1.15013,-0.907169,-0.242956,-0.125778,-0.125075
TLT,SMA10_D1,-0.0141535,-1.74546,-0.907169,-0.838292,-0.153166,-0.125075
LQD,SMA6,0.0890389,-0.621982,-0.672758,0.0507759,-0.0582744,-0.0601272
LQD,SMA8,0.0433992,-0.621982,-0.672758,0.0507759,-0.0582744,-0.0601272
LQD,SMA10,0.0857353,-0.396542,-0.672758,0.276217,-0.0527526,-0.0601272
LQD,SMA12,0.00704259,-0.396542,-0.672758,0.276217,-0.0527526,-0.0601272
LQD,MOM12,0.137819,-0.769022,-0.672758,-0.0962643,-0.0448982,-0.0601272
LQD,SMA10_D1,0.140073,-1.1128,-0.672758,-0.440046,-0.0891401,-0.0601272
TIP,SMA6,0.11411,-1.00085,-0.804094,-0.196751,-0.0365784,-0.0392642
TIP,SMA8,0.079601,-0.79541,-0.804094,0.00868362,-0.0318271,-0.0392642
TIP,SMA10,0.0668532,-0.631471,-0.804094,0.172623,-0.0318271,-0.0392642
TIP,SMA12,0.0905073,-0.427596,-0.804094,0.376498,-0.031669,-0.0392642
TIP,MOM12,-0.0638301,-0.930425,-0.804094,-0.126331,-0.0365784,-0.0392642
TIP,SMA10_D1,-0.00670069,-0.581651,-0.804094,0.222442,-0.031669,-0.0392642
VNQ,SMA6,-0.0339538,-1.11715,-0.16452,-0.952634,-0.184739,-0.174548
VNQ,SMA8,-0.162379,-0.90082,-0.16452,-0.7363,-0.155599,-0.174548
VNQ,SMA10,-0.0615747,-0.58739,-0.16452,-0.42287,-0.123958,-0.174548
VNQ,SMA12,-0.0656335,-0.374184,-0.16452,-0.209663,-0.174548,-0.174548
VNQ,MOM12,-0.105475,-0.578964,-0.16452,-0.414444,-0.178695,-0.174548
VNQ,SMA10_D1,-0.0714928,-0.910656,-0.16452,-0.746136,-0.22169,-0.174548
GLD,SMA6,-0.0124325,1.09789,0.862535,0.235359,-0.192095,-0.264045
GLD,SMA8,0.0727016,1.13715,0.862535,0.27461,-0.192095,-0.264045
GLD,SMA10,-0.0903842,0.876379,0.862535,0.0138445,-0.262109,-0.264045
GLD,SMA12,-0.0682706,0.763704,0.862535,-0.0988305,-0.285641,-0.264045
GLD,MOM12,-0.0653522,0.862535,0.862535,0,-0.264045,-0.264045
GLD,SMA10_D1,-0.0245248,0.977668,0.862535,0.115133,-0.216152,-0.264045
DBC,SMA6,0.0837272,0.789665,1.06883,-0.279164,-0.18915,-0.165352
DBC,SMA8,0.149151,0.998852,1.06883,-0.0699769,-0.165352,-0.165352
DBC,SMA10,0.119159,0.998852,1.06883,-0.0699769,-0.165352,-0.165352
DBC,SMA12,0.208427,0.998852,1.06883,-0.0699769,-0.165352,-0.165352
DBC,MOM12,0.0712868,1.31951,1.06883,0.250684,-0.165352,-0.165352
DBC,SMA10_D1,0.146517,0.930733,1.06883,-0.138096,-0.165352,-0.165352
