,median_timed_minus_untimed,q25,q75,frac_positive,S3_minus_BH5
2007,0.0122544,0.000789824,0.0230081,0.763889,0.0233069
2008,0.253224,0.18728,0.333859,1,0.212447
2009,-0.102234,-0.15833,-0.0695764,0.0555556,-0.0855357
2010,-0.0808731,-0.109637,-0.0424841,0,-0.120633
2011,0.00383514,-0.012247,0.0467781,0.513889,-0.0289651
2012,-0.0817713,-0.112651,-0.0534939,0,-0.120249
2013,-0.0090627,-0.0308833,0.00837006,0.333333,-0.000993101
2014,0.0195872,-0.00891125,0.0340502,0.597222,0.0504113
2015,0.00274889,-0.0202092,0.0215745,0.527778,0.0152609
2016,-0.0484287,-0.0709288,-0.0316781,0,-0.0483487
2017,-0.0178597,-0.0282151,-0.00964977,0.0416667,-0.0245007
2018,0.0389538,0.0233393,0.0533069,0.972222,0.0498784
2019,-0.0988972,-0.149076,-0.0700878,0,-0.135493
2020,-0.0238992,-0.0553613,-0.00963489,0.208333,-0.0294124
2021,-0.0148939,-0.0221134,-0.00559938,0.0694444,-0.00459128
2022,0.040158,0.000666677,0.110558,0.75,0.0663011
2023,-0.0525339,-0.0664166,-0.035267,0,-0.062319
2024,-0.0164342,-0.0222276,-0.0124487,0,-0.0202145
