feature,level,n,mean,sd,p10,median,p90,features
zA,answer,1226,-0.018568779741853787,1.2012548872062698,-1.5402542456255035,-0.031204790504241443,1.5226536424767074,PLACEBO FEATURES (synthetic; not a result)
zA,meeting,48,-0.031361541032710334,0.8939938245276422,-1.1574653022186847,0.03192308640304782,0.9838031640628163,PLACEBO FEATURES (synthetic; not a result)
zD,answer,1226,-0.015417073349142517,1.1263851663962723,-1.3825056549145351,-0.05974018937704665,1.4362209406144968,PLACEBO FEATURES (synthetic; not a result)
zD,meeting,48,-0.014489895687870477,0.9302150044450406,-1.2594143357912677,-0.08006884294961358,1.3461785835698847,PLACEBO FEATURES (synthetic; not a result)
zVres,answer,1105,-0.11598806358071842,0.9786376629936858,-1.302174432836957,-0.13660569831300703,1.1342446582416814,PLACEBO FEATURES (synthetic; not a result)
zVres,meeting,44,-0.1091905149758941,0.7336859609119031,-0.7677386948958258,-0.23012173139236614,0.7619942868663984,PLACEBO FEATURES (synthetic; not a result)
U,answer,1262,0.16596689299560907,0.566296362732765,-0.5411118296988102,0.19968954983745507,0.8767203337801177,PLACEBO FEATURES (synthetic; not a result)
U,meeting,48,0.15548135150427525,0.35281787089224326,-0.27781168582396654,0.1849782410419618,0.5545271090041538,PLACEBO FEATURES (synthetic; not a result)
Unr,answer,1249,0.1806791905870429,0.5612100189299584,-0.5133442090086955,0.1887368111940461,0.9013510130461297,PLACEBO FEATURES (synthetic; not a result)
Unr,meeting,48,0.1717610801063615,0.3514793397123442,-0.28649893879432703,0.2024626531330054,0.5919423302275527,PLACEBO FEATURES (synthetic; not a result)
M,answer,1363,0.5842189231900444,0.08735620350642682,0.4838709677419355,0.5833333333333334,0.6895019157088123,PLACEBO FEATURES (synthetic; not a result)
M,meeting,52,0.5842684090556047,0.017123572162740186,0.5651670423557908,0.5830055096677182,0.6066852500340426,PLACEBO FEATURES (synthetic; not a result)
zBD,answer,1262,0.06943063859770748,1.0764862030159363,-1.3409118667420856,0.09029427821004343,1.4384932352761948,PLACEBO FEATURES (synthetic; not a result)
zBD,meeting,48,0.049762914802044256,0.722356418613024,-0.8071227057691925,0.10453694240549667,0.8762098111775796,PLACEBO FEATURES (synthetic; not a result)
zBI,answer,1262,0.2263641246660782,0.9594917726773221,-0.9755170756839635,0.21228834064240532,1.4472552192316794,PLACEBO FEATURES (synthetic; not a result)
zBI,meeting,48,0.21158916245949863,0.5879876346496387,-0.4808065777145901,0.24118448609843918,0.9028169051943981,PLACEBO FEATURES (synthetic; not a result)
zES,answer,1262,0.2021059157230415,0.9318480035480533,-1.003167214319526,0.2095391019524188,1.3571992900162946,PLACEBO FEATURES (synthetic; not a result)
zES,meeting,48,0.2050919772512829,0.5380982693341482,-0.5227419741997474,0.27735974613621717,0.7470274434736798,PLACEBO FEATURES (synthetic; not a result)
zBOU,answer,1262,-0.08783924653969678,1.057425965574557,-1.4566383551412019,-0.11105673101300358,1.3242816476001893,PLACEBO FEATURES (synthetic; not a result)
zBOU,meeting,48,-0.10696878096463591,0.6902352580819447,-0.995557870797029,-0.010050333648372073,0.7917436882893433,PLACEBO FEATURES (synthetic; not a result)
zEW,answer,1262,-0.1477663159097655,0.9164126585285572,-1.3136431571033618,-0.20172815674045758,1.0627181666554195,PLACEBO FEATURES (synthetic; not a result)
zEW,meeting,48,-0.1383378288118817,0.5852545658170485,-0.8661247706230134,-0.20725759541358735,0.6000777895009228,PLACEBO FEATURES (synthetic; not a result)
zCS,answer,1262,0.39603396560514376,1.0537325517558649,-0.9265369706663369,0.31022063576814957,1.759823907659223,PLACEBO FEATURES (synthetic; not a result)
zCS,meeting,48,0.4005602429606212,0.6748070063449315,-0.4663175819944396,0.4485941153645842,1.3153862257406364,PLACEBO FEATURES (synthetic; not a result)
zNEG,answer,1202,-0.03962530316000675,1.1504323371312732,-1.4695912137741935,-0.04901725259086767,1.344731948374713,PLACEBO FEATURES (synthetic; not a result)
zNEG,meeting,48,-0.04627518907256476,0.24038541064027705,-0.3308216946870667,-0.0649700334408112,0.25612150587788385,PLACEBO FEATURES (synthetic; not a result)
zEXV,answer,1202,-0.03486001870818781,1.0721272594130375,-1.332965132068692,-0.03133337345857572,1.2945011412196865,PLACEBO FEATURES (synthetic; not a result)
zEXV,meeting,48,-0.034310608620384396,0.18814176292048163,-0.3150451163842785,-0.014302497087201365,0.17370540485071734,PLACEBO FEATURES (synthetic; not a result)
zEXA,answer,1202,-0.015377416959635081,1.1856389339692088,-1.4740838988193163,-0.029205328255727216,1.4410864782661545,PLACEBO FEATURES (synthetic; not a result)
zEXA,meeting,48,-0.030714149062102913,0.24851985832712684,-0.3018138235885151,-0.0662884258181051,0.277690716073978,PLACEBO FEATURES (synthetic; not a result)
