series,sample,k,part,n,mean_bp,sd_bp,t_nw,other_n,other_mean_bp,other_sd_bp,diff_bp,diff_t_welch
ZN_long,IS,-5.0,day_09_16,172,-1.952180459131514,21.186157793603893,-1.2450704511985322,2229,-0.6302312082536645,23.97154875397775,-1.3219492508778494,-0.7806740826513775
ZN_long,IS,-5.0,night_16_09,172,1.3084388070199517,20.84325744620239,0.8650635399088308,2230,-0.23981969644372383,25.60630232558592,1.5482585034636756,0.9219990258961517
ZN_long,IS,-4.0,day_09_16,172,2.204803493394162,21.591587585551647,1.4054376983883408,2229,-0.6302312082536645,23.97154875397775,2.8350347016478263,1.6455401850546636
ZN_long,IS,-4.0,night_16_09,172,1.067634552051585,23.80432604764077,0.6352170876548341,2230,-0.23981969644372383,25.60630232558592,1.307454248495309,0.6901939682085045
ZN_long,IS,-3.0,day_09_16,172,0.09511268770764195,22.80557098105491,0.053864403697157545,2229,-0.6302312082536645,23.97154875397775,0.7253438959613064,0.4004063814114679
ZN_long,IS,-3.0,night_16_09,172,-1.4942604722097421,19.324003621768284,-1.000259369191121,2230,-0.23981969644372383,25.60630232558592,-1.2544407757660183,-0.7989812778423112
ZN_long,IS,-2.0,day_09_16,172,5.174906577374642,25.40393990994294,2.921065168511897,2229,-0.6302312082536645,23.97154875397775,5.805137785628307,2.898985967429056
ZN_long,IS,-2.0,night_16_09,172,2.6356644053091403,21.877776282772547,1.5553575400335156,2230,-0.23981969644372383,25.60630232558592,2.875484101752864,1.6393104254749151
ZN_long,IS,-1.0,day_09_16,172,4.450103910169516,19.152715878312264,2.942558283216744,2229,-0.6302312082536645,23.97154875397775,5.08033511842318,3.2858437454633354
ZN_long,IS,-1.0,night_16_09,172,-0.44955133632997685,22.294687480130005,-0.2612731859824399,2230,-0.23981969644372383,25.60630232558592,-0.209731639886253,-0.11754013231018443
ZN_long,IS,0.0,day_09_16,171,3.18182731573381,22.004583464369585,1.980598473141249,2229,-0.6302312082536645,23.97154875397775,3.8120585239874742,2.1688189795312254
ZN_long,IS,0.0,night_16_09,172,2.3648242696549824,22.153684681606087,1.4279872776918596,2230,-0.23981969644372383,25.60630232558592,2.604643966098706,1.4681488099848143
ZN_long,IS,1.0,day_09_16,172,3.5550494852614523,29.34366674016834,1.636531877734625,2229,-0.6302312082536645,23.97154875397775,4.185280693515117,1.824191450475266
ZN_long,IS,1.0,night_16_09,172,-3.930459485458085,26.339676024905458,-1.8295604781854031,2230,-0.23981969644372383,25.60630232558592,-3.6906397890143614,-1.774095061040806
ZN_long,IS,2.0,day_09_16,172,0.24573162536079504,28.04317340058636,0.11694340084352255,2229,-0.6302312082536645,23.97154875397775,0.8759628336144596,0.39857662798386895
ZN_long,IS,2.0,night_16_09,172,1.1576159217065791,25.45624028658911,0.5976833017759865,2230,-0.23981969644372383,25.60630232558592,1.397435618150303,0.693400123874408
ZN_long,IS,-5.0,full_16_16,172,-0.6437416521115625,28.56388482541936,-0.3182993765313149,2230,-0.8697682898057949,34.545135736625156,0.22602663769423237,0.09837738907742546
ZN_long,IS,-4.0,full_16_16,172,3.272438045445747,31.823997769980103,1.4968612162769703,2230,-0.8697682898057949,34.545135736625156,4.142206335251542,1.6343757519992004
ZN_long,IS,-3.0,full_16_16,172,-1.3991477845020999,30.458040398938675,-0.5959827878747557,2230,-0.8697682898057949,34.545135736625156,-0.529379494696305,-0.21741391112375735
ZN_long,IS,-2.0,full_16_16,172,7.810570982683783,35.3528485507444,2.8123740962057076,2230,-0.8697682898057949,34.545135736625156,8.680339272489578,3.1077492905409763
ZN_long,IS,-1.0,full_16_16,172,4.000552573839538,29.911087999669203,1.721485907880964,2230,-0.8697682898057949,34.545135736625156,4.8703208636453335,2.033411907785027
ZN_long,IS,0.0,full_16_16,172,5.528152589367084,29.109261735689454,2.796615892870479,2230,-0.8697682898057949,34.545135736625156,6.397920879172879,2.737658721733029
ZN_long,IS,1.0,full_16_16,172,-0.3754100001966334,39.31484272058237,-0.1275511424627346,2230,-0.8697682898057949,34.545135736625156,0.4943582896091615,0.1602096614015611
ZN_long,IS,2.0,full_16_16,172,1.4033475470673737,38.28000077994568,0.5061169909912444,2230,-0.8697682898057949,34.545135736625156,2.2731158368731688,0.7554144824961959
ZN_long,later,-5.0,day_09_16,24,0.9501658408298438,26.49787761199869,0.20086406645830018,309,-3.2718057710113144,20.99387584978622,4.221971611841158,0.7622069334374227
ZN_long,later,-5.0,night_16_09,24,-0.14822251204656567,19.13597706038947,-0.045221475803688314,309,-1.4770372972008021,24.682994054098067,1.3288147851542365,0.32013204832295195
ZN_long,later,-4.0,day_09_16,24,5.078338726427998,19.917010053505813,1.3738902843333431,309,-3.2718057710113144,20.99387584978622,8.350144497439313,1.9706133305433902
ZN_long,later,-4.0,night_16_09,24,10.700846466040376,19.690151175122562,2.9861800890038728,309,-1.4770372972008021,24.682994054098067,12.177883763241178,2.8603659985695877
ZN_long,later,-3.0,day_09_16,24,6.371891018088817,15.983522740024853,1.7817429238395406,309,-3.2718057710113144,20.99387584978622,9.643696789100131,2.7756891911012764
ZN_long,later,-3.0,night_16_09,24,0.8523492668367773,24.338829334102005,0.225076498755168,309,-1.4770372972008021,24.682994054098067,2.3293865640375793,0.4511898751131228
ZN_long,later,-2.0,day_09_16,24,4.009076654094973,23.18516814790456,0.9331622576430697,309,-3.2718057710113144,20.99387584978622,7.280882425106288,1.4916724179356158
ZN_long,later,-2.0,night_16_09,24,-5.794818636531048,14.413496865898514,-1.777567973713979,309,-1.4770372972008021,24.682994054098067,-4.317781339330246,-1.324454900736201
ZN_long,later,-1.0,day_09_16,24,4.488294510906858,18.35002830158431,1.1801551382949644,309,-3.2718057710113144,20.99387584978622,7.760100281918172,1.973839154761281
ZN_long,later,-1.0,night_16_09,24,2.7103799566249402,19.155627586124496,0.6445800445428392,309,-1.4770372972008021,24.682994054098067,4.187417253825743,1.0078970166348251
ZN_long,later,0.0,day_09_16,24,-1.425585915100086,16.098909029620522,-0.38990031161825406,309,-3.2718057710113144,20.99387584978622,1.8462198559112284,0.5280238786195244
ZN_long,later,0.0,night_16_09,24,2.7598728371642607,15.480384540287831,0.8316740880062699,309,-1.4770372972008021,24.682994054098067,4.236910134365063,1.2252991766551304
ZN_long,later,1.0,day_09_16,24,-3.269834431183042,28.658880083242963,-0.6383171677575347,309,-3.2718057710113144,20.99387584978622,0.001971339828272356,0.00033017250264876126
ZN_long,later,1.0,night_16_09,24,-1.8202214607201945,26.379018296074435,-0.5885699849624659,309,-1.4770372972008021,24.682994054098067,-0.3431841635193924,-0.06167198049049356
ZN_long,later,2.0,day_09_16,24,-2.695670786673858,28.49288829778982,-0.44618306214351544,309,-3.2718057710113144,20.99387584978622,0.5761349843374566,0.09703421322181152
ZN_long,later,2.0,night_16_09,24,1.7195670549114326,23.74944552981562,0.34939303082666806,309,-1.4770372972008021,24.682994054098067,3.1966043521122347,0.633355019253504
ZN_long,later,-5.0,full_16_16,24,0.8019433287832776,32.29770221229522,0.1441317419353109,309,-4.748843068212117,31.046642678171317,5.550786396995394,0.8132758024806634
ZN_long,later,-4.0,full_16_16,24,15.779185192468375,25.64024763445117,2.9623717762242907,309,-4.748843068212117,31.046642678171317,20.528028260680493,3.7163100722017064
ZN_long,later,-3.0,full_16_16,24,7.224240284925595,32.404513384309354,1.2110987766068517,309,-4.748843068212117,31.046642678171317,11.973083353137712,1.7488444597055877
ZN_long,later,-2.0,full_16_16,24,-1.7857419824360754,25.616469176689456,-0.34283081582363323,309,-4.748843068212117,31.046642678171317,2.9631010857760414,0.5368746398887504
ZN_long,later,-1.0,full_16_16,24,7.198674467531798,29.404746923733146,1.2739391577411538,309,-4.748843068212117,31.046642678171317,11.947517535743915,1.9095622462954511
ZN_long,later,0.0,full_16_16,24,1.3342869220641747,23.22658600084815,0.23867746003460397,309,-4.748843068212117,31.046642678171317,6.083129990276292,1.2023429835944714
ZN_long,later,1.0,full_16_16,24,-5.090055891903236,35.14476189177729,-0.8268103692218542,309,-4.748843068212117,31.046642678171317,-0.3412128236911194,-0.046184051472955574
ZN_long,later,2.0,full_16_16,24,-0.9761037317624252,24.6349888907006,-0.18721627560938667,309,-4.748843068212117,31.046642678171317,3.7727393364496917,0.707864953231551
ES_long,IS,-5.0,day_09_16,171,-4.496469956464951,81.68113060465407,-0.7621611640926038,2228,3.026921108095158,84.00616602847921,-7.5233910645601085,-1.1583519852991415
ES_long,IS,-5.0,night_16_09,172,3.381029203934472,70.34845076634889,0.6156967426566069,2229,2.367513905831005,67.04075019274659,1.0135152981034667,0.18265522569026338
ES_long,IS,-4.0,day_09_16,171,-1.1594858015011626,72.8229077898544,-0.20283728439384247,2228,3.026921108095158,84.00616602847921,-4.186406909596321,-0.7160682569740461
ES_long,IS,-4.0,night_16_09,171,-4.023508760189854,61.96895533093912,-0.8905950469848881,2229,2.367513905831005,67.04075019274659,-6.391022666020859,-1.2918834832283452
ES_long,IS,-3.0,day_09_16,171,0.09312904501035846,98.28057989700736,0.012796641195080205,2228,3.026921108095158,84.00616602847921,-2.9337920630847996,-0.37985017581033836
ES_long,IS,-3.0,night_16_09,171,13.421626318510606,54.86913706083774,3.1942020168476484,2229,2.367513905831005,67.04075019274659,11.0541124126796,2.4954479975298556
ES_long,IS,-2.0,day_09_16,172,3.383373384141712,87.81328645208502,0.598762822541199,2228,3.026921108095158,84.00616602847921,0.35645227604655405,0.05144954354811868
ES_long,IS,-2.0,night_16_09,172,6.276585262957782,66.07323904946007,1.3711976583343686,2229,2.367513905831005,67.04075019274659,3.9090713571267766,0.7468145346130647
ES_long,IS,-1.0,day_09_16,172,8.119156139421197,73.75390861461136,1.5201478371566581,2228,3.026921108095158,84.00616602847921,5.092235031326039,0.863298544794214
ES_long,IS,-1.0,night_16_09,172,6.326207220955027,51.52802726329508,1.648751292081954,2229,2.367513905831005,67.04075019274659,3.958693315124022,0.9475764707231688
ES_long,IS,0.0,day_09_16,171,-4.815801542101563,77.11202988726752,-0.8740164922739097,2228,3.026921108095158,84.00616602847921,-7.8427226501967215,-1.2732479278367073
ES_long,IS,0.0,night_16_09,172,-0.4350441057829142,58.49075906104,-0.09455265253895191,2229,2.367513905831005,67.04075019274659,-2.802558011613919,-0.5987760164881394
ES_long,IS,1.0,day_09_16,172,0.7443623575329685,87.01275498139209,0.10978804112626202,2228,3.026921108095158,84.00616602847921,-2.282558750562189,-0.3322880300450083
ES_long,IS,1.0,night_16_09,172,12.633022749307212,70.98321232394449,2.0470736367897486,2229,2.367513905831005,67.04075019274659,10.265508843476207,1.834570945976596
ES_long,IS,2.0,day_09_16,172,8.002769832519583,83.5674515257792,1.3630022482354325,2228,3.026921108095158,84.00616602847921,4.975848724424425,0.7521118671454744
ES_long,IS,2.0,night_16_09,172,-3.1723205025114245,56.70393852358918,-0.8314553428336554,2229,2.367513905831005,67.04075019274659,-5.539834408342429,-1.2173203740235343
ES_long,IS,-5.0,full_16_16,172,-1.0892984853417296,119.59948513553762,-0.12693707843849994,2229,5.3930770412442,111.00658832063158,-6.48237552658593,-0.6883253964774942
ES_long,IS,-4.0,full_16_16,171,-5.182994561691016,98.10662898351956,-0.7513335298194035,2229,5.3930770412442,111.00658832063158,-10.576071602935215,-1.3451787410153104
ES_long,IS,-3.0,full_16_16,171,13.514755363520965,108.60774730881352,1.6016179332698752,2229,5.3930770412442,111.00658832063158,8.121678322276765,0.9408979914632247
ES_long,IS,-2.0,full_16_16,172,9.659958647099495,106.9945444880403,1.348911471081124,2229,5.3930770412442,111.00658832063158,4.266881605855295,0.5025588172542136
ES_long,IS,-1.0,full_16_16,172,14.445363360376222,96.86285127005635,2.0173914312068453,2229,5.3930770412442,111.00658832063158,9.052286319132023,1.1678944844404326
ES_long,IS,0.0,full_16_16,172,-5.222846801709468,98.36915458835225,-0.7419880822950168,2229,5.3930770412442,111.00658832063158,-10.615923842953668,-1.350546509913564
ES_long,IS,1.0,full_16_16,172,13.377385106840181,114.33950832228105,1.470163541757856,2229,5.3930770412442,111.00658832063158,7.9843080655959815,0.8842186031783144
ES_long,IS,2.0,full_16_16,172,4.830449330008158,101.45350887728158,0.6845462582846285,2229,5.3930770412442,111.00658832063158,-0.5626277112360416,-0.06958750088537949
ES_long,later,-5.0,day_09_16,24,-6.054257088263376,92.61002514443241,-0.36512657876064103,309,-0.3974052931154005,94.10838855881636,-5.6568517951479755,-0.28791853595119543
ES_long,later,-5.0,night_16_09,24,14.104045062012792,78.3475863463967,0.7486847568294122,309,3.384020092473939,64.79747703683631,10.720024969538853,0.653183734432097
ES_long,later,-4.0,day_09_16,24,13.246045040741734,63.39249130828307,1.042835432753569,309,-0.3974052931154005,94.10838855881636,13.643450333857135,0.9742750851707751
ES_long,later,-4.0,night_16_09,24,8.806610143741642,67.42485517398187,0.7475641025351356,309,3.384020092473939,64.79747703683631,5.4225900512677025,0.38058243281955706
ES_long,later,-3.0,day_09_16,24,5.105960957857657,56.43693733183482,0.6074481495056423,309,-0.3974052931154005,94.10838855881636,5.503366250973057,0.4332216321455371
ES_long,later,-3.0,night_16_09,24,15.622109119245765,45.083676177412045,1.8833710679175237,309,3.384020092473939,64.79747703683631,12.238089026771826,1.2344893323467157
ES_long,later,-2.0,day_09_16,24,-12.429015795917124,54.59042145739974,-1.3807098518589176,309,-0.3974052931154005,94.10838855881636,-12.031610502801723,-0.9732297459373542
ES_long,later,-2.0,night_16_09,24,-2.4853983912421125,30.678447760566527,-0.4809022336241648,309,3.384020092473939,64.79747703683631,-5.869418483716052,-0.8077263862018124
ES_long,later,-1.0,day_09_16,24,-18.257402518868464,67.23375768980226,-1.3236942454311647,309,-0.3974052931154005,94.10838855881636,-17.859997225753062,-1.2123861607650197
ES_long,later,-1.0,night_16_09,24,12.720658723625322,50.23815172603499,1.3785907862035494,309,3.384020092473939,64.79747703683631,9.336638631151382,0.8567908975906117
ES_long,later,0.0,day_09_16,24,12.859494722937589,84.36798275058766,0.6795201080294394,309,-0.3974052931154005,94.10838855881636,13.25690001605299,0.735085775990671
ES_long,later,0.0,night_16_09,24,-0.015698925497630817,56.82160298411837,-0.0013279215643538836,309,3.384020092473939,64.79747703683631,-3.39971901797157,-0.27934477913957667
ES_long,later,1.0,day_09_16,24,11.737272176123811,71.05465496223509,0.9958353002374006,309,-0.3974052931154005,94.10838855881636,12.134677469239213,0.7848833269453586
ES_long,later,1.0,night_16_09,24,-11.988001114147755,67.35999057010397,-0.9936348924877901,309,3.384020092473939,64.79747703683631,-15.372021206621694,-1.079848777615591
ES_long,later,2.0,day_09_16,24,32.10192286087816,68.59217318685738,2.9582003352824247,309,-0.3974052931154005,94.10838855881636,32.49932815399356,2.1680755609805966
ES_long,later,2.0,night_16_09,24,-7.344649468987072,69.4101899650054,-0.512034632663357,309,3.384020092473939,64.79747703683631,-10.728669561461011,-0.7328342085064407
ES_long,later,-5.0,full_16_16,24,8.049787973749423,91.3405540082264,0.47884216200627455,309,2.98661479935854,112.11789936350941,5.063173174390883,0.2569410447423441
ES_long,later,-4.0,full_16_16,24,22.05265518448338,76.3079709833859,1.8589320539072447,309,2.98661479935854,112.11789936350941,19.06604038512484,1.1327540524940756
ES_long,later,-3.0,full_16_16,24,20.728070077103425,76.07826174263275,1.7619204709241465,309,2.98661479935854,112.11789936350941,17.741455277744883,1.0567814512486844
ES_long,later,-2.0,full_16_16,24,-14.914414187159238,70.50390345406107,-1.2424136118597335,309,2.98661479935854,112.11789936350941,-17.90102898651778,-1.1371804656049274
ES_long,later,-1.0,full_16_16,24,-5.536743795243143,85.94943094333114,-0.28424865248179243,309,2.98661479935854,112.11789936350941,-8.523358594601683,-0.45658170110747487
ES_long,later,0.0,full_16_16,24,12.84379579743996,90.73853386545818,0.7336501632015675,309,2.98661479935854,112.11789936350941,9.85718099808142,0.5031907637518267
ES_long,later,1.0,full_16_16,24,-0.25072893802394197,72.03213080309176,-0.016792965891236557,309,2.98661479935854,112.11789936350941,-3.2373437373824823,-0.20198954990244464
ES_long,later,2.0,full_16_16,24,24.75727339189109,80.20126023463943,1.5135966814160549,309,2.98661479935854,112.11789936350941,21.77065859253255,1.2391090629300143
