series,window,basis,start,end,n_days,ann_return_arith,ann_return_geo,ann_total_return_geo,ann_vol,sharpe,max_drawdown,hit_rate,turnover_per_year,nw_t,fed_sleeve_turnover_per_year
T4xE1,selection,net_1x,2016-01-04,2020-12-31,1304,0.005173044855516004,-0.0011282526818670036,0.02436262852027893,0.1123176183615227,0.046057287636435185,-0.3241087808529841,0.4938650306748466,25.685008240567218,0.10918968603533824,
T4xE1,selection,net_2x,2016-01-04,2020-12-31,1304,0.00013304485551602407,-0.0061500988935400125,0.019213140129371364,0.1123176183615227,0.0011845412808503962,-0.33629108057437207,0.4915644171779141,25.685008240567218,0.002808235073956757,
T4xE1,selection,gross,2016-01-04,2020-12-31,1304,0.010213044855515947,0.003918867321872188,0.02953803049878534,0.1123176183615227,0.09093003399201963,-0.3117031269478465,0.4946319018404908,25.685008240567218,0.21557113699671893,
T4xE1,validation,net_1x,2021-01-01,2024-10-02,979,0.04809422948569249,0.042749857626754206,0.06935588947766846,0.11170007217626557,0.430565787010402,-0.19628825718013443,0.5107252298263534,25.390959661286384,0.8666655721836592,
T4xE1,validation,net_2x,2021-01-01,2024-10-02,979,0.04305422948569255,0.03750830696511631,0.06398113537587968,0.11170007217626557,0.38544495672081464,-0.20159492154069125,0.5097037793667007,25.390959661286384,0.7758439802688742,
T4xE1,validation,gross,2021-01-01,2024-10-02,979,0.05313422948569246,0.04801778328332107,0.0747576861308974,0.11170007217626557,0.4756866172999897,-0.19094642891291547,0.5107252298263534,25.390959661286384,0.9574871640984448,
T4xE1,full_is,net_1x,2016-01-04,2024-10-02,2283,0.023578581321982404,0.017456865904387664,0.04342010668848606,0.11203669702077136,0.21045409181967392,-0.3861382924298292,0.5010950503723172,25.55891382133115,0.6545830177136539,
T4xE1,full_is,net_2x,2016-01-04,2024-10-02,2283,0.018538581321982436,0.012341956549225985,0.038175199378588376,0.11203669702077136,0.1654688313289477,-0.4018395548784921,0.49934296977660975,25.55891382133115,0.5146637255295634,
T4xE1,full_is,gross,2016-01-04,2024-10-02,2283,0.028618581321982365,0.02259751552594147,0.04869140582056963,0.11203669702077136,0.25543935231040005,-0.3700252102387619,0.501533070521244,25.55891382133115,0.7945023098977443,
T4xE1,oos,net_1x,2024-10-03,2026-10-02,522,0.09227810563915041,0.09011429153247374,0.11792384667772815,0.10952681691331038,0.842516090942256,-0.11090409666980205,0.5,26.393291691809527,1.1973177436523876,
T4xE1,oos,net_2x,2024-10-03,2026-10-02,522,0.08723810563915044,0.08463562476554354,0.11230597563129718,0.10952681691331038,0.796499963184347,-0.11395951931560855,0.5,26.393291691809527,1.1319232344542296,
T4xE1,oos,gross,2024-10-03,2026-10-02,522,0.09731810563915036,0.09562052154176781,0.12356997847262474,0.10952681691331038,0.8885322187001645,-0.10783819917286486,0.5,26.393291691809527,1.262712252850545,
VariantA_frozen(T0fxE1),selection,net_1x,2016-01-04,2020-12-31,1304,0.13791858393175033,0.14099587071565245,0.17009811472565461,0.10946475502772374,1.2599359848457177,-0.0987116720237784,0.526840490797546,25.50339916751611,2.734492961855966,
VariantA_frozen(T0fxE1),selection,net_2x,2016-01-04,2020-12-31,1304,0.13287858393175037,0.13526251999614902,0.16421911530707178,0.10946475502772374,1.2138937678899175,-0.09923190404538962,0.5253067484662577,25.50339916751611,2.6345655689342555,
VariantA_frozen(T0fxE1),selection,gross,2016-01-04,2020-12-31,1304,0.1429585839317503,0.14675806076183928,0.17600668313543966,0.10946475502772374,1.3059782018015176,-0.09822296424694299,0.526840490797546,25.50339916751611,2.8344203547776767,
VariantA_frozen(T0fxE1),validation,net_1x,2021-01-01,2024-10-02,979,-0.04156374821543335,-0.04657159337264882,-0.02223587597648946,0.1107054339910914,-0.3754445171930589,-0.2815412369244431,0.4974463738508682,25.515933772667182,-0.7863562840234414,
VariantA_frozen(T0fxE1),validation,net_2x,2021-01-01,2024-10-02,979,-0.046603748215433304,-0.05136585251599979,-0.027152015346314173,0.1107054339910914,-0.4209707377072707,-0.28742768957057907,0.4964249233912155,25.515933772667182,-0.8817094665837786,
VariantA_frozen(T0fxE1),validation,gross,2021-01-01,2024-10-02,979,-0.03652374821543342,-0.04175320137744398,-0.017294992727835523,0.1107054339910914,-0.3299182966788472,-0.27560627647337577,0.4974463738508682,25.515933772667182,-0.6910031014631046,
VariantA_frozen(T0fxE1),full_is,net_1x,2016-01-04,2024-10-02,2283,0.060952660509896256,0.05642263924309865,0.08337610626799652,0.11011664185686887,0.5535281450838591,-0.28154123692444477,0.5142356548401227,25.508774278529206,1.6403741074718585,
VariantA_frozen(T0fxE1),full_is,net_2x,2016-01-04,2024-10-02,2283,0.05591266050989631,0.051112637531030236,0.07793116872518557,0.11011664185686887,0.5077584965092956,-0.29352137966416547,0.5129215943933421,25.508774278529206,1.5047362955618144,
VariantA_frozen(T0fxE1),full_is,gross,2016-01-04,2024-10-02,2283,0.06599266050989622,0.06175935898677065,0.08884843804540199,0.11011664185686887,0.5992977936584226,-0.2756062764733762,0.5142356548401227,25.508774278529206,1.776011919381903,
VariantA_frozen(T0fxE1),oos,net_1x,2024-10-03,2026-10-02,522,0.036502635123157545,0.03096551903623479,0.05727204812227815,0.10971833715233553,0.33269402426757916,-0.19300750481057682,0.4942528735632184,25.91911657918362,0.4964413247105274,
VariantA_frozen(T0fxE1),oos,net_2x,2024-10-03,2026-10-02,522,0.03146263512315759,0.025782975709421452,0.051957795010710406,0.10971833715233553,0.2867582205468,-0.19455895055531336,0.4942528735632184,25.91911657918362,0.4278965671033235,
VariantA_frozen(T0fxE1),oos,gross,2024-10-03,2026-10-02,522,0.04154263512315752,0.03617414159461485,0.06261304056565198,0.10971833715233553,0.3786298279883585,-0.1914531018509048,0.49616858237547895,25.91911657918362,0.5649860823177313,
core_ER_6,selection,net_1x,2016-01-04,2020-12-31,1304,0.04570255805388512,0.04456744162722326,0.07121922071026199,0.06476972499214088,0.7056160584197423,-0.15630124398446654,0.5153374233128835,2.9385562446370157,1.6097276624498527,
core_ER_6,selection,net_2x,2016-01-04,2020-12-31,1304,0.03053886373956965,0.028783717336123615,0.055034392841542656,0.06575533190945557,0.4644317480082279,-0.0813927526706274,0.5230061349693251,2.9385562446370157,1.0400410036646157,
core_ER_6,selection,gross,2016-01-04,2020-12-31,1304,0.06283142907850996,0.06262974493301332,0.08974050780918374,0.0644777958188799,0.9744661442057568,-0.10647998879843046,0.5375766871165644,2.9385562446370157,2.2350047090096115,
core_ER_6,validation,net_1x,2021-01-01,2024-10-02,979,-0.003970811536888698,-0.005979775890570194,0.01938735664639224,0.06370178021234592,-0.06233438882951537,-0.18735862357757227,0.5005107252298263,2.9839875318255893,-0.12130272792505936,
core_ER_6,validation,net_2x,2021-01-01,2024-10-02,979,0.03350256381769837,0.03198019847054834,0.05831209320661923,0.06360792916987118,0.5267042058267061,-0.14197752796505891,0.5199182839632278,2.9839875318255893,1.023917654764669,
core_ER_6,validation,gross,2021-01-01,2024-10-02,979,0.014892990936458801,0.01304331281673976,0.03889393064489166,0.06222306437366958,0.23934840057091347,-0.09409032484764812,0.4923391215526047,2.9839875318255893,0.4674748676776847,
core_ER_6,full_is,net_1x,2016-01-04,2024-10-02,2283,0.024401537979698726,0.022584305276315497,0.048677419232384445,0.06431856673177506,0.37938559920744824,-0.1873586235775726,0.5089794130530004,2.958038167614507,1.1247834138609736,
core_ER_6,full_is,net_2x,2016-01-04,2024-10-02,2283,0.031809762721824585,0.030153223573628374,0.05643869692517001,0.06482917923930477,0.49067045264301123,-0.1419775279650577,0.5216819973718791,2.958038167614507,1.4446931724576595,
core_ER_6,full_is,gross,2016-01-04,2024-10-02,2283,0.04227438530230843,0.04107548974125841,0.0676385218594655,0.06352453242454605,0.6654812509249339,-0.12767647503866808,0.5181778361804643,2.958038167614507,1.9828080660602778,
core_ER_6,oos,net_1x,2024-10-03,2026-10-02,522,0.05849829444998518,0.057988270926492724,0.08498109596698344,0.06523038266618106,0.8967952058376296,-0.06085820621497806,0.5268199233716475,2.9670771232275204,1.2534035074174725,
core_ER_6,oos,net_2x,2024-10-03,2026-10-02,522,0.014538210133695877,0.012723442069727309,0.03856592623209387,0.061624158944783944,0.23591738017426422,-0.09393015398015048,0.49616858237547895,2.9670771232275204,0.35309527845570005,
core_ER_6,oos,gross,2024-10-03,2026-10-02,522,-0.04213826449773652,-0.043306038682948356,-0.018887697325294273,0.06533495188330248,-0.6449574581917725,-0.1398309544377091,0.47509578544061304,2.9670771232275204,-0.8850577856775316,
core_ER_6+T4xE1,selection,net_1x,2016-01-04,2020-12-31,1304,-0.006603488218513656,-0.008589937428277405,0.01671085154331542,0.06362334530067858,-0.10379033336436691,-0.12340190426107167,0.5023006134969326,3.0565824222918128,-0.23516882371434622,11.532651372287534
core_ER_6+T4xE1,selection,net_2x,2016-01-04,2020-12-31,1304,0.0402188969798783,0.03901633606213828,0.06552703179144581,0.062335438398312376,0.6452011570510935,-0.11819454337838164,0.5122699386503068,3.0565824222918128,1.4041347553851569,11.532651372287534
core_ER_6+T4xE1,selection,gross,2016-01-04,2020-12-31,1304,0.03269328593627217,0.03115753812491273,0.05746852502674815,0.063415416359894,0.5155416113761966,-0.10680045517861614,0.5168711656441718,3.0565824222918128,1.1937509348240778,11.532651372287534
core_ER_6+T4xE1,validation,net_1x,2021-01-01,2024-10-02,979,0.09308675510232899,0.09545958363753515,0.1234044934707208,0.06162746596323124,1.510475137138809,-0.04188438698135,0.5352400408580184,3.0294568222275515,3.143743666564567,12.695479830643192
core_ER_6+T4xE1,validation,net_2x,2021-01-01,2024-10-02,979,0.09089778403015776,0.0929243898008123,0.12080490146315914,0.0636835174637171,1.4273361090951935,-0.05554028291615731,0.5362614913176711,3.0294568222275515,2.7838115155568195,12.695479830643192
core_ER_6+T4xE1,validation,gross,2021-01-01,2024-10-02,979,0.08901694894255074,0.09096065202982428,0.11879126071821156,0.06237972259885845,1.427017390169987,-0.05802563630407964,0.5403472931562819,3.0294568222275515,2.9111037545809553,12.695479830643192
core_ER_6+T4xE1,full_is,net_1x,2016-01-04,2024-10-02,2283,0.03614585396769087,0.03476030061369273,0.06116284168926289,0.0628385492451648,0.5752178304859921,-0.12340190426107167,0.5164257555847569,3.0449503756589125,1.7557308141853016,12.031297478608245
core_ER_6+T4xE1,full_is,net_2x,2016-01-04,2024-10-02,2283,0.06195110478637133,0.06179975520803671,0.08888941689879148,0.0629230384046965,0.9845536127471457,-0.11819454337838164,0.5225580376697329,3.0449503756589125,2.851427993788614,12.031297478608245
core_ER_6+T4xE1,full_is,gross,2016-01-04,2024-10-02,2283,0.05684609630996762,0.05639009488220692,0.08334229371049284,0.0629841327152881,0.9025463058598154,-0.10680045517861614,0.5269382391590013,3.0449503756589125,2.767233818218057,12.031297478608245
core_ER_6+T4xE1,oos,net_1x,2024-10-03,2026-10-02,522,0.06361919668259729,0.06337765938086659,0.09050743606503753,0.0658224679801811,0.9665270633995796,-0.10348205794789755,0.5210727969348659,2.8694473825486777,1.4270950437252619,13.196645845904763
core_ER_6+T4xE1,oos,net_2x,2024-10-03,2026-10-02,522,0.001172717629683082,-0.0007820162809032416,0.024717219874138108,0.06260410652227442,0.018732279635135938,-0.10140374543901565,0.49233716475095785,2.8694473825486777,0.029865100255105706,13.196645845904763
core_ER_6+T4xE1,oos,gross,2024-10-03,2026-10-02,522,-0.010318664941322856,-0.012187280264858602,0.013022064624788943,0.062381253665405444,-0.16541291389668308,-0.0571901337051236,0.49808429118773945,2.8694473825486777,-0.25384640464643743,13.196645845904763
