cand,win,start,n,sr1,sr2,srg,se,nw_t,vol,ann,mdd,pospct,worst,turn,cap_share
CAL_TSY_ME_ZN,IS,2010-09-28,3527,0.9577326039008245,0.8168186684952515,1.0974036017975908,0.32282673705615417,3.7107920973977535,0.08375547752173776,0.08021535157785087,-0.10759177816252063,0.9333333333333333,-0.0023162716839491004,119.02992707780129,0.6094674556213018
CAL_TSY_ME_ZN,later,2024-10-03,501,0.30101368143980356,0.09410391779296733,0.5070247289283847,0.7251082427120904,0.4173543819060351,0.07646756572643962,0.02301778347005573,-0.11562599295022735,0.6666666666666666,-0.06305204401165687,158.2432920914639,0.625
CAL_TSY_ME_ZN,IS_pre2019,2010-09-28,2079,1.0368026725222854,0.8951164884040741,1.1771106789715056,0.43169572489648333,3.065667756408273,0.08191720238314883,0.08493197435639761,-0.08896555381443105,1.0,0.002941897229131296,117.29152660572427,0.69
CAL_TSY_ME_ZN,IS_2019on,2019-01-02,1448,0.8504992728081939,0.7106308825943275,0.9892989578829405,0.486802323861076,2.1163251555074063,0.08635321865899538,0.07344334967412253,-0.10759177816252108,0.8333333333333334,-0.0023162716839491004,121.52587637438141,0.4927536231884058
CAL_TOM_ES,IS,2003-01-02,5475,0.27709482369335203,0.2571211726674168,0.297058300556999,0.21861935987582568,1.2883764074007562,0.0879192598369617,0.024361971803772905,-0.2729240962799443,0.5,-0.11298787413572497,23.430086083699255,0.0
CAL_TOM_ES,later,2024-10-03,501,0.6111521768147561,0.5857358011616483,0.6365694713130363,0.7726123866291938,0.8582059963895673,0.10012857919105726,0.06119379913398333,-0.11175374421959983,0.3333333333333333,-0.05202121084136213,33.67556414598364,0.0
CAL_TOM_ES,IS_pre2019,2003-01-02,4027,0.1291264666791931,0.10854316908414903,0.14970805825701414,0.25119573946765483,0.47519906611006824,0.07634666380403698,0.009858374939759539,-0.2729240962799443,0.375,-0.11298787413572497,20.943187281441908,0.0
CAL_TOM_ES,IS_2019on,2019-01-02,1448,0.5670980138477656,0.5472679859655325,0.5869095917157684,0.44946378413237636,1.5244949739189708,0.1140853872310221,0.06469759650776587,-0.13928083037804873,0.8333333333333334,-0.10710821994546127,30.34634400959036,0.0
CAL_PREHOL_ES,IS,2010-09-03,3543,0.6697997169939967,0.60151472996019,0.737544676393096,0.29509471169685153,2.5984528235030124,0.07240384401051757,0.04849607422752214,-0.1592493353058282,0.8,-0.03021736321792079,67.40166594930419,0.140625
CAL_PREHOL_ES,later,2024-10-03,501,0.35095603028666744,0.2642321988869277,0.43732231448153036,0.7307331470548082,0.5178696904182691,0.060632968968609056,0.021279506093717725,-0.03637258411502342,1.0,0.007515121824861248,70.3539399446206,0.0
CAL_PREHOL_ES,IS_pre2019,2010-09-03,2095,0.43360879310080674,0.36761916397174693,0.49923390726218747,0.36275930715103655,1.2927538805479997,0.08065079871537152,0.03497089549358834,-0.1592493353058282,0.6666666666666666,-0.03021736321792079,71.6970945056451,0.22666666666666666
CAL_PREHOL_ES,IS_2019on,2019-01-02,1448,1.164434190116016,1.090801401206056,1.2370198743687697,0.5403883143613907,2.8661502628633095,0.05845295272283488,0.068064616663704,-0.06405664070262762,1.0,0.003459761888848334,61.18694024106237,0.018867924528301886
CAL_FOMC_EVEN_ES,IS,2010-09-07,3542,0.536993881151174,0.4993152437001512,0.5746519068706075,0.28531420759837217,2.1390954611360544,0.11093435786869356,0.05957107138492303,-0.3409073865107476,0.8,-0.1894045482900013,55.783306902937795,0.0
CAL_FOMC_EVEN_ES,later,2024-10-03,501,0.2462572935961209,0.20732220585496008,0.2852103782887158,0.7198926712055825,0.3464198152471409,0.10050409424098214,0.02474986624311374,-0.11401776045755296,1.0,0.001674467582866379,52.0850279157026,0.0
CAL_FOMC_EVEN_ES,IS_pre2019,2010-09-07,2094,0.7318963117388942,0.6903753565846472,0.7733792371151975,0.39061011872904106,2.182593928324431,0.11207252164530458,0.0820254652394758,-0.25906845409186763,0.8888888888888888,-0.1894045482900013,62.21409324963677,0.0
CAL_FOMC_EVEN_ES,IS_2019on,2019-01-02,1448,0.24799255508525783,0.21607017309912807,0.2799150776761978,0.42353830435421436,0.6505695682233262,0.10927360494242494,0.02709904049304902,-0.20714875148675094,0.6666666666666666,-0.15061856459667866,46.48353714465904,0.0
TSY_V2_T-1..T,IS,2010-09-29,3526,0.5692299090738437,0.3900894798566119,0.747507750862818,0.28818030751192264,2.1068954428193147,0.07023403913572485,0.03997931571111744,-0.12773425498878976,0.7333333333333333,-0.05497733128114313,125.79434259857206,0.7869822485207101
TSY_V2_T-1..T,later,2024-10-03,501,0.5916990986371681,0.3422442424977342,0.8356838102265571,0.7687945637919361,0.7871879868370112,0.06387076940803141,0.037792276687994585,-0.0767191075431285,0.6666666666666666,-0.01639096056123568,160.95808383233532,1.0
TSY_V2_T-1..T,IS_pre2019,2010-09-29,2078,0.6418197936684216,0.45840208506197544,0.8239834595701678,0.3824239553328527,1.7854393814294165,0.06589532230017801,0.042292922162414384,-0.12773425498878976,0.6666666666666666,-0.05497733128114313,121.03937487029098,0.92
TSY_V2_T-1..T,IS_2019on,2019-01-02,1448,0.4820257461672676,0.3074021681234172,0.6561944906713923,0.44073954621058253,1.169312306585614,0.07605215905924657,0.03665909871816505,-0.1034625852071458,0.8333333333333334,-0.05237701339533696,132.61811534675442,0.5942028985507246
TSY_F_ZN,IS,2010-09-28,3527,0.8664756269978735,0.7252472110989869,1.00658367850746,0.3134804580829578,3.338543614376316,0.08399819806351828,0.07278239133377856,-0.11508444174000132,0.8,-0.03057946433173231,119.40643138063791,0.591715976331361
TSY_F_ZN,later,2024-10-03,501,0.0726507867588872,-0.11947500476615613,0.26484375890298284,0.7101559318787948,0.10648235304719587,0.08216198217718605,0.005969132646842234,-0.13422777430252708,0.6666666666666666,-0.07204466584887126,157.95894003144915,0.5833333333333334
TSY_F_ZN,IS_pre2019,2010-09-28,2079,0.9760877947300478,0.8379356578389638,1.112971651921014,0.42303000703230925,2.9395295241890156,0.08407218190173406,0.08206183063060703,-0.09880593772285007,0.8888888888888888,-0.03057946433173231,117.31201678499606,0.66
TSY_F_ZN,IS_2019on,2019-01-02,1448,0.7085752307114743,0.5631095107873447,0.8531511488868824,0.46660725619043003,1.699853641913899,0.08391376934848234,0.059459218475970306,-0.11508444174000143,0.6666666666666666,-0.021381050793362166,122.41353631457392,0.4927536231884058
PREHOL_exTOM,IS,2010-11-24,3486,0.19793655310835198,0.14744621528249985,0.24827211888807338,0.2714871280351724,0.7373908761302539,0.06996827031980211,0.013849278254055039,-0.20127813543603224,0.6,-0.09071505628273191,47.23591816097322,0.4935064935064935
PREHOL_exTOM,later,2024-10-03,501,0.9542819346035689,0.8948474066072538,1.0127553302285226,0.8555821229787252,1.3663422907784506,0.06473460264067607,0.06177506184373765,-0.02205592340724949,1.0,0.032724238630730484,55.46740197172793,0.5833333333333334
PREHOL_exTOM,IS_pre2019,2010-11-24,2038,-0.007819614966283712,-0.05443716427145977,0.03876102350294153,0.3516453017951617,-0.022253223548545444,0.07942249794607738,-0.0006210533535987839,-0.20127813543603224,0.4444444444444444,-0.09071505628273191,49.3482945875992,0.6136363636363636
PREHOL_exTOM,IS_2019on,2019-01-02,1448,0.6345088184556948,0.5746546831765844,0.6937784927061834,0.45723751755958975,1.5348261071908702,0.053924656990154876,0.03421567039245179,-0.08557158277587396,0.8333333333333334,-0.05709365257092913,44.26283586990712,0.3333333333333333
