date,meeting,greeting_s,last_speech_end_s,greeting_video_s,last_word_video_s,greet_diff_s,last_diff_s,flag
2016-03-16,20160316,17.126,3605.386,17.126,3605.386,0.0,0.0,False
2016-06-15,20160615,16.846,3247.386,16.846,3247.386,0.0,0.0,False
2016-09-21,20160921,22.22,3600.07,22.22,3600.07,0.0,0.0,False
2016-12-14,20161214,8.926,3018.146,8.926,3018.146,0.0,0.0,False
2017-03-15,20170315,17.716,2985.876,17.716,2985.876,0.0,0.0,False
2017-06-14,20170614,19.356,3485.166,19.356,3485.166,0.0,0.0,False
2017-09-20,20170920,14.246,3890.546,14.246,3890.546,0.0,0.0,False
2017-12-13,20171213,14.966,4022.746,14.966,4022.746,0.0,0.0,False
2018-03-21,20180321,11.856,2609.116,11.856,2609.116,0.0,0.0,False
2018-06-13,20180613,12.506,3137.416,12.506,3137.416,0.0,0.0,False
2018-09-26,20180926,13.116,3462.236,14.436,3462.236,-1.3200000000000003,0.0,False
2018-12-19,20181219,12.296,2699.566,12.296,2699.566,0.0,0.0,False
2019-01-30,20190130,11.846,2862.046,11.846,2862.046,0.0,0.0,False
2019-03-20,20190320,9.936,2738.426,9.936,2738.426,0.0,0.0,False
2019-05-01,20190501,29.356,2637.356,29.356,2637.356,0.0,0.0,False
2019-06-19,20190619,12.656,2644.456,12.656,2644.456,0.0,0.0,False
2019-07-31,20190731,12.266,2708.936,12.266,2708.936,0.0,0.0,False
2019-09-18,20190918,12.916,3117.706,12.916,3117.706,0.0,0.0,False
2019-10-30,20191030,6.596,2866.796,6.596,2866.796,0.0,0.0,False
2019-12-11,20191211,8.506,3085.036,8.506,3085.036,0.0,0.0,False
2020-01-29,20200129,9.536,3253.096,9.536,3253.096,0.0,0.0,False
2020-03-03,20200303,14.866,862.986,14.866,862.986,0.0,0.0,False
2020-03-15,20200315,0.726,2535.946,0.726,2535.946,0.0,0.0,False
2020-04-29,20200429,3.716,2888.076,3.716,2888.076,0.0,0.0,False
2020-06-10,20200610,36.716,3517.646,36.716,3517.646,0.0,0.0,False
2020-07-29,20200729,0.636,3564.396,0.636,3564.396,0.0,0.0,False
2020-09-16,20200916,3.656,3821.086,3.656,3821.086,0.0,0.0,False
2020-11-05,20201105,5.246,2921.136,5.246,2921.136,0.0,0.0,False
2020-12-16,20201216,1.806,3473.496,1.806,3473.496,0.0,0.0,False
2021-01-27,20210127,4.616,3296.136,4.616,3296.136,0.0,0.0,False
2021-03-17,20210317,143.916,3881.506,143.916,3881.506,0.0,0.0,False
2021-04-28,20210428,7.146,3320.806,7.146,3320.806,0.0,0.0,False
2021-06-16,20210616,4.736,3609.076,4.736,3609.076,0.0,0.0,False
2021-07-28,20210728,4.316,3276.226,4.316,3276.226,0.0,0.0,False
2021-09-22,20210922,2.996,3257.496,2.996,3257.496,0.0,0.0,False
2021-11-03,20211103,4.546,3334.736,4.546,3334.736,0.0,0.0,False
2021-12-15,20211215,3.326,3650.986,3.326,3650.986,0.0,0.0,False
2022-01-26,20220126,2.706,3320.936,2.706,3320.936,0.0,0.0,False
2022-03-16,20220316,4.626,3253.046,4.626,3253.046,0.0,0.0,False
2022-05-04,20220504,7.886,2845.996,7.886,2845.996,0.0,0.0,False
2022-06-15,20220615,11.146,3370.946,11.146,3370.946,0.0,0.0,False
2022-07-27,20220727,15.846,3260.466,15.846,3260.466,0.0,0.0,False
2022-09-21,20220921,17.726,2579.586,17.726,2579.586,0.0,0.0,False
2022-11-02,20221102,20.226,3005.426,20.226,3005.426,0.0,0.0,False
2022-12-14,20221214,,,,,,,False
2023-02-01,20230201,54.976,2852.926,54.976,2852.926,0.0,0.0,False
2023-03-22,20230322,11.726,2598.596,11.726,2598.596,0.0,0.0,False
2023-05-03,20230503,16.646,2958.726,16.646,2958.726,0.0,0.0,False
2023-06-14,20230614,,,,,,,False
2023-07-26,20230726,,,,,,,False
2023-09-20,20230920,5.936,3233.136,5.936,3233.136,0.0,0.0,False
2023-11-01,20231101,,,,,,,False
2023-12-13,20231213,,,,,,,False
2024-01-31,20240131,64.416,3046.626,64.416,3046.626,0.0,0.0,False
2024-03-20,20240320,,,,,,,False
2024-05-01,20240501,3.276,2935.946,3.276,2935.946,0.0,0.0,False
2024-06-12,20240612,8.386,3094.176,8.386,3094.176,0.0,0.0,False
2024-07-31,20240731,5.026,2863.976,5.026,2863.976,0.0,0.0,False
2024-09-18,20240918,47.166,3039.656,47.166,3039.656,0.0,0.0,False
2024-11-07,20241107,9.786,2541.066,9.786,2541.066,0.0,0.0,False
2024-12-18,20241218,14.076,3174.516,14.076,3174.516,0.0,0.0,False
2025-01-29,20250129,7.116,2981.986,7.116,2981.986,0.0,0.0,False
2025-03-19,20250319,11.566,2983.306,11.566,2983.306,0.0,0.0,False
2025-05-07,20250507,7.076,2867.996,7.076,2867.996,0.0,0.0,False
2025-06-18,20250618,7.126,3088.186,7.126,3088.186,0.0,0.0,False
2025-07-30,20250730,9.186,2644.736,9.186,2644.736,0.0,0.0,False
2025-09-17,20250917,17.506,3130.096,17.506,3130.096,0.0,0.0,False
2025-10-29,20251029,25.066,3314.316,25.066,3314.316,0.0,0.0,False
2025-12-10,20251210,,,,,,,False
2026-01-28,20260128,15.106,2812.566,15.106,2812.566,0.0,0.0,False
2026-03-18,20260318,11.136,2895.006,11.136,2895.006,0.0,0.0,False
2026-04-29,20260429,18.926,3230.61,18.926,3230.61,0.0,0.0,False
2026-06-17,20260617,10.276,2557.246,10.276,2557.246,0.0,0.0,False
2026-07-29,20260729,11.486,2706.106,11.486,2706.106,0.0,0.0,False
2026-09-16,20260916,13.456,1731.266,13.456,1731.266,0.0,0.0,False
