date,symbol,nunique,first,size,schema
2016-03-16,ES.v.0,1,6505,165,ohlcv-1m
2016-03-16,ZF.v.0,1,582141,180,ohlcv-1m
2016-03-16,ZN.v.0,1,771901,180,ohlcv-1m
2016-03-16,ZT.v.0,1,684812,175,ohlcv-1m
2016-06-15,ES.v.0,1,2615,165,ohlcv-1m
2016-06-15,ZF.v.0,1,427389,180,ohlcv-1m
2016-06-15,ZN.v.0,1,732065,180,ohlcv-1m
2016-06-15,ZT.v.0,1,688154,172,ohlcv-1m
2016-09-21,ES.v.0,1,2928,165,ohlcv-1m
2016-09-21,ZF.v.0,1,547699,179,ohlcv-1m
2016-09-21,ZN.v.0,1,120107,178,ohlcv-1m
2016-09-21,ZT.v.0,1,740072,148,ohlcv-1m
2016-12-14,ES.v.0,1,35903,165,ohlcv-1m
2016-12-14,ZF.v.0,1,679655,180,ohlcv-1m
2016-12-14,ZN.v.0,1,208387,180,ohlcv-1m
2016-12-14,ZT.v.0,1,596182,169,ohlcv-1m
2017-03-15,ES.v.0,1,9006,165,ohlcv-1m
2017-03-15,ZF.v.0,1,620517,180,ohlcv-1m
2017-03-15,ZN.v.0,1,353160,180,ohlcv-1m
2017-03-15,ZT.v.0,1,187401,173,ohlcv-1m
2017-06-14,ES.v.0,1,24842,165,ohlcv-1m
2017-06-14,ZF.v.0,1,134745,180,ohlcv-1m
2017-06-14,ZN.v.0,1,357060,180,ohlcv-1m
2017-06-14,ZT.v.0,1,325068,156,ohlcv-1m
2017-09-20,ES.v.0,1,23936,165,ohlcv-1m
2017-09-20,ZF.v.0,1,306580,180,ohlcv-1m
2017-09-20,ZN.v.0,1,793429,180,ohlcv-1m
2017-09-20,ZT.v.0,1,107232,163,ohlcv-1m
2017-12-13,ES.v.0,1,21168,165,ohlcv-1m
2017-12-13,ZF.v.0,1,599339,179,ohlcv-1m
2017-12-13,ZN.v.0,1,525443,179,ohlcv-1m
2017-12-13,ZT.v.0,1,531149,159,ohlcv-1m
2018-03-21,ES.v.0,1,23252,165,ohlcv-1m
2018-03-21,ZF.v.0,1,103676,178,ohlcv-1m
2018-03-21,ZN.v.0,1,615592,179,ohlcv-1m
2018-03-21,ZT.v.0,1,434845,169,ohlcv-1m
2018-06-13,ES.v.0,1,57287,166,ohlcv-1m
2018-06-13,ZF.v.0,1,164760,178,ohlcv-1m
2018-06-13,ZN.v.0,1,799743,179,ohlcv-1m
2018-06-13,ZT.v.0,1,587209,169,ohlcv-1m
2018-09-26,ES.v.0,1,16114,165,ohlcv-1m
2018-09-26,ZF.v.0,1,99995,179,ohlcv-1m
2018-09-26,ZN.v.0,1,480218,180,ohlcv-1m
2018-09-26,ZT.v.0,1,149404,149,ohlcv-1m
2018-12-19,ES.v.0,1,18720,165,ohlcv-1m
2018-12-19,ZF.v.0,1,541152,180,ohlcv-1m
2018-12-19,ZN.v.0,1,98159,180,ohlcv-1m
2018-12-19,ZT.v.0,1,75896,177,ohlcv-1m
2019-01-30,ES.v.0,1,18720,165,ohlcv-1m
2019-01-30,ZF.v.0,1,541152,180,ohlcv-1m
2019-01-30,ZN.v.0,1,98159,180,ohlcv-1m
2019-01-30,ZT.v.0,1,75896,173,ohlcv-1m
2019-03-20,ES.v.0,1,736,165,ohlcv-1m
2019-03-20,ZF.v.0,1,744976,180,ohlcv-1m
2019-03-20,ZN.v.0,1,126136,180,ohlcv-1m
2019-03-20,ZT.v.0,1,291847,173,ohlcv-1m
2019-05-01,ES.v.0,1,736,165,ohlcv-1m
2019-05-01,ZF.v.0,1,744976,179,ohlcv-1m
2019-05-01,ZN.v.0,1,126136,180,ohlcv-1m
2019-05-01,ZT.v.0,1,291847,180,ohlcv-1m
2019-06-19,ES.v.0,1,37699,165,ohlcv-1m
2019-06-19,ZF.v.0,1,325424,180,ohlcv-1m
2019-06-19,ZN.v.0,1,596431,180,ohlcv-1m
2019-06-19,ZT.v.0,1,325594,178,ohlcv-1m
2019-07-31,ES.v.0,1,37699,165,ohlcv-1m
2019-07-31,ZF.v.0,1,325424,179,ohlcv-1m
2019-07-31,ZN.v.0,1,596431,180,ohlcv-1m
2019-07-31,ZT.v.0,1,325594,180,ohlcv-1m
2019-09-18,ES.v.0,1,16145,165,ohlcv-1m
2019-09-18,ZF.v.0,1,664001,178,ohlcv-1m
2019-09-18,ZN.v.0,1,59121,180,ohlcv-1m
2019-09-18,ZT.v.0,1,429364,179,ohlcv-1m
2019-10-30,ES.v.0,1,16145,165,ohlcv-1m
2019-10-30,ZF.v.0,1,664001,180,ohlcv-1m
2019-10-30,ZN.v.0,1,59121,180,ohlcv-1m
2019-10-30,ZT.v.0,1,429364,177,ohlcv-1m
2019-12-11,ES.v.0,1,16145,165,ohlcv-1m
2019-12-11,ZF.v.0,1,398722,172,ohlcv-1m
2019-12-11,ZN.v.0,1,771691,178,ohlcv-1m
2019-12-11,ZT.v.0,1,499590,170,ohlcv-1m
2020-01-29,ES.v.0,1,10571,165,ohlcv-1m
2020-01-29,ZF.v.0,1,398722,178,ohlcv-1m
2020-01-29,ZN.v.0,1,771691,179,ohlcv-1m
2020-01-29,ZT.v.0,1,499590,175,ohlcv-1m
2020-03-03,ES.v.0,1,10571,165,ohlcv-1m
2020-03-03,ZF.v.0,1,289061,180,ohlcv-1m
2020-03-03,ZN.v.0,1,105872,180,ohlcv-1m
2020-03-03,ZT.v.0,1,246386,180,ohlcv-1m
2020-04-29,ES.v.0,1,21336,165,ohlcv-1m
2020-04-29,ZF.v.0,1,289061,179,ohlcv-1m
2020-04-29,ZN.v.0,1,105872,180,ohlcv-1m
2020-04-29,ZT.v.0,1,246386,175,ohlcv-1m
2020-06-10,ES.v.0,1,21336,165,ohlcv-1m
2020-06-10,ZF.v.0,1,519170,180,ohlcv-1m
2020-06-10,ZN.v.0,1,421732,180,ohlcv-1m
2020-06-10,ZT.v.0,1,755741,174,ohlcv-1m
2020-07-29,ES.v.0,1,12181,165,ohlcv-1m
2020-07-29,ZF.v.0,1,519170,177,ohlcv-1m
2020-07-29,ZN.v.0,1,421732,180,ohlcv-1m
2020-07-29,ZT.v.0,1,755741,173,ohlcv-1m
2020-09-16,ES.v.0,1,19100,165,ohlcv-1m
2020-09-16,ZF.v.0,1,387791,177,ohlcv-1m
2020-09-16,ZN.v.0,1,480372,180,ohlcv-1m
2020-09-16,ZT.v.0,1,793979,163,ohlcv-1m
2020-11-05,ES.v.0,1,19100,165,ohlcv-1m
2020-11-05,ZF.v.0,1,387791,176,ohlcv-1m
2020-11-05,ZN.v.0,1,480372,178,ohlcv-1m
2020-11-05,ZT.v.0,1,793979,174,ohlcv-1m
2020-12-16,ES.v.0,1,5482,165,ohlcv-1m
2020-12-16,ZF.v.0,1,423628,180,ohlcv-1m
2020-12-16,ZN.v.0,1,204527,177,ohlcv-1m
2020-12-16,ZT.v.0,1,664909,161,ohlcv-1m
2021-01-27,ES.v.0,1,5482,165,ohlcv-1m
2021-01-27,ZF.v.0,1,423628,178,ohlcv-1m
2021-01-27,ZN.v.0,1,204527,179,ohlcv-1m
2021-01-27,ZT.v.0,1,664909,166,ohlcv-1m
2021-03-17,ES.v.0,1,3853,165,ohlcv-1m
2021-03-17,ZF.v.0,1,798160,180,ohlcv-1m
2021-03-17,ZN.v.0,1,408794,180,ohlcv-1m
2021-03-17,ZT.v.0,1,725358,178,ohlcv-1m
2021-04-28,ES.v.0,1,3853,165,ohlcv-1m
2021-04-28,ZF.v.0,1,798160,179,ohlcv-1m
2021-04-28,ZN.v.0,1,408794,180,ohlcv-1m
2021-04-28,ZT.v.0,1,725358,158,ohlcv-1m
2021-06-16,ES.v.0,1,1030,165,ohlcv-1m
2021-06-16,ZF.v.0,1,312739,179,ohlcv-1m
2021-06-16,ZN.v.0,1,703006,180,ohlcv-1m
2021-06-16,ZT.v.0,1,503535,180,ohlcv-1m
2021-07-28,ES.v.0,1,1030,180,ohlcv-1m
2021-07-28,ZF.v.0,1,312739,180,ohlcv-1m
2021-07-28,ZN.v.0,1,703006,180,ohlcv-1m
2021-07-28,ZT.v.0,1,503535,179,ohlcv-1m
2021-09-22,ES.v.0,1,8858,180,ohlcv-1m
2021-09-22,ZF.v.0,1,160021,180,ohlcv-1m
2021-09-22,ZN.v.0,1,507886,179,ohlcv-1m
2021-09-22,ZT.v.0,1,631740,173,ohlcv-1m
2021-11-03,ES.v.0,1,8858,180,ohlcv-1m
2021-11-03,ZF.v.0,1,160021,180,ohlcv-1m
2021-11-03,ZN.v.0,1,507886,180,ohlcv-1m
2021-11-03,ZT.v.0,1,631740,179,ohlcv-1m
2021-12-15,ES.v.0,1,5782,180,ohlcv-1m
2021-12-15,ZF.v.0,1,291911,180,ohlcv-1m
2021-12-15,ZN.v.0,1,768155,180,ohlcv-1m
2021-12-15,ZT.v.0,1,798635,177,ohlcv-1m
2022-01-26,ES.v.0,1,5782,180,ohlcv-1m
2022-01-26,ZF.v.0,1,291911,179,ohlcv-1m
2022-01-26,ZN.v.0,1,768155,180,ohlcv-1m
2022-01-26,ZT.v.0,1,798635,180,ohlcv-1m
2022-03-16,ES.v.0,1,3403,180,ohlcv-1m
2022-03-16,ZF.v.0,1,357137,180,ohlcv-1m
2022-03-16,ZN.v.0,1,146095,180,ohlcv-1m
2022-03-16,ZT.v.0,1,740745,180,ohlcv-1m
2022-05-04,ES.v.0,1,3403,180,ohlcv-1m
2022-05-04,ZF.v.0,1,357137,180,ohlcv-1m
2022-05-04,ZN.v.0,1,146095,180,ohlcv-1m
2022-05-04,ZT.v.0,1,740745,180,ohlcv-1m
2022-06-15,ES.v.0,1,97042,180,ohlcv-1m
2022-06-15,ZF.v.0,1,94237,180,ohlcv-1m
2022-06-15,ZN.v.0,1,234665,180,ohlcv-1m
2022-06-15,ZT.v.0,1,429465,179,ohlcv-1m
2022-07-27,ES.v.0,1,97042,180,ohlcv-1m
2022-07-27,ZF.v.0,1,94237,180,ohlcv-1m
2022-07-27,ZN.v.0,1,234665,180,ohlcv-1m
2022-07-27,ZT.v.0,1,429465,180,ohlcv-1m
2022-09-21,ES.v.0,1,206323,180,ohlcv-1m
2022-09-21,ZF.v.0,1,406280,180,ohlcv-1m
2022-09-21,ZN.v.0,1,71412,180,ohlcv-1m
2022-09-21,ZT.v.0,1,512153,180,ohlcv-1m
2022-11-02,ES.v.0,1,206323,180,ohlcv-1m
2022-11-02,ZF.v.0,1,406280,180,ohlcv-1m
2022-11-02,ZN.v.0,1,71412,180,ohlcv-1m
2022-11-02,ZT.v.0,1,512153,180,ohlcv-1m
2022-12-14,ES.v.0,1,206299,180,ohlcv-1m
2022-12-14,ZF.v.0,1,492654,180,ohlcv-1m
2022-12-14,ZN.v.0,1,397730,180,ohlcv-1m
2022-12-14,ZT.v.0,1,755188,180,ohlcv-1m
2023-02-01,ES.v.0,1,206299,180,ohlcv-1m
2023-02-01,ZF.v.0,1,492654,180,ohlcv-1m
2023-02-01,ZN.v.0,1,397730,180,ohlcv-1m
2023-02-01,ZT.v.0,1,755188,180,ohlcv-1m
2023-03-22,ES.v.0,1,95414,180,ohlcv-1m
2023-03-22,ZF.v.0,1,687964,180,ohlcv-1m
2023-03-22,ZN.v.0,1,69078,180,ohlcv-1m
2023-03-22,ZT.v.0,1,699486,180,ohlcv-1m
2023-05-03,ES.v.0,1,95414,180,ohlcv-1m
2023-05-03,ZF.v.0,1,687964,180,ohlcv-1m
2023-05-03,ZN.v.0,1,69078,180,ohlcv-1m
2023-05-03,ZT.v.0,1,699486,180,ohlcv-1m
2023-06-14,ES.v.0,1,3445,180,ohlcv-1m
2023-06-14,ZF.v.0,1,404144,180,ohlcv-1m
2023-06-14,ZN.v.0,1,338574,180,ohlcv-1m
2023-06-14,ZT.v.0,1,72156,180,ohlcv-1m
2023-07-26,ES.v.0,1,3445,180,ohlcv-1m
2023-07-26,ZF.v.0,1,404144,180,ohlcv-1m
2023-07-26,ZN.v.0,1,338574,180,ohlcv-1m
2023-07-26,ZT.v.0,1,72156,180,ohlcv-1m
2023-09-20,ES.v.0,1,314863,180,ohlcv-1m
2023-09-20,ZF.v.0,1,410749,180,ohlcv-1m
2023-09-20,ZN.v.0,1,12212,180,ohlcv-1m
2023-09-20,ZT.v.0,1,287686,180,ohlcv-1m
2023-11-01,ES.v.0,1,314863,180,ohlcv-1m
2023-11-01,ZF.v.0,1,410749,180,ohlcv-1m
2023-11-01,ZN.v.0,1,12212,180,ohlcv-1m
2023-11-01,ZT.v.0,1,287686,180,ohlcv-1m
2023-12-13,ES.v.0,1,17077,180,ohlcv-1m
2023-12-13,ZF.v.0,1,4130291,180,ohlcv-1m
2023-12-13,ZN.v.0,1,110030,180,ohlcv-1m
2023-12-13,ZT.v.0,1,4131634,180,ohlcv-1m
2024-01-31,ES.v.0,1,17077,180,ohlcv-1m
2024-01-31,ZF.v.0,1,4130291,180,ohlcv-1m
2024-01-31,ZN.v.0,1,110030,180,ohlcv-1m
2024-01-31,ZT.v.0,1,4131634,180,ohlcv-1m
2024-03-20,ES.v.0,1,5602,180,ohlcv-1m
2024-03-20,ZF.v.0,1,42035227,180,ohlcv-1m
2024-03-20,ZN.v.0,1,42004501,180,ohlcv-1m
2024-03-20,ZT.v.0,1,42063883,180,ohlcv-1m
2024-05-01,ES.v.0,1,5602,180,ohlcv-1m
2024-05-01,ZF.v.0,1,42035227,180,ohlcv-1m
2024-05-01,ZN.v.0,1,42004501,180,ohlcv-1m
2024-05-01,ZT.v.0,1,42063883,179,ohlcv-1m
2024-06-12,ES.v.0,1,5602,180,ohlcv-1m
2024-06-12,ZF.v.0,1,42064863,180,ohlcv-1m
2024-06-12,ZN.v.0,1,42002321,180,ohlcv-1m
2024-06-12,ZT.v.0,1,42052036,179,ohlcv-1m
2024-07-31,ES.v.0,1,118,180,ohlcv-1m
2024-07-31,ZF.v.0,1,42064863,180,ohlcv-1m
2024-07-31,ZN.v.0,1,42002321,180,ohlcv-1m
2024-07-31,ZT.v.0,1,42052036,180,ohlcv-1m
2024-09-18,ES.v.0,1,183748,180,ohlcv-1m
2024-09-18,ZF.v.0,1,42126625,180,ohlcv-1m
2024-09-18,ZN.v.0,1,42000697,180,ohlcv-1m
2024-09-18,ZT.v.0,1,42156159,180,ohlcv-1m
2024-11-07,ES.v.0,1,183748,180,ohlcv-1m
2024-11-07,ZF.v.0,1,42126625,180,ohlcv-1m
2024-11-07,ZN.v.0,1,42000697,180,ohlcv-1m
2024-11-07,ZT.v.0,1,42156159,180,ohlcv-1m
2024-12-18,ES.v.0,1,5002,180,ohlcv-1m
2024-12-18,ZF.v.0,1,42072515,180,ohlcv-1m
2024-12-18,ZN.v.0,1,42002219,180,ohlcv-1m
2024-12-18,ZT.v.0,1,42111442,179,ohlcv-1m
2025-01-29,ES.v.0,1,5002,180,ohlcv-1m
2025-01-29,ZF.v.0,1,42072515,179,ohlcv-1m
2025-01-29,ZN.v.0,1,42002219,180,ohlcv-1m
2025-01-29,ZT.v.0,1,42111442,179,ohlcv-1m
2025-03-19,ES.v.0,1,4916,180,ohlcv-1m
2025-03-19,ZF.v.0,1,42325990,180,ohlcv-1m
2025-03-19,ZN.v.0,1,42004113,180,ohlcv-1m
2025-03-19,ZT.v.0,1,42325992,180,ohlcv-1m
2025-05-07,ES.v.0,1,4916,180,ohlcv-1m
2025-05-07,ZF.v.0,1,42325990,180,ohlcv-1m
2025-05-07,ZN.v.0,1,42004113,180,ohlcv-1m
2025-05-07,ZT.v.0,1,42325992,180,ohlcv-1m
2025-06-18,ES.v.0,1,14160,180,ohlcv-1m
2025-06-18,ZF.v.0,1,42018711,177,ohlcv-1m
2025-06-18,ZN.v.0,1,42066706,179,ohlcv-1m
2025-06-18,ZT.v.0,1,42374425,177,ohlcv-1m
2025-07-30,ES.v.0,1,14160,180,ohlcv-1m
2025-07-30,ZF.v.0,1,42018711,180,ohlcv-1m
2025-07-30,ZN.v.0,1,42066706,180,ohlcv-1m
2025-07-30,ZT.v.0,1,42374425,178,ohlcv-1m
2025-09-17,ES.v.0,1,294973,180,ohlcv-1m
2025-09-17,ZF.v.0,1,42240451,179,ohlcv-1m
2025-09-17,ZN.v.0,1,42002111,180,ohlcv-1m
2025-09-17,ZT.v.0,1,42296720,178,ohlcv-1m
2025-10-29,ES.v.0,1,294973,180,ohlcv-1m
2025-10-29,ZF.v.0,1,42240451,180,ohlcv-1m
2025-10-29,ZN.v.0,1,42002111,180,ohlcv-1m
2025-10-29,ZT.v.0,1,42296720,180,ohlcv-1m
2025-12-10,ES.v.0,1,294973,180,ohlcv-1m
2025-12-10,ZF.v.0,1,42278557,180,ohlcv-1m
2025-12-10,ZN.v.0,1,42004475,180,ohlcv-1m
2025-12-10,ZT.v.0,1,42228527,178,ohlcv-1m
2026-01-28,ES.v.0,1,42140878,180,ohlcv-1m
2026-01-28,ZF.v.0,1,42278557,179,ohlcv-1m
2026-01-28,ZN.v.0,1,42004475,177,ohlcv-1m
2026-01-28,ZT.v.0,1,42228527,176,ohlcv-1m
2026-03-18,ES.v.0,1,42140864,180,ohlcv-1m
2026-03-18,ZF.v.0,1,42156042,180,ohlcv-1m
2026-03-18,ZN.v.0,1,42000661,180,ohlcv-1m
2026-03-18,ZT.v.0,1,42370722,180,ohlcv-1m
2026-04-29,ES.v.0,1,42140864,180,ohlcv-1m
2026-04-29,ZF.v.0,1,42156042,180,ohlcv-1m
2026-04-29,ZN.v.0,1,42000661,180,ohlcv-1m
2026-04-29,ZT.v.0,1,42370722,180,ohlcv-1m
2026-06-17,ES.v.0,1,42140870,180,ohlcv-1m
2026-06-17,ZF.v.0,1,42725984,180,ohlcv-1m
2026-06-17,ZN.v.0,1,42001136,180,ohlcv-1m
2026-06-17,ZT.v.0,1,42670574,180,ohlcv-1m
2026-07-29,ES.v.0,1,42140870,180,ohlcv-1m
2026-07-29,ZF.v.0,1,42725984,180,ohlcv-1m
2026-07-29,ZN.v.0,1,42001136,180,ohlcv-1m
2026-07-29,ZT.v.0,1,42670574,180,ohlcv-1m
2026-09-16,ES.v.0,1,10252,180,ohlcv-1m
2026-09-16,ZF.v.0,1,42501731,180,ohlcv-1m
2026-09-16,ZN.v.0,1,42001080,180,ohlcv-1m
2026-09-16,ZT.v.0,1,42413280,180,ohlcv-1m
2016-03-16,ES.v.0,1,6505,8498,ohlcv-1s
2016-03-16,ZF.v.0,1,582141,3713,ohlcv-1s
2016-03-16,ZN.v.0,1,771901,4114,ohlcv-1s
2016-03-16,ZT.v.0,1,684812,1583,ohlcv-1s
2016-06-15,ES.v.0,1,2615,7466,ohlcv-1s
2016-06-15,ZF.v.0,1,427389,2967,ohlcv-1s
2016-06-15,ZN.v.0,1,732065,2959,ohlcv-1s
2016-06-15,ZT.v.0,1,688154,1380,ohlcv-1s
2016-09-21,ES.v.0,1,2928,8745,ohlcv-1s
2016-09-21,ZF.v.0,1,547699,3022,ohlcv-1s
2016-09-21,ZN.v.0,1,120107,3501,ohlcv-1s
2016-09-21,ZT.v.0,1,740072,1141,ohlcv-1s
2016-12-14,ES.v.0,1,35903,8724,ohlcv-1s
2016-12-14,ZF.v.0,1,679655,4538,ohlcv-1s
2016-12-14,ZN.v.0,1,208387,5565,ohlcv-1s
2016-12-14,ZT.v.0,1,596182,1919,ohlcv-1s
2017-03-15,ES.v.0,1,9006,7798,ohlcv-1s
2017-03-15,ZF.v.0,1,620517,3955,ohlcv-1s
2017-03-15,ZN.v.0,1,353160,4426,ohlcv-1s
2017-03-15,ZT.v.0,1,187401,1554,ohlcv-1s
2017-06-14,ES.v.0,1,24842,7477,ohlcv-1s
2017-06-14,ZF.v.0,1,134745,3021,ohlcv-1s
2017-06-14,ZN.v.0,1,357060,3799,ohlcv-1s
2017-06-14,ZT.v.0,1,325068,872,ohlcv-1s
2017-09-20,ES.v.0,1,23936,7095,ohlcv-1s
2017-09-20,ZF.v.0,1,306580,3260,ohlcv-1s
2017-09-20,ZN.v.0,1,793429,3635,ohlcv-1s
2017-09-20,ZT.v.0,1,107232,1514,ohlcv-1s
2017-12-13,ES.v.0,1,21168,5855,ohlcv-1s
2017-12-13,ZF.v.0,1,599339,2448,ohlcv-1s
2017-12-13,ZN.v.0,1,525443,2868,ohlcv-1s
2017-12-13,ZT.v.0,1,531149,1208,ohlcv-1s
2018-03-21,ES.v.0,1,23252,8905,ohlcv-1s
2018-03-21,ZF.v.0,1,103676,3359,ohlcv-1s
2018-03-21,ZN.v.0,1,615592,4020,ohlcv-1s
2018-03-21,ZT.v.0,1,434845,1530,ohlcv-1s
2018-06-13,ES.v.0,1,57287,7350,ohlcv-1s
2018-06-13,ZF.v.0,1,164760,2866,ohlcv-1s
2018-06-13,ZN.v.0,1,799743,3123,ohlcv-1s
2018-06-13,ZT.v.0,1,587209,1471,ohlcv-1s
2018-09-26,ES.v.0,1,16114,7754,ohlcv-1s
2018-09-26,ZF.v.0,1,99995,2225,ohlcv-1s
2018-09-26,ZN.v.0,1,480218,3061,ohlcv-1s
2018-09-26,ZT.v.0,1,149404,804,ohlcv-1s
2018-12-19,ES.v.0,1,18720,9486,ohlcv-1s
2018-12-19,ZF.v.0,1,541152,4449,ohlcv-1s
2018-12-19,ZN.v.0,1,98159,4984,ohlcv-1s
2018-12-19,ZT.v.0,1,75896,2020,ohlcv-1s
2019-01-30,ES.v.0,1,18720,8768,ohlcv-1s
2019-01-30,ZF.v.0,1,541152,3032,ohlcv-1s
2019-01-30,ZN.v.0,1,98159,3106,ohlcv-1s
2019-01-30,ZT.v.0,1,75896,1833,ohlcv-1s
2019-03-20,ES.v.0,1,736,8651,ohlcv-1s
2019-03-20,ZF.v.0,1,744976,2888,ohlcv-1s
2019-03-20,ZN.v.0,1,126136,3755,ohlcv-1s
2019-03-20,ZT.v.0,1,291847,1856,ohlcv-1s
2019-05-01,ES.v.0,1,736,8366,ohlcv-1s
2019-05-01,ZF.v.0,1,744976,3036,ohlcv-1s
2019-05-01,ZN.v.0,1,126136,3509,ohlcv-1s
2019-05-01,ZT.v.0,1,291847,2424,ohlcv-1s
2019-06-19,ES.v.0,1,37699,8080,ohlcv-1s
2019-06-19,ZF.v.0,1,325424,3808,ohlcv-1s
2019-06-19,ZN.v.0,1,596431,3979,ohlcv-1s
2019-06-19,ZT.v.0,1,325594,2896,ohlcv-1s
2019-07-31,ES.v.0,1,37699,8933,ohlcv-1s
2019-07-31,ZF.v.0,1,325424,4175,ohlcv-1s
2019-07-31,ZN.v.0,1,596431,4693,ohlcv-1s
2019-07-31,ZT.v.0,1,325594,3623,ohlcv-1s
2019-09-18,ES.v.0,1,16145,8543,ohlcv-1s
2019-09-18,ZF.v.0,1,664001,3575,ohlcv-1s
2019-09-18,ZN.v.0,1,59121,4123,ohlcv-1s
2019-09-18,ZT.v.0,1,429364,2950,ohlcv-1s
2019-10-30,ES.v.0,1,16145,7922,ohlcv-1s
2019-10-30,ZF.v.0,1,664001,2993,ohlcv-1s
2019-10-30,ZN.v.0,1,59121,3447,ohlcv-1s
2019-10-30,ZT.v.0,1,429364,1908,ohlcv-1s
2019-12-11,ES.v.0,1,16145,6742,ohlcv-1s
2019-12-11,ZF.v.0,1,398722,2025,ohlcv-1s
2019-12-11,ZN.v.0,1,771691,2424,ohlcv-1s
2019-12-11,ZT.v.0,1,499590,1779,ohlcv-1s
2020-01-29,ES.v.0,1,10571,7968,ohlcv-1s
2020-01-29,ZF.v.0,1,398722,2217,ohlcv-1s
2020-01-29,ZN.v.0,1,771691,2530,ohlcv-1s
2020-01-29,ZT.v.0,1,499590,1402,ohlcv-1s
2020-03-03,ES.v.0,1,10571,9866,ohlcv-1s
2020-03-03,ZF.v.0,1,289061,5837,ohlcv-1s
2020-03-03,ZN.v.0,1,105872,6336,ohlcv-1s
2020-03-03,ZT.v.0,1,246386,4360,ohlcv-1s
2020-04-29,ES.v.0,1,21336,9461,ohlcv-1s
2020-04-29,ZF.v.0,1,289061,2325,ohlcv-1s
2020-04-29,ZN.v.0,1,105872,2719,ohlcv-1s
2020-04-29,ZT.v.0,1,246386,1481,ohlcv-1s
2020-06-10,ES.v.0,1,21336,9268,ohlcv-1s
2020-06-10,ZF.v.0,1,519170,2963,ohlcv-1s
2020-06-10,ZN.v.0,1,421732,3810,ohlcv-1s
2020-06-10,ZT.v.0,1,755741,1318,ohlcv-1s
2020-07-29,ES.v.0,1,12181,8223,ohlcv-1s
2020-07-29,ZF.v.0,1,519170,1968,ohlcv-1s
2020-07-29,ZN.v.0,1,421732,2015,ohlcv-1s
2020-07-29,ZT.v.0,1,755741,1146,ohlcv-1s
2020-09-16,ES.v.0,1,19100,9280,ohlcv-1s
2020-09-16,ZF.v.0,1,387791,1998,ohlcv-1s
2020-09-16,ZN.v.0,1,480372,2465,ohlcv-1s
2020-09-16,ZT.v.0,1,793979,942,ohlcv-1s
2020-11-05,ES.v.0,1,19100,8979,ohlcv-1s
2020-11-05,ZF.v.0,1,387791,1482,ohlcv-1s
2020-11-05,ZN.v.0,1,480372,2202,ohlcv-1s
2020-11-05,ZT.v.0,1,793979,3274,ohlcv-1s
2020-12-16,ES.v.0,1,5482,8033,ohlcv-1s
2020-12-16,ZF.v.0,1,423628,2021,ohlcv-1s
2020-12-16,ZN.v.0,1,204527,2590,ohlcv-1s
2020-12-16,ZT.v.0,1,664909,792,ohlcv-1s
2021-01-27,ES.v.0,1,5482,9645,ohlcv-1s
2021-01-27,ZF.v.0,1,423628,2039,ohlcv-1s
2021-01-27,ZN.v.0,1,204527,2228,ohlcv-1s
2021-01-27,ZT.v.0,1,664909,1718,ohlcv-1s
2021-03-17,ES.v.0,1,3853,9194,ohlcv-1s
2021-03-17,ZF.v.0,1,798160,4139,ohlcv-1s
2021-03-17,ZN.v.0,1,408794,4758,ohlcv-1s
2021-03-17,ZT.v.0,1,725358,2051,ohlcv-1s
2021-04-28,ES.v.0,1,3853,8372,ohlcv-1s
2021-04-28,ZF.v.0,1,798160,2238,ohlcv-1s
2021-04-28,ZN.v.0,1,408794,2756,ohlcv-1s
2021-04-28,ZT.v.0,1,725358,909,ohlcv-1s
2021-06-16,ES.v.0,1,1030,9207,ohlcv-1s
2021-06-16,ZF.v.0,1,312739,4281,ohlcv-1s
2021-06-16,ZN.v.0,1,703006,4901,ohlcv-1s
2021-06-16,ZT.v.0,1,503535,2466,ohlcv-1s
2021-07-28,ES.v.0,1,1030,9039,ohlcv-1s
2021-07-28,ZF.v.0,1,312739,2863,ohlcv-1s
2021-07-28,ZN.v.0,1,703006,3544,ohlcv-1s
2021-07-28,ZT.v.0,1,503535,1552,ohlcv-1s
2021-09-22,ES.v.0,1,8858,9572,ohlcv-1s
2021-09-22,ZF.v.0,1,160021,3287,ohlcv-1s
2021-09-22,ZN.v.0,1,507886,3565,ohlcv-1s
2021-09-22,ZT.v.0,1,631740,1708,ohlcv-1s
2021-11-03,ES.v.0,1,8858,8764,ohlcv-1s
2021-11-03,ZF.v.0,1,160021,4082,ohlcv-1s
2021-11-03,ZN.v.0,1,507886,4135,ohlcv-1s
2021-11-03,ZT.v.0,1,631740,2349,ohlcv-1s
2021-12-15,ES.v.0,1,5782,9856,ohlcv-1s
2021-12-15,ZF.v.0,1,291911,3686,ohlcv-1s
2021-12-15,ZN.v.0,1,768155,3932,ohlcv-1s
2021-12-15,ZT.v.0,1,798635,2260,ohlcv-1s
2022-01-26,ES.v.0,1,5782,10418,ohlcv-1s
2022-01-26,ZF.v.0,1,291911,4786,ohlcv-1s
2022-01-26,ZN.v.0,1,768155,5150,ohlcv-1s
2022-01-26,ZT.v.0,1,798635,3303,ohlcv-1s
2022-03-16,ES.v.0,1,3403,10313,ohlcv-1s
2022-03-16,ZF.v.0,1,357137,5321,ohlcv-1s
2022-03-16,ZN.v.0,1,146095,5167,ohlcv-1s
2022-03-16,ZT.v.0,1,740745,4014,ohlcv-1s
2022-05-04,ES.v.0,1,3403,10267,ohlcv-1s
2022-05-04,ZF.v.0,1,357137,5779,ohlcv-1s
2022-05-04,ZN.v.0,1,146095,5166,ohlcv-1s
2022-05-04,ZT.v.0,1,740745,4205,ohlcv-1s
2022-06-15,ES.v.0,1,97042,10174,ohlcv-1s
2022-06-15,ZF.v.0,1,94237,5944,ohlcv-1s
2022-06-15,ZN.v.0,1,234665,5864,ohlcv-1s
2022-06-15,ZT.v.0,1,429465,4726,ohlcv-1s
2022-07-27,ES.v.0,1,97042,10159,ohlcv-1s
2022-07-27,ZF.v.0,1,94237,5285,ohlcv-1s
2022-07-27,ZN.v.0,1,234665,4787,ohlcv-1s
2022-07-27,ZT.v.0,1,429465,3822,ohlcv-1s
2022-09-21,ES.v.0,1,206323,10374,ohlcv-1s
2022-09-21,ZF.v.0,1,406280,6009,ohlcv-1s
2022-09-21,ZN.v.0,1,71412,5643,ohlcv-1s
2022-09-21,ZT.v.0,1,512153,4623,ohlcv-1s
2022-11-02,ES.v.0,1,206323,10306,ohlcv-1s
2022-11-02,ZF.v.0,1,406280,5925,ohlcv-1s
2022-11-02,ZN.v.0,1,71412,5389,ohlcv-1s
2022-11-02,ZT.v.0,1,512153,4268,ohlcv-1s
2022-12-14,ES.v.0,1,206299,9961,ohlcv-1s
2022-12-14,ZF.v.0,1,492654,5273,ohlcv-1s
2022-12-14,ZN.v.0,1,397730,4884,ohlcv-1s
2022-12-14,ZT.v.0,1,755188,3890,ohlcv-1s
2023-02-01,ES.v.0,1,206299,10259,ohlcv-1s
2023-02-01,ZF.v.0,1,492654,5093,ohlcv-1s
2023-02-01,ZN.v.0,1,397730,4823,ohlcv-1s
2023-02-01,ZT.v.0,1,755188,3704,ohlcv-1s
2023-03-22,ES.v.0,1,95414,10160,ohlcv-1s
2023-03-22,ZF.v.0,1,687964,6743,ohlcv-1s
2023-03-22,ZN.v.0,1,69078,6362,ohlcv-1s
2023-03-22,ZT.v.0,1,699486,6215,ohlcv-1s
2023-05-03,ES.v.0,1,95414,9916,ohlcv-1s
2023-05-03,ZF.v.0,1,687964,4913,ohlcv-1s
2023-05-03,ZN.v.0,1,69078,4750,ohlcv-1s
2023-05-03,ZT.v.0,1,699486,4116,ohlcv-1s
2023-06-14,ES.v.0,1,3445,9610,ohlcv-1s
2023-06-14,ZF.v.0,1,404144,5354,ohlcv-1s
2023-06-14,ZN.v.0,1,338574,4926,ohlcv-1s
2023-06-14,ZT.v.0,1,72156,4669,ohlcv-1s
2023-07-26,ES.v.0,1,3445,9301,ohlcv-1s
2023-07-26,ZF.v.0,1,404144,4233,ohlcv-1s
2023-07-26,ZN.v.0,1,338574,3721,ohlcv-1s
2023-07-26,ZT.v.0,1,72156,3298,ohlcv-1s
2023-09-20,ES.v.0,1,314863,9725,ohlcv-1s
2023-09-20,ZF.v.0,1,410749,4775,ohlcv-1s
2023-09-20,ZN.v.0,1,12212,5048,ohlcv-1s
2023-09-20,ZT.v.0,1,287686,3473,ohlcv-1s
2023-11-01,ES.v.0,1,314863,9668,ohlcv-1s
2023-11-01,ZF.v.0,1,410749,4319,ohlcv-1s
2023-11-01,ZN.v.0,1,12212,4658,ohlcv-1s
2023-11-01,ZT.v.0,1,287686,3270,ohlcv-1s
2023-12-13,ES.v.0,1,17077,9375,ohlcv-1s
2023-12-13,ZF.v.0,1,4130291,5426,ohlcv-1s
2023-12-13,ZN.v.0,1,110030,5398,ohlcv-1s
2023-12-13,ZT.v.0,1,4131634,4845,ohlcv-1s
2024-01-31,ES.v.0,1,17077,9775,ohlcv-1s
2024-01-31,ZF.v.0,1,4130291,5669,ohlcv-1s
2024-01-31,ZN.v.0,1,110030,5318,ohlcv-1s
2024-01-31,ZT.v.0,1,4131634,4564,ohlcv-1s
2024-03-20,ES.v.0,1,5602,9832,ohlcv-1s
2024-03-20,ZF.v.0,1,42035227,4530,ohlcv-1s
2024-03-20,ZN.v.0,1,42004501,4580,ohlcv-1s
2024-03-20,ZT.v.0,1,42063883,3775,ohlcv-1s
2024-05-01,ES.v.0,1,5602,9978,ohlcv-1s
2024-05-01,ZF.v.0,1,42035227,4419,ohlcv-1s
2024-05-01,ZN.v.0,1,42004501,4794,ohlcv-1s
2024-05-01,ZT.v.0,1,42063883,3547,ohlcv-1s
2024-06-12,ES.v.0,1,5602,9957,ohlcv-1s
2024-06-12,ZF.v.0,1,42064863,3674,ohlcv-1s
2024-06-12,ZN.v.0,1,42002321,4044,ohlcv-1s
2024-06-12,ZT.v.0,1,42052036,2921,ohlcv-1s
2024-07-31,ES.v.0,1,118,10515,ohlcv-1s
2024-07-31,ZF.v.0,1,42064863,4572,ohlcv-1s
2024-07-31,ZN.v.0,1,42002321,4693,ohlcv-1s
2024-07-31,ZT.v.0,1,42052036,3619,ohlcv-1s
2024-09-18,ES.v.0,1,183748,10008,ohlcv-1s
2024-09-18,ZF.v.0,1,42126625,5036,ohlcv-1s
2024-09-18,ZN.v.0,1,42000697,5574,ohlcv-1s
2024-09-18,ZT.v.0,1,42156159,4389,ohlcv-1s
2024-11-07,ES.v.0,1,183748,9398,ohlcv-1s
2024-11-07,ZF.v.0,1,42126625,3744,ohlcv-1s
2024-11-07,ZN.v.0,1,42000697,4124,ohlcv-1s
2024-11-07,ZT.v.0,1,42156159,2925,ohlcv-1s
2024-12-18,ES.v.0,1,5002,10296,ohlcv-1s
2024-12-18,ZF.v.0,1,42072515,4536,ohlcv-1s
2024-12-18,ZN.v.0,1,42002219,5369,ohlcv-1s
2024-12-18,ZT.v.0,1,42111442,4084,ohlcv-1s
2025-01-29,ES.v.0,1,5002,10498,ohlcv-1s
2025-01-29,ZF.v.0,1,42072515,3269,ohlcv-1s
2025-01-29,ZN.v.0,1,42002219,4055,ohlcv-1s
2025-01-29,ZT.v.0,1,42111442,2481,ohlcv-1s
2025-03-19,ES.v.0,1,4916,9972,ohlcv-1s
2025-03-19,ZF.v.0,1,42325990,4270,ohlcv-1s
2025-03-19,ZN.v.0,1,42004113,4435,ohlcv-1s
2025-03-19,ZT.v.0,1,42325992,3308,ohlcv-1s
2025-05-07,ES.v.0,1,4916,10316,ohlcv-1s
2025-05-07,ZF.v.0,1,42325990,3141,ohlcv-1s
2025-05-07,ZN.v.0,1,42004113,3798,ohlcv-1s
2025-05-07,ZT.v.0,1,42325992,2676,ohlcv-1s
2025-06-18,ES.v.0,1,14160,9691,ohlcv-1s
2025-06-18,ZF.v.0,1,42018711,2926,ohlcv-1s
2025-06-18,ZN.v.0,1,42066706,3488,ohlcv-1s
2025-06-18,ZT.v.0,1,42374425,2213,ohlcv-1s
2025-07-30,ES.v.0,1,14160,9892,ohlcv-1s
2025-07-30,ZF.v.0,1,42018711,3483,ohlcv-1s
2025-07-30,ZN.v.0,1,42066706,4170,ohlcv-1s
2025-07-30,ZT.v.0,1,42374425,3091,ohlcv-1s
2025-09-17,ES.v.0,1,294973,9509,ohlcv-1s
2025-09-17,ZF.v.0,1,42240451,3942,ohlcv-1s
2025-09-17,ZN.v.0,1,42002111,4639,ohlcv-1s
2025-09-17,ZT.v.0,1,42296720,3002,ohlcv-1s
2025-10-29,ES.v.0,1,294973,10287,ohlcv-1s
2025-10-29,ZF.v.0,1,42240451,3881,ohlcv-1s
2025-10-29,ZN.v.0,1,42002111,4671,ohlcv-1s
2025-10-29,ZT.v.0,1,42296720,3125,ohlcv-1s
2025-12-10,ES.v.0,1,294973,10016,ohlcv-1s
2025-12-10,ZF.v.0,1,42278557,3829,ohlcv-1s
2025-12-10,ZN.v.0,1,42004475,5017,ohlcv-1s
2025-12-10,ZT.v.0,1,42228527,2901,ohlcv-1s
2026-01-28,ES.v.0,1,42140878,9841,ohlcv-1s
2026-01-28,ZF.v.0,1,42278557,2334,ohlcv-1s
2026-01-28,ZN.v.0,1,42004475,2619,ohlcv-1s
2026-01-28,ZT.v.0,1,42228527,1420,ohlcv-1s
2026-03-18,ES.v.0,1,42140864,10472,ohlcv-1s
2026-03-18,ZF.v.0,1,42156042,3248,ohlcv-1s
2026-03-18,ZN.v.0,1,42000661,3179,ohlcv-1s
2026-03-18,ZT.v.0,1,42370722,2718,ohlcv-1s
2026-04-29,ES.v.0,1,42140864,10202,ohlcv-1s
2026-04-29,ZF.v.0,1,42156042,3330,ohlcv-1s
2026-04-29,ZN.v.0,1,42000661,3459,ohlcv-1s
2026-04-29,ZT.v.0,1,42370722,2828,ohlcv-1s
2026-06-17,ES.v.0,1,42140870,10355,ohlcv-1s
2026-06-17,ZF.v.0,1,42725984,4950,ohlcv-1s
2026-06-17,ZN.v.0,1,42001136,4442,ohlcv-1s
2026-06-17,ZT.v.0,1,42670574,4458,ohlcv-1s
2026-07-29,ES.v.0,1,42140870,10681,ohlcv-1s
2026-07-29,ZF.v.0,1,42725984,5550,ohlcv-1s
2026-07-29,ZN.v.0,1,42001136,4301,ohlcv-1s
2026-07-29,ZT.v.0,1,42670574,4335,ohlcv-1s
2026-09-16,ES.v.0,1,10252,9653,ohlcv-1s
2026-09-16,ZF.v.0,1,42501731,4342,ohlcv-1s
2026-09-16,ZN.v.0,1,42001080,4397,ohlcv-1s
2026-09-16,ZT.v.0,1,42413280,3915,ohlcv-1s
2016-03-16,ES.v.0,1,6505,10000,bbo-1s
2016-03-16,ZN.v.0,1,771901,9706,bbo-1s
2016-03-16,ZT.v.0,1,684812,6257,bbo-1s
2016-06-15,ES.v.0,1,2615,9957,bbo-1s
2016-06-15,ZN.v.0,1,732065,8717,bbo-1s
2016-06-15,ZT.v.0,1,688154,5568,bbo-1s
2016-09-21,ES.v.0,1,2928,10091,bbo-1s
2016-09-21,ZN.v.0,1,120107,8818,bbo-1s
2016-09-21,ZT.v.0,1,740072,5722,bbo-1s
2016-12-14,ES.v.0,1,35903,9946,bbo-1s
2016-12-14,ZN.v.0,1,208387,9941,bbo-1s
2016-12-14,ZT.v.0,1,596182,7496,bbo-1s
2017-03-15,ES.v.0,1,9006,9977,bbo-1s
2017-03-15,ZN.v.0,1,353160,9723,bbo-1s
2017-03-15,ZT.v.0,1,187401,6755,bbo-1s
2017-06-14,ES.v.0,1,24842,9848,bbo-1s
2017-06-14,ZN.v.0,1,357060,9738,bbo-1s
2017-06-14,ZT.v.0,1,325068,5907,bbo-1s
2017-09-20,ES.v.0,1,23936,9799,bbo-1s
2017-09-20,ZN.v.0,1,793429,9243,bbo-1s
2017-09-20,ZT.v.0,1,107232,5975,bbo-1s
2017-12-13,ES.v.0,1,21168,9757,bbo-1s
2017-12-13,ZN.v.0,1,525443,8977,bbo-1s
2017-12-13,ZT.v.0,1,531149,6039,bbo-1s
2018-03-21,ES.v.0,1,23252,9908,bbo-1s
2018-03-21,ZN.v.0,1,615592,9547,bbo-1s
2018-03-21,ZT.v.0,1,434845,6995,bbo-1s
2018-06-13,ES.v.0,1,57287,9732,bbo-1s
2018-06-13,ZN.v.0,1,799743,9266,bbo-1s
2018-06-13,ZT.v.0,1,587209,6717,bbo-1s
2018-09-26,ES.v.0,1,16114,9820,bbo-1s
2018-09-26,ZN.v.0,1,480218,9146,bbo-1s
2018-09-26,ZT.v.0,1,149404,6411,bbo-1s
2018-12-19,ES.v.0,1,18720,9922,bbo-1s
2018-12-19,ZN.v.0,1,98159,10351,bbo-1s
2018-12-19,ZT.v.0,1,75896,9113,bbo-1s
2019-01-30,ES.v.0,1,18720,9885,bbo-1s
2019-01-30,ZN.v.0,1,98159,9468,bbo-1s
2019-01-30,ZT.v.0,1,75896,7516,bbo-1s
2019-03-20,ES.v.0,1,736,9890,bbo-1s
2019-03-20,ZN.v.0,1,126136,9726,bbo-1s
2019-03-20,ZT.v.0,1,291847,7468,bbo-1s
2019-05-01,ES.v.0,1,736,9848,bbo-1s
2019-05-01,ZN.v.0,1,126136,9717,bbo-1s
2019-05-01,ZT.v.0,1,291847,8356,bbo-1s
2019-06-19,ES.v.0,1,37699,9868,bbo-1s
2019-06-19,ZN.v.0,1,596431,9771,bbo-1s
2019-06-19,ZT.v.0,1,325594,9122,bbo-1s
2019-07-31,ES.v.0,1,37699,9911,bbo-1s
2019-07-31,ZN.v.0,1,596431,9760,bbo-1s
2019-07-31,ZT.v.0,1,325594,9096,bbo-1s
2019-09-18,ES.v.0,1,16145,9878,bbo-1s
2019-09-18,ZN.v.0,1,59121,9516,bbo-1s
2019-09-18,ZT.v.0,1,429364,8764,bbo-1s
2019-10-30,ES.v.0,1,16145,9841,bbo-1s
2019-10-30,ZN.v.0,1,59121,9372,bbo-1s
2019-10-30,ZT.v.0,1,429364,7941,bbo-1s
2019-12-11,ES.v.0,1,16145,9787,bbo-1s
2019-12-11,ZN.v.0,1,771691,8448,bbo-1s
2019-12-11,ZT.v.0,1,499590,6955,bbo-1s
2020-01-29,ES.v.0,1,10571,9896,bbo-1s
2020-01-29,ZN.v.0,1,771691,9382,bbo-1s
2020-01-29,ZT.v.0,1,499590,7639,bbo-1s
2020-03-03,ES.v.0,1,10571,9922,bbo-1s
2020-03-03,ZN.v.0,1,105872,10420,bbo-1s
2020-03-03,ZT.v.0,1,246386,10318,bbo-1s
2020-03-15,ES.v.0,1,10571,1,bbo-1s
2020-03-15,ZN.v.0,1,105872,1,bbo-1s
2020-03-15,ZT.v.0,1,246386,1,bbo-1s
2020-04-29,ES.v.0,1,21336,9922,bbo-1s
2020-04-29,ZN.v.0,1,105872,9399,bbo-1s
2020-04-29,ZT.v.0,1,246386,7419,bbo-1s
2020-06-10,ES.v.0,1,21336,9918,bbo-1s
2020-06-10,ZN.v.0,1,421732,9861,bbo-1s
2020-06-10,ZT.v.0,1,755741,7996,bbo-1s
2020-07-29,ES.v.0,1,12181,9919,bbo-1s
2020-07-29,ZN.v.0,1,421732,8264,bbo-1s
2020-07-29,ZT.v.0,1,755741,5506,bbo-1s
2020-09-16,ES.v.0,1,19100,9898,bbo-1s
2020-09-16,ZN.v.0,1,480372,9087,bbo-1s
2020-09-16,ZT.v.0,1,793979,6092,bbo-1s
2020-11-05,ES.v.0,1,19100,9899,bbo-1s
2020-11-05,ZN.v.0,1,480372,8000,bbo-1s
2020-11-05,ZT.v.0,1,793979,6785,bbo-1s
2020-12-16,ES.v.0,1,5482,9881,bbo-1s
2020-12-16,ZN.v.0,1,204527,8739,bbo-1s
2020-12-16,ZT.v.0,1,664909,5620,bbo-1s
2021-01-27,ES.v.0,1,5482,9958,bbo-1s
2021-01-27,ZN.v.0,1,204527,9514,bbo-1s
2021-01-27,ZT.v.0,1,664909,5738,bbo-1s
2021-03-17,ES.v.0,1,3853,9948,bbo-1s
2021-03-17,ZN.v.0,1,408794,10337,bbo-1s
2021-03-17,ZT.v.0,1,725358,7024,bbo-1s
2021-04-28,ES.v.0,1,3853,9921,bbo-1s
2021-04-28,ZN.v.0,1,408794,8657,bbo-1s
2021-04-28,ZT.v.0,1,725358,5538,bbo-1s
2021-06-16,ES.v.0,1,1030,9937,bbo-1s
2021-06-16,ZN.v.0,1,703006,9805,bbo-1s
2021-06-16,ZT.v.0,1,503535,7600,bbo-1s
2021-07-28,ES.v.0,1,1030,10612,bbo-1s
2021-07-28,ZN.v.0,1,703006,9629,bbo-1s
2021-07-28,ZT.v.0,1,503535,7303,bbo-1s
2021-09-22,ES.v.0,1,8858,10488,bbo-1s
2021-09-22,ZN.v.0,1,507886,9382,bbo-1s
2021-09-22,ZT.v.0,1,631740,7363,bbo-1s
2021-11-03,ES.v.0,1,8858,10527,bbo-1s
2021-11-03,ZN.v.0,1,507886,9807,bbo-1s
2021-11-03,ZT.v.0,1,631740,7723,bbo-1s
2021-12-15,ES.v.0,1,5782,10548,bbo-1s
2021-12-15,ZN.v.0,1,768155,9721,bbo-1s
2021-12-15,ZT.v.0,1,798635,7940,bbo-1s
2022-01-26,ES.v.0,1,5782,10686,bbo-1s
2022-01-26,ZN.v.0,1,768155,10349,bbo-1s
2022-01-26,ZT.v.0,1,798635,9449,bbo-1s
2022-03-16,ES.v.0,1,3403,10729,bbo-1s
2022-03-16,ZN.v.0,1,146095,10268,bbo-1s
2022-03-16,ZT.v.0,1,740745,9614,bbo-1s
2022-05-04,ES.v.0,1,3403,10743,bbo-1s
2022-05-04,ZN.v.0,1,146095,9966,bbo-1s
2022-05-04,ZT.v.0,1,740745,9332,bbo-1s
2022-06-15,ES.v.0,1,97042,10631,bbo-1s
2022-06-15,ZN.v.0,1,234665,10215,bbo-1s
2022-06-15,ZT.v.0,1,429465,9356,bbo-1s
2022-07-27,ES.v.0,1,97042,10761,bbo-1s
2022-07-27,ZN.v.0,1,234665,9878,bbo-1s
2022-07-27,ZT.v.0,1,429465,8888,bbo-1s
2022-09-21,ES.v.0,1,206323,10785,bbo-1s
2022-09-21,ZN.v.0,1,71412,9964,bbo-1s
2022-09-21,ZT.v.0,1,512153,9405,bbo-1s
2022-11-02,ES.v.0,1,206323,10769,bbo-1s
2022-11-02,ZN.v.0,1,71412,9900,bbo-1s
2022-11-02,ZT.v.0,1,512153,9106,bbo-1s
2022-12-14,ES.v.0,1,206299,10574,bbo-1s
2022-12-14,ZN.v.0,1,397730,9758,bbo-1s
2022-12-14,ZT.v.0,1,755188,8565,bbo-1s
2023-02-01,ES.v.0,1,206299,10760,bbo-1s
2023-02-01,ZN.v.0,1,397730,10072,bbo-1s
2023-02-01,ZT.v.0,1,755188,8755,bbo-1s
2023-03-22,ES.v.0,1,95414,10743,bbo-1s
2023-03-22,ZN.v.0,1,69078,10381,bbo-1s
2023-03-22,ZT.v.0,1,699486,9793,bbo-1s
2023-05-03,ES.v.0,1,95414,10660,bbo-1s
2023-05-03,ZN.v.0,1,69078,9933,bbo-1s
2023-05-03,ZT.v.0,1,699486,8984,bbo-1s
2023-06-14,ES.v.0,1,3445,10618,bbo-1s
2023-06-14,ZN.v.0,1,338574,9655,bbo-1s
2023-06-14,ZT.v.0,1,72156,9204,bbo-1s
2023-07-26,ES.v.0,1,3445,10692,bbo-1s
2023-07-26,ZN.v.0,1,338574,9281,bbo-1s
2023-07-26,ZT.v.0,1,72156,8538,bbo-1s
2023-09-20,ES.v.0,1,314863,10703,bbo-1s
2023-09-20,ZN.v.0,1,12212,10154,bbo-1s
2023-09-20,ZT.v.0,1,287686,9349,bbo-1s
2023-11-01,ES.v.0,1,314863,10605,bbo-1s
2023-11-01,ZN.v.0,1,12212,9940,bbo-1s
2023-11-01,ZT.v.0,1,287686,8848,bbo-1s
2023-12-13,ES.v.0,1,17077,10664,bbo-1s
2023-12-13,ZN.v.0,1,110030,10077,bbo-1s
2023-12-13,ZT.v.0,1,4131634,9348,bbo-1s
2024-01-31,ES.v.0,1,17077,10673,bbo-1s
2024-01-31,ZN.v.0,1,110030,10481,bbo-1s
2024-01-31,ZT.v.0,1,4131634,9757,bbo-1s
2024-03-20,ES.v.0,1,5602,10737,bbo-1s
2024-03-20,ZN.v.0,1,42004501,9747,bbo-1s
2024-03-20,ZT.v.0,1,42063883,8865,bbo-1s
2024-05-01,ES.v.0,1,5602,10702,bbo-1s
2024-05-01,ZN.v.0,1,42004501,9903,bbo-1s
2024-05-01,ZT.v.0,1,42063883,9147,bbo-1s
2024-06-12,ES.v.0,1,5602,10741,bbo-1s
2024-06-12,ZN.v.0,1,42002321,9636,bbo-1s
2024-06-12,ZT.v.0,1,42052036,8488,bbo-1s
2024-07-31,ES.v.0,1,118,10789,bbo-1s
2024-07-31,ZN.v.0,1,42002321,10338,bbo-1s
2024-07-31,ZT.v.0,1,42052036,9562,bbo-1s
2024-09-18,ES.v.0,1,183748,10705,bbo-1s
2024-09-18,ZN.v.0,1,42000697,10201,bbo-1s
2024-09-18,ZT.v.0,1,42156159,9705,bbo-1s
2024-11-07,ES.v.0,1,183748,10686,bbo-1s
2024-11-07,ZN.v.0,1,42000697,9463,bbo-1s
2024-11-07,ZT.v.0,1,42156159,8766,bbo-1s
2024-12-18,ES.v.0,1,5002,10795,bbo-1s
2024-12-18,ZN.v.0,1,42002219,10200,bbo-1s
2024-12-18,ZT.v.0,1,42111442,9543,bbo-1s
2025-01-29,ES.v.0,1,5002,10777,bbo-1s
2025-01-29,ZN.v.0,1,42002219,9574,bbo-1s
2025-01-29,ZT.v.0,1,42111442,8643,bbo-1s
2025-03-19,ES.v.0,1,4916,10630,bbo-1s
2025-03-19,ZN.v.0,1,42004113,9927,bbo-1s
2025-03-19,ZT.v.0,1,42325992,9197,bbo-1s
2025-05-07,ES.v.0,1,4916,10766,bbo-1s
2025-05-07,ZN.v.0,1,42004113,9863,bbo-1s
2025-05-07,ZT.v.0,1,42325992,9416,bbo-1s
2025-06-18,ES.v.0,1,14160,10661,bbo-1s
2025-06-18,ZN.v.0,1,42066706,9530,bbo-1s
2025-06-18,ZT.v.0,1,42374425,9111,bbo-1s
2025-07-30,ES.v.0,1,14160,10792,bbo-1s
2025-07-30,ZN.v.0,1,42066706,9908,bbo-1s
2025-07-30,ZT.v.0,1,42374425,9633,bbo-1s
2025-09-17,ES.v.0,1,294973,10721,bbo-1s
2025-09-17,ZN.v.0,1,42002111,10057,bbo-1s
2025-09-17,ZT.v.0,1,42296720,9740,bbo-1s
2025-10-29,ES.v.0,1,294973,10794,bbo-1s
2025-10-29,ZN.v.0,1,42002111,10139,bbo-1s
2025-10-29,ZT.v.0,1,42296720,9429,bbo-1s
2025-12-10,ES.v.0,1,294973,10775,bbo-1s
2025-12-10,ZN.v.0,1,42004475,10056,bbo-1s
2025-12-10,ZT.v.0,1,42228527,10115,bbo-1s
2026-01-28,ES.v.0,1,42140878,10797,bbo-1s
2026-01-28,ZN.v.0,1,42004475,8993,bbo-1s
2026-01-28,ZT.v.0,1,42228527,7913,bbo-1s
2026-03-18,ES.v.0,1,42140864,10796,bbo-1s
2026-03-18,ZN.v.0,1,42000661,9916,bbo-1s
2026-03-18,ZT.v.0,1,42370722,9709,bbo-1s
2026-04-29,ES.v.0,1,42140864,10796,bbo-1s
2026-04-29,ZN.v.0,1,42000661,10031,bbo-1s
2026-04-29,ZT.v.0,1,42370722,9640,bbo-1s
2026-06-17,ES.v.0,1,42140870,10793,bbo-1s
2026-06-17,ZN.v.0,1,42001136,10218,bbo-1s
2026-06-17,ZT.v.0,1,42670574,9933,bbo-1s
2026-07-29,ES.v.0,1,42140870,10796,bbo-1s
2026-07-29,ZN.v.0,1,42001136,10549,bbo-1s
2026-07-29,ZT.v.0,1,42670574,10386,bbo-1s
2026-09-16,ES.v.0,1,10252,10737,bbo-1s
2026-09-16,ZN.v.0,1,42001080,10368,bbo-1s
2026-09-16,ZT.v.0,1,42413280,10224,bbo-1s
