symbol,year,min_step,coarsest_grid
ES.v.0,2016,0.25,0.25
ES.v.0,2017,0.25,0.25
ES.v.0,2018,0.25,0.25
ES.v.0,2019,0.25,0.25
ES.v.0,2020,0.25,0.25
ES.v.0,2021,0.25,0.25
ES.v.0,2022,0.25,0.25
ES.v.0,2023,0.25,0.25
ES.v.0,2024,0.25,0.25
ES.v.0,2025,0.25,0.25
ES.v.0,2026,0.25,0.25
ZF.v.0,2016,0.0078125,0.0078125
ZF.v.0,2017,0.0078125,0.0078125
ZF.v.0,2018,0.0078125,0.0078125
ZF.v.0,2019,0.0078125,0.0078125
ZF.v.0,2020,0.0078125,0.0078125
ZF.v.0,2021,0.0078125,0.0078125
ZF.v.0,2022,0.0078125,0.0078125
ZF.v.0,2023,0.0078125,0.0078125
ZF.v.0,2024,0.0078125,0.0078125
ZF.v.0,2025,0.0078125,0.0078125
ZF.v.0,2026,0.0078125,0.0078125
ZN.v.0,2016,0.015625,0.015625
ZN.v.0,2017,0.015625,0.015625
ZN.v.0,2018,0.015625,0.015625
ZN.v.0,2019,0.015625,0.015625
ZN.v.0,2020,0.015625,0.015625
ZN.v.0,2021,0.015625,0.015625
ZN.v.0,2022,0.015625,0.015625
ZN.v.0,2023,0.015625,0.015625
ZN.v.0,2024,0.015625,0.015625
ZN.v.0,2025,0.015625,0.015625
ZN.v.0,2026,0.015625,0.015625
ZT.v.0,2016,0.0078125,0.0078125
ZT.v.0,2017,0.0078125,0.0078125
ZT.v.0,2018,0.0078125,0.0078125
ZT.v.0,2019,0.00390625,0.00390625
ZT.v.0,2020,0.00390625,0.00390625
ZT.v.0,2021,0.00390625,0.00390625
ZT.v.0,2022,0.00390625,0.00390625
ZT.v.0,2023,0.00390625,0.00390625
ZT.v.0,2024,0.00390625,0.00390625
ZT.v.0,2025,0.00390625,0.00390625
ZT.v.0,2026,0.00390625,0.00390625
