sample,chair,s,R_ZT,resid,date,pos,entry_ts,exit_ts,move_ticks,tick_era,usd_per_tick,C0_ticks,C0_usd,C2_usd,C4_usd,CM_usd,CQ_usd,C2F_usd,hs_entry_ticks,hs_exit_ticks,stale_entry_s,stale_exit_s
2016-2022,Powell,0.144927536231884,0.0001471778644492,0.3780884898658935,2018-03-21,-1.0,2018-03-21 15:15:00-04:00,2018-03-21 15:59:00-04:00,3.0,ZT_1/128_2016-2018,15.625,-3.0,-46.875,-109.375,-171.875,-62.5,-62.5,-113.375,0.5,0.5,4.0,4.0
2016-2022,Powell,-0.0833333333333333,-0.0008118680345412,0.1875486181115279,2018-06-13,-1.0,2018-06-13 15:23:00-04:00,2018-06-13 15:59:00-04:00,2.0,ZT_1/128_2016-2018,15.625,-2.0,-31.25,-93.75,-156.25,-46.875,-46.875,-97.75,0.5,0.5,4.0,0.0
2016-2022,Powell,0.0909090909090908,0.0001483239394839,0.2167337910212851,2018-09-26,-1.0,2018-09-26 15:29:00-04:00,2018-09-26 15:59:00-04:00,1.0,ZT_1/128_2016-2018,15.625,-1.0,-15.625,-78.125,-140.625,-31.25,-31.25,-82.125,0.5,0.5,0.0,0.0
2016-2022,Powell,0.3928571428571428,-7.382253063636934e-05,0.5152636765149583,2018-12-19,-1.0,2018-12-19 15:16:00-05:00,2018-12-19 15:59:00-05:00,-4.0,ZT_1/128_2016-2018,15.625,4.0,62.5,0.0,-62.5,46.875,46.875,-4.0,0.5,0.5,0.0,0.0
2016-2022,Powell,1.1111111111111112,0.000811209439528,1.0575287574199508,2019-01-30,-1.0,2019-01-30 15:19:00-05:00,2019-01-30 15:59:00-05:00,5.0,ZT_1/256_2019+,7.8125,-5.0,-39.0625,-70.3125,-101.5625,-46.875,-54.6875,-74.3125,0.5,0.5,0.0,0.0
2016-2022,Powell,-0.1568627450980392,0.0011400411885849,-0.4312268654662187,2019-03-20,1.0,2019-03-20 15:17:00-04:00,2019-03-20 15:59:00-04:00,3.0,ZT_1/256_2019+,7.8125,3.0,23.4375,-7.8125,-39.0625,15.625,15.625,-11.8125,0.5,0.5,0.0,0.0
2016-2022,Powell,-0.0714285714285714,0.0014551275055476,-0.2426131332084516,2019-06-19,1.0,2019-06-19 15:15:00-04:00,2019-06-19 15:59:00-04:00,7.0,ZT_1/256_2019+,7.8125,7.0,54.6875,23.4375,-7.8125,46.875,39.0625,19.4375,0.5,0.5,0.0,0.0
2016-2022,Powell,0.0,-0.0004002765547105,0.0286716274150899,2019-07-31,-1.0,2019-07-31 15:17:00-04:00,2019-07-31 15:59:00-04:00,7.0,ZT_1/256_2019+,7.8125,-7.0,-54.6875,-85.9375,-117.1875,-62.5,-70.3125,-89.9375,0.5,0.5,0.0,0.0
2016-2022,Powell,-0.3333333333333333,-0.0007255314517884,-0.2751993901238058,2019-09-18,1.0,2019-09-18 15:23:00-04:00,2019-09-18 15:59:00-04:00,11.0,ZT_1/256_2019+,7.8125,11.0,85.9375,54.6875,23.4375,78.125,78.125,50.6875,0.5,0.5,0.0,0.0
2016-2022,Powell,-0.3636363636363636,-0.0001814552712756,-0.3205136157539427,2019-10-30,1.0,2019-10-30 15:19:00-04:00,2019-10-30 15:59:00-04:00,5.0,ZT_1/256_2019+,7.8125,5.0,39.0625,7.8125,-23.4375,31.25,39.0625,3.8125,0.5,0.5,0.0,0.0
2016-2022,Powell,-0.3529411764705882,0.0001450957632036,-0.3236301488425728,2019-12-11,1.0,2019-12-11 15:22:00-05:00,2019-12-11 15:59:00-05:00,-1.0,ZT_1/256_2019+,7.8125,-1.0,-7.8125,-39.0625,-70.3125,-15.625,-15.625,-43.0625,0.5,0.5,1.0,0.0
2016-2022,Powell,-0.2692307692307693,-3.6175523640658014e-05,-0.1970407615853244,2020-01-29,1.0,2020-01-29 15:25:00-05:00,2020-01-29 15:59:00-05:00,0.0,ZT_1/256_2019+,7.8125,0.0,0.0,-31.25,-62.5,-7.8125,-15.625,-35.25,0.5,0.5,0.0,0.0
2016-2022,Powell,-0.7692307692307693,-7.089684509042904e-05,-0.679975199334927,2020-04-29,1.0,2020-04-29 15:19:00-04:00,2020-04-29 15:59:00-04:00,-2.0,ZT_1/256_2019+,7.8125,-2.0,-15.625,-46.875,-78.125,-23.4375,-23.4375,-50.875,0.5,0.5,1.0,0.0
2016-2022,Powell,-0.96875,0.0002124194576222,-0.8780865727661284,2020-06-10,1.0,2020-06-10 15:29:00-04:00,2020-06-10 15:59:00-04:00,3.0,ZT_1/256_2019+,7.8125,3.0,23.4375,-7.8125,-39.0625,15.625,7.8125,-11.8125,0.5,0.5,0.0,0.0
2016-2022,Powell,-0.8333333333333334,3.5368182782713475e-05,-0.6720003113710494,2020-07-29,1.0,2020-07-29 15:31:00-04:00,2020-07-29 15:59:00-04:00,0.0,ZT_1/256_2019+,7.8125,0.0,0.0,-31.25,-62.5,-7.8125,0.0,-35.25,0.5,0.5,0.0,0.0
2016-2022,Powell,-0.0098039215686275,0.0,0.1912336454886895,2020-09-16,-1.0,2020-09-16 15:35:00-04:00,2020-09-16 15:59:00-04:00,0.0,ZT_1/256_2019+,7.8125,-0.0,-0.0,-31.25,-62.5,-7.8125,-7.8125,-35.25,0.5,0.5,0.0,0.0
2016-2022,Powell,0.1346153846153845,3.537694130972824e-05,0.3211584405356005,2020-11-05,-1.0,2020-11-05 15:20:00-05:00,2020-11-05 15:59:00-05:00,0.0,ZT_1/256_2019+,7.8125,-0.0,-0.0,-31.25,-62.5,-7.8125,-7.8125,-35.25,0.5,0.5,0.0,0.0
2016-2022,Powell,0.03,-3.536067892506711e-05,0.2115031663883972,2020-12-16,-1.0,2020-12-16 15:29:00-05:00,2020-12-16 15:59:00-05:00,-1.0,ZT_1/256_2019+,7.8125,1.0,7.8125,-23.4375,-54.6875,0.0,-7.8125,-27.4375,0.5,0.5,7.0,0.0
2016-2022,Powell,0.4,3.535442814217582e-05,0.5620976374755955,2021-01-27,-1.0,2021-01-27 15:26:00-05:00,2021-01-27 15:59:00-05:00,0.0,ZT_1/256_2019+,7.8125,-0.0,-0.0,-31.25,-62.5,-7.8125,-7.8125,-35.25,0.5,0.5,6.0,0.0
2016-2022,Powell,0.75,7.07964601769362e-05,0.8620736349637217,2021-04-28,-1.0,2021-04-28 15:27:00-04:00,2021-04-28 15:59:00-04:00,-2.0,ZT_1/256_2019+,7.8125,2.0,15.625,-15.625,-46.875,7.8125,0.0,-19.625,0.5,0.5,2.0,0.0
2016-2022,Powell,0.8952380952380953,-0.0005311426649198,1.0563523962151031,2021-06-16,-1.0,2021-06-16 15:31:00-04:00,2021-06-16 15:59:00-04:00,-3.0,ZT_1/256_2019+,7.8125,3.0,23.4375,-7.8125,-39.0625,15.625,15.625,-11.8125,0.5,0.5,0.0,0.0
2016-2022,Powell,0.9935483870967744,-0.0001770726351949,1.0533428881790632,2021-07-28,-1.0,2021-07-28 15:26:00-04:00,2021-07-28 15:59:00-04:00,4.0,ZT_1/256_2019+,7.8125,-4.0,-31.25,-62.5,-93.75,-39.0625,-39.0625,-66.5,0.5,0.5,0.0,0.0
2016-2022,Powell,1.085714285714286,-7.092701610045271e-05,1.094157191311372,2021-09-22,-1.0,2021-09-22 15:25:00-04:00,2021-09-22 15:59:00-04:00,-2.0,ZT_1/256_2019+,7.8125,2.0,15.625,-15.625,-46.875,7.8125,0.0,-19.625,0.5,0.5,1.0,0.0
2016-2022,Powell,0.4333333333333333,-0.0001780880467302,0.4088513327280954,2021-11-03,-1.0,2021-11-03 15:27:00-04:00,2021-11-03 15:59:00-04:00,9.0,ZT_1/256_2019+,7.8125,-9.0,-70.3125,-101.5625,-132.8125,-78.125,-78.125,-105.5625,0.5,0.5,0.0,0.0
2016-2022,Powell,0.7487179487179487,-0.0006087517009238,0.7343022849513725,2021-12-15,-1.0,2021-12-15 15:32:00-05:00,2021-12-15 15:59:00-05:00,11.0,ZT_1/256_2019+,7.8125,-11.0,-85.9375,-117.1875,-148.4375,-93.75,-85.9375,-121.1875,0.5,0.5,0.0,0.0
2016-2022,Powell,0.9052631578947368,3.596734165367543e-05,0.8274457709323871,2022-01-26,-1.0,2022-01-26 15:26:00-05:00,2022-01-26 15:59:00-05:00,-10.0,ZT_1/256_2019+,7.8125,10.0,78.125,46.875,15.625,70.3125,78.125,42.875,0.5,0.5,0.0,0.0
2016-2022,Powell,0.0555555555555555,-0.0021965148630839,0.0179486977304832,2022-03-16,-1.0,2022-03-16 15:25:00-04:00,2022-03-16 15:59:00-04:00,9.0,ZT_1/256_2019+,7.8125,-9.0,-70.3125,-101.5625,-132.8125,-78.125,-78.125,-105.5625,0.5,0.5,0.0,0.0
2016-2022,Powell,0.0416666666666666,0.0008169327887115,-0.0880958757506862,2022-05-04,1.0,2022-05-04 15:19:00-04:00,2022-05-04 15:59:00-04:00,19.0,ZT_1/256_2019+,7.8125,19.0,148.4375,117.1875,85.9375,140.625,140.625,113.1875,0.5,0.5,0.0,0.0
2016-2022,Powell,0.625,-0.0007886731513125,0.5460172253996843,2022-06-15,-1.0,2022-06-15 15:28:00-04:00,2022-06-15 15:59:00-04:00,-18.0,ZT_1/256_2019+,7.8125,18.0,140.625,109.375,78.125,132.8125,132.8125,105.375,0.5,0.5,0.0,0.0
2016-2022,Powell,0.5740740740740741,-7.443799315165478e-05,0.4581238688109006,2022-07-27,-1.0,2022-07-27 15:26:00-04:00,2022-07-27 15:59:00-04:00,-5.0,ZT_1/256_2019+,7.8125,5.0,39.0625,7.8125,-23.4375,31.25,31.25,3.8125,0.5,0.5,0.0,0.0
2016-2022,Powell,0.5869565217391304,-0.0018561309140497,0.4747550678547906,2022-09-21,-1.0,2022-09-21 15:15:00-04:00,2022-09-21 15:59:00-04:00,-9.0,ZT_1/256_2019+,7.8125,9.0,70.3125,39.0625,7.8125,62.5,62.5,35.0625,0.5,0.5,0.0,0.0
confirmation,Powell,0.3428571428571428,0.001703642008026,0.1982433461813429,2023-03-22,-1.0,2023-03-22 15:15:00-04:00,2023-03-22 15:59:00-04:00,15.0,ZT_1/256_2019+,7.8125,-15.0,-117.1875,-148.4375,-179.6875,-125.0,-125.0,-152.4375,0.5,0.5,1.0,0.0
confirmation,Powell,0.2327586206896552,-0.0002267573696145,0.1099688842983959,2023-05-03,-1.0,2023-05-03 15:21:00-04:00,2023-05-03 15:59:00-04:00,34.0,ZT_1/256_2019+,7.8125,-34.0,-265.625,-296.875,-328.125,-273.4375,-273.4375,-300.875,0.5,0.5,0.0,0.0
confirmation,Powell,-0.1120689655172413,-0.0013476051131988,-0.2099925432586665,2023-09-20,1.0,2023-09-20 15:26:00-04:00,2023-09-20 15:59:00-04:00,-12.0,ZT_1/256_2019+,7.8125,-12.0,-93.75,-125.0,-156.25,-101.5625,-93.75,-129.0,0.5,0.5,0.0,0.0
confirmation,Powell,0.4791666666666666,-0.0002279981760145,0.3517434759872337,2024-01-31,-1.0,2024-01-31 15:21:00-05:00,2024-01-31 15:59:00-05:00,21.0,ZT_1/256_2019+,7.8125,-21.0,-164.0625,-195.3125,-226.5625,-171.875,-171.875,-199.3125,0.5,0.5,0.0,0.0
confirmation,Powell,0.5476190476190476,0.000308297044202,0.3957023694640141,2024-05-01,-1.0,2024-05-01 15:21:00-04:00,2024-05-01 15:59:00-04:00,2.0,ZT_1/256_2019+,7.8125,-2.0,-15.625,-46.875,-78.125,-23.4375,-15.625,-50.875,0.5,0.5,0.0,0.0
confirmation,Powell,0.5595238095238095,-0.0003055884487566,0.4165029366801476,2024-06-12,-1.0,2024-06-12 15:23:00-04:00,2024-06-12 15:59:00-04:00,-14.0,ZT_1/256_2019+,7.8125,14.0,109.375,78.125,46.875,101.5625,93.75,74.125,0.5,0.5,0.0,0.0
confirmation,Powell,0.4715447154471544,-0.0002664230798508,0.3186710025066057,2024-07-31,-1.0,2024-07-31 15:19:00-04:00,2024-07-31 15:59:00-04:00,29.0,ZT_1/256_2019+,7.8125,-29.0,-226.5625,-257.8125,-289.0625,-234.375,-242.1875,-261.8125,0.5,0.5,0.0,0.0
confirmation,Powell,-0.0714285714285714,0.0015737999775171,-0.2770087960797092,2024-09-18,1.0,2024-09-18 15:21:00-04:00,2024-09-18 15:59:00-04:00,-6.0,ZT_1/256_2019+,7.8125,-6.0,-46.875,-78.125,-109.375,-54.6875,-62.5,-82.125,0.5,0.5,0.0,0.0
confirmation,Powell,0.4313725490196078,-0.0002658564375237,0.2745153355741625,2024-11-07,-1.0,2024-11-07 15:14:00-05:00,2024-11-07 15:59:00-05:00,-2.0,ZT_1/256_2019+,7.8125,2.0,15.625,-15.625,-46.875,7.8125,15.625,-19.625,0.5,0.5,0.0,0.0
confirmation,Powell,0.072072072072072,-0.0018221851036367,-0.0678630261907434,2024-12-18,1.0,2024-12-18 15:24:00-05:00,2024-12-18 15:59:00-05:00,1.0,ZT_1/256_2019+,7.8125,1.0,7.8125,-23.4375,-54.6875,0.0,-7.8125,-27.4375,0.5,0.5,0.0,0.0
confirmation,Powell,0.0483870967741935,-0.0004937333839726,-0.1078609084181866,2025-01-29,1.0,2025-01-29 15:21:00-05:00,2025-01-29 15:59:00-05:00,2.0,ZT_1/256_2019+,7.8125,2.0,15.625,-15.625,-46.875,7.8125,0.0,-19.625,0.5,0.5,0.0,0.0
confirmation,Powell,0.1296296296296296,0.001021180030257,-0.0524929911594971,2025-03-19,1.0,2025-03-19 15:21:00-04:00,2025-03-19 15:59:00-04:00,1.0,ZT_1/256_2019+,7.8125,1.0,7.8125,-23.4375,-54.6875,0.0,0.0,-27.4375,0.5,0.5,0.0,0.0
confirmation,Powell,0.1212121212121212,0.0005272871078301,-0.049925103289994,2025-05-07,1.0,2025-05-07 15:19:00-04:00,2025-05-07 15:59:00-04:00,2.0,ZT_1/256_2019+,7.8125,2.0,15.625,-15.625,-46.875,7.8125,15.625,-19.625,0.5,0.5,0.0,0.0
confirmation,Powell,-0.0161290322580645,0.0004521988167465,-0.1847687648078632,2025-06-18,1.0,2025-06-18 15:23:00-04:00,2025-06-18 15:59:00-04:00,2.0,ZT_1/256_2019+,7.8125,2.0,15.625,-15.625,-46.875,7.8125,0.0,-19.625,0.5,0.5,0.0,0.0
confirmation,Powell,0.4428571428571428,0.000301602262017,0.280333367769115,2025-07-30,-1.0,2025-07-30 15:16:00-04:00,2025-07-30 15:59:00-04:00,-1.0,ZT_1/256_2019+,7.8125,1.0,7.8125,-23.4375,-54.6875,0.0,0.0,-27.4375,0.5,0.5,0.0,0.0
confirmation,Powell,-0.0185185185185184,0.0011227124733355,-0.1992524859923917,2025-09-17,1.0,2025-09-17 15:24:00-04:00,2025-09-17 15:59:00-04:00,-6.0,ZT_1/256_2019+,7.8125,-6.0,-46.875,-78.125,-109.375,-54.6875,-62.5,-82.125,0.5,0.5,0.0,0.0
confirmation,Powell,0.3260869565217391,-0.0001123469273115,0.1677530715268246,2025-10-29,-1.0,2025-10-29 15:26:00-04:00,2025-10-29 15:59:00-04:00,-2.0,ZT_1/256_2019+,7.8125,2.0,15.625,-15.625,-46.875,7.8125,7.8125,-19.625,0.5,0.5,0.0,0.0
confirmation,Powell,0.119047619047619,0.0,-0.0404117509372752,2026-01-28,1.0,2026-01-28 15:18:00-05:00,2026-01-28 15:59:00-05:00,2.0,ZT_1/256_2019+,7.8125,2.0,15.625,-15.625,-46.875,7.8125,7.8125,-19.625,0.5,0.5,0.0,0.0
confirmation,Powell,0.3076923076923077,0.0002255130421708,0.1466326505307128,2026-03-18,-1.0,2026-03-18 15:19:00-04:00,2026-03-18 15:59:00-04:00,-14.0,ZT_1/256_2019+,7.8125,14.0,109.375,78.125,46.875,101.5625,101.5625,74.125,0.5,0.5,0.0,0.0
confirmation,Powell,0.15,-0.0003395970115462,-0.007558505464897,2026-04-29,1.0,2026-04-29 15:26:00-04:00,2026-04-29 15:59:00-04:00,0.0,ZT_1/256_2019+,7.8125,0.0,0.0,-31.25,-62.5,-7.8125,-7.8125,-35.25,0.5,0.5,0.0,0.0
warsh,Warsh,1.0,-0.0014006662628709,0.8293683022293312,2026-06-17,-1.0,2026-06-17 15:14:00-04:00,2026-06-17 15:59:00-04:00,-16.0,ZT_1/256_2019+,7.8125,16.0,125.0,93.75,62.5,117.1875,125.0,89.75,0.5,0.5,0.0,0.0
warsh,Warsh,0.7222222222222222,0.000684124510661,0.363765353764996,2026-07-29,-1.0,2026-07-29 15:17:00-04:00,2026-07-29 15:59:00-04:00,-5.0,ZT_1/256_2019+,7.8125,5.0,39.0625,7.8125,-23.4375,31.25,39.0625,3.8125,0.5,0.5,0.0,0.0
warsh,Warsh,0.0999999999999999,-0.0008796420239415,-0.306613387515983,2026-09-16,1.0,2026-09-16 15:01:00-04:00,2026-09-16 15:59:00-04:00,-7.0,ZT_1/256_2019+,7.8125,-7.0,-54.6875,-85.9375,-117.1875,-62.5,-70.3125,-89.9375,0.5,0.5,0.0,0.0
