ticker,period,sr_timed,sr_untimed,d_sr,d_sr_lo95,d_sr_hi95,d_mean_excess_ann,d_mean_lo95,d_mean_hi95,p_boot_le_0
SPY,IS,0.585899540419774,0.5421365250446172,0.04376301537515681,-0.3212113942937183,0.3998688147621487,-0.03095031926460365,-0.08086752240562503,0.022345140466777904,0.4346
SPY,OOS,0.49832462376521613,0.831796815152235,-0.3334721913870189,-1.1531629995135106,0.26356872985694985,-0.07790432606311719,-0.19296801478221975,0.01561313755213559,0.8716
EFA,IS,0.3130052465083323,0.26809626039072376,0.04490898611760852,-0.31964274619592087,0.3949348911913094,-0.016151397558721883,-0.0799517049091414,0.05162196285711641,0.422
EFA,OOS,0.7758593851055146,0.7377268652652491,0.038132519840265444,-0.1140986865516789,0.2367729531217136,0.003243630354573537,-0.022025392430076736,0.030943665261788357,0.4174
IEF,IS,0.32843051042349675,0.3125395717759036,0.015890938647593167,-0.2682577041477195,0.3146259708281593,-0.003461329997168849,-0.021190962752930375,0.01630089871150543,0.4764
IEF,OOS,-0.6727243656972974,-0.846579934008973,0.1738555683116756,-0.6062370685368137,1.019204129390046,0.014631627937935222,-0.03003923790976626,0.06656057955938897,0.3554
VNQ,IS,0.31255590674277267,0.332076646690336,-0.019520739947563315,-0.2733402130485147,0.25337759545702637,-0.04455644832492641,-0.1079596483498542,0.016580439801967037,0.556
VNQ,OOS,-0.5873896515739905,-0.16452005279671153,-0.4228695987772789,-1.1471393761375615,0.1767056414547305,-0.04761829181269454,-0.14459872076447364,0.03660572577869136,0.9154
DBC,IS,0.13686554963772266,0.036620237225885664,0.10024531241183698,-0.3120944815040041,0.5025393810883568,0.011819007909076673,-0.06079960666120645,0.09054793345359104,0.3362
DBC,OOS,0.9988518790778268,1.0688288094845158,-0.06997693040668895,-0.6176691442120877,0.3687479816225949,-0.032426347047704036,-0.11410847180460507,0.037453673159153586,0.6468
