start,end,S3,BH5,diff
2005-11-01,2007-11-01,1.1896056639620347,1.0649521711607752,0.12465349280125948
2005-12-01,2007-12-03,1.0583049101565583,0.8628519454687221,0.19545296468783613
2006-01-03,2008-01-03,1.0824130433799886,0.7527911188288144,0.3296219245511741
2006-02-02,2008-02-04,0.9231396039554086,0.5394842056563578,0.3836553982990508
2006-03-06,2008-03-05,1.105196878915088,0.5782089332090741,0.526987945706014
2006-04-04,2008-04-04,1.0251991613089444,0.6731545250499285,0.35204463625901594
2006-05-04,2008-05-05,1.067322231275922,0.7591551440805188,0.3081670871954033
2006-06-05,2008-06-04,1.1224380701329677,0.739313639515197,0.3831244306177707
2006-07-05,2008-07-03,1.1870331111609378,0.6111616460990698,0.575871465061868
2006-08-03,2008-08-04,0.9425584477292315,0.4204274360513708,0.5221310116778607
2006-09-01,2008-09-03,0.806913246353971,0.35530975485750604,0.45160349149646495
2006-10-03,2008-10-02,0.47122297203254054,-0.09017979353227397,0.5614027655648145
2006-11-01,2008-10-31,0.005526224027593666,-0.497199267371528,0.5027254913991216
2006-12-01,2008-12-02,-6.783562625066891e-05,-0.6696158370494512,0.6695480014232005
2007-01-04,2009-01-02,0.0836237498285002,-0.38101279505848185,0.46463654488698203
2007-02-05,2009-02-03,-0.08038581744647204,-0.6022239576795869,0.5218381402331149
2007-03-07,2009-03-05,0.07779537921413916,-0.8262150507620515,0.9040104299761906
2007-04-05,2009-04-03,-0.05923162834060842,-0.49855105664430766,0.43931942830369924
2007-05-07,2009-05-05,-0.15495546843587332,-0.40425254842289987,0.24929707998702655
2007-06-06,2009-06-04,-0.2016524557633231,-0.2752457001794589,0.07359324441613577
2007-07-06,2009-07-06,-0.18323955190893984,-0.34843102478271776,0.16519147287377792
2007-08-06,2009-08-04,0.36011828491393355,-0.08633464371364069,0.44645292862757424
2007-09-05,2009-09-02,0.14106535259954425,-0.16244426695029257,0.3035096195498368
2007-10-04,2009-10-02,0.15680227664289087,-0.17290662302145265,0.3297088996643435
2007-11-02,2009-11-02,0.19191639866229238,-0.13598872148747193,0.3279051201497643
2007-12-04,2009-12-02,0.4496401412558157,-0.027797300014702847,0.47743744127051857
2008-01-04,2010-01-04,0.4300015355380805,-0.0008320088319825085,0.43083354437006305
2008-02-05,2010-02-03,0.18645449741546094,-0.04639569059312714,0.2328501880085881
2008-03-06,2010-03-05,0.20108449729995048,-0.002760740590680538,0.20384523789063103
2008-04-07,2010-04-06,0.3670731619800695,-0.009928713153320775,0.3770018751333903
2008-05-06,2010-05-05,0.2110906481135392,-0.0756674555235823,0.2867581036371215
2008-06-05,2010-06-04,-0.043810699174114384,-0.1715820623351935,0.12777136316107912
2008-07-07,2010-07-06,-0.10303570245243121,-0.12314559922106447,0.020109896768633256
2008-08-05,2010-08-04,0.19778282114718707,0.09589527847078033,0.10188754267640673
2008-09-04,2010-09-02,0.14795883774992624,0.06900884760981484,0.0789499901401114
2008-10-03,2010-10-04,0.2909818862998584,0.30241976351265076,-0.01143787721279238
2008-11-03,2010-11-02,0.712556128136591,0.6886191711108158,0.02393695702577514
2008-12-03,2010-12-02,0.6067438444257566,1.0105008833509879,-0.4037570389252313
2009-01-05,2011-01-03,0.7229455776926226,0.8844216839612944,-0.16147610626867182
2009-02-04,2011-02-02,0.8427957248016786,1.2415966274790142,-0.3988009026773356
2009-03-06,2011-03-04,0.8939063176167218,1.7508356397919154,-0.8569293221751936
2009-04-06,2011-04-04,0.9116091311173962,1.4534227077190598,-0.5418135766016636
2009-05-06,2011-05-04,0.9798328131817667,1.459043888580965,-0.47921107539919816
2009-06-05,2011-06-03,0.9273055849198409,1.2656634537994234,-0.3383578688795824
2009-07-07,2011-07-05,0.9877121451092411,1.502373154540003,-0.5146610094307619
2009-08-05,2011-08-03,0.6541352059165033,1.0643620533986833,-0.41022684748217997
2009-09-03,2011-09-01,0.6497864966422261,0.990923022089756,-0.3411365254475299
2009-10-05,2011-10-03,0.45839845168596993,0.5658369569705863,-0.1074385052846164
2009-11-03,2011-11-01,0.3583070750717943,0.7247855397386145,-0.36647846466682016
2009-12-03,2011-12-01,0.156982339419776,0.5632007637567864,-0.4062184243370104
2010-01-05,2012-01-03,0.11916471830539159,0.6020321821272604,-0.4828674638218688
2010-02-04,2012-02-02,0.36008343211124805,0.8249680099625535,-0.46488457785130544
2010-03-08,2012-03-05,0.2374264968017005,0.7803138875765355,-0.542887390774835
2010-04-07,2012-04-03,0.1222006644543295,0.6925972995668654,-0.5703966351125359
2010-05-06,2012-05-03,0.20389726611386275,0.7480737357977529,-0.5441764696838902
2010-06-07,2012-06-04,0.16334412046518704,0.7748431353585099,-0.6114990148933228
2010-07-07,2012-07-03,0.3527323134120555,1.0030899697843778,-0.6503576563723223
2010-08-05,2012-08-02,0.18743388834994287,0.691256628589639,-0.5038227402396961
2010-09-03,2012-08-31,0.28828132887227015,0.8465516798245749,-0.5582703509523048
2010-10-05,2012-10-02,0.3215753537230558,0.7536852501080056,-0.4321098963849498
2010-11-03,2012-11-02,0.08487810025285433,0.5595608259608877,-0.4746827257080334
2010-12-03,2012-12-04,0.10693637144719804,0.6171271577766856,-0.5101907863294876
2011-01-04,2013-01-04,0.057083208968875566,0.5763570288225336,-0.5192738198536581
2011-02-03,2013-02-05,0.041635616876661556,0.5662441545517766,-0.5246085376751151
2011-03-07,2013-03-07,-0.03945782151486569,0.5149702386806548,-0.5544280601955205
2011-04-05,2013-04-08,-0.01893047448062104,0.5299682625421667,-0.5488987370227877
2011-05-05,2013-05-07,0.0426565592892043,0.5500536847430654,-0.5073971254538611
2011-06-06,2013-06-06,-0.027575364097129344,0.48937529179025074,-0.5169506558873801
2011-07-06,2013-07-08,-0.06286614134917781,0.4142509372174123,-0.47711707856659014
2011-08-04,2013-08-06,0.15046796635788093,0.5722640820604354,-0.4217961157025545
2011-09-02,2013-09-05,0.11305315068124092,0.624667954482792,-0.5116148038015511
2011-10-04,2013-10-04,0.422532992013543,1.2186973146949083,-0.7961643226813653
2011-11-02,2013-11-04,0.5517193294710058,1.0302727747570184,-0.4785534452860126
2011-12-02,2013-12-04,0.4818871496167457,1.0362923309392125,-0.5544051813224667
2012-01-04,2014-01-06,0.5358425231490269,0.9735233332684982,-0.43768081011947124
2012-02-03,2014-02-05,0.293161811573656,0.7346342770174811,-0.44147246544382507
2012-03-06,2014-03-07,0.5367986497667869,0.8984261175271605,-0.3616274677603736
2012-04-04,2014-04-07,0.4703401682776863,0.8497510533456206,-0.3794108850679343
2012-05-04,2014-05-07,0.6675406000006493,1.0096831997283475,-0.3421425997276982
2012-06-05,2014-06-06,1.4251487570014985,1.598543652721124,-0.17339489571962563
2012-07-05,2014-07-08,1.1729761943354553,1.2720104831397638,-0.09903428880430853
2012-08-03,2014-08-06,0.9996465015595895,1.1757204859392851,-0.17607398437969568
2012-09-04,2014-09-05,1.128064449613583,1.1159700955964444,0.012094354017138542
2012-10-03,2014-10-06,0.8862051039188025,0.7982608871409695,0.08794421677783293
2012-11-05,2014-11-04,1.2016453196170107,0.9821053364680661,0.21953998314894463
2012-12-05,2014-12-04,1.2981307156165345,0.9113257971246108,0.38680491849192367
2013-01-07,2015-01-06,1.1901209789543992,0.5347178758805561,0.6554031030738431
2013-02-06,2015-02-05,1.165284490925785,0.6262823800322312,0.5390021108935537
2013-03-08,2015-03-09,0.988060288904486,0.4693030192372361,0.51875726966725
2013-04-09,2015-04-08,1.0206687690296639,0.4911020592473795,0.5295667097822844
2013-05-08,2015-05-07,0.6714754137667646,0.3062602281223053,0.36521518564445926
2013-06-07,2015-06-08,0.8826135216913568,0.3840392295329328,0.49857429215842397
2013-07-09,2015-07-08,0.829103304338066,0.40460538382468125,0.42449792051338475
2013-08-07,2015-08-06,0.8153589011764614,0.2908655406242347,0.5244933605522266
2013-09-06,2015-09-04,0.6490804815321363,0.04431953064274525,0.604760950889391
2013-10-07,2015-10-06,0.5289267044453418,0.12626986379152597,0.4026568406538159
2013-11-05,2015-11-04,0.3880921205482943,0.07869523223582664,0.30939688831246764
2013-12-05,2015-12-04,0.4508923461158577,0.04064188028325696,0.4102504658326008
2014-01-07,2016-01-06,0.3454746777026659,-0.18548013946126557,0.5309548171639314
2014-02-06,2016-02-05,0.35176812158057824,-0.3142443813116404,0.6660125028922186
2014-03-10,2016-03-08,0.13297637372498286,-0.34633785067294326,0.47931422439792615
2014-04-08,2016-04-07,0.2650078374568007,-0.25269971409490133,0.517707551551702
2014-05-08,2016-05-06,0.11358018774408174,-0.18297119522485045,0.2965513829689322
2014-06-09,2016-06-07,0.1772449906089527,-0.12919311394436567,0.3064381045533184
2014-07-09,2016-07-07,0.15669940308176103,-0.1501824781122985,0.30688188119405957
2014-08-07,2016-08-05,0.34151664673669496,0.020975425350298747,0.32054122138639624
2014-09-08,2016-09-06,0.23016642615389926,-0.018985457367749824,0.24915188352164908
2014-10-07,2016-10-05,0.3095496676893197,0.11170857282121248,0.1978410948681072
2014-11-05,2016-11-03,-0.05643165231813405,-0.1049444996877856,0.04851284736965155
2014-12-05,2016-12-05,0.019248733986370763,0.00010592784579944104,0.019142806140571324
2015-01-07,2017-01-05,0.06009480320268491,0.3192263986748729,-0.259131595472188
2015-02-06,2017-02-06,-0.0573563081070211,0.13260065315857436,-0.18995696126559547
2015-03-10,2017-03-08,0.05668684063135758,0.22423384209752797,-0.1675470014661704
2015-04-09,2017-04-06,-0.036613025274919525,0.21285922035165547,-0.249472245626575
2015-05-08,2017-05-08,0.12396895091706074,0.2196676110243253,-0.09569866010726456
2015-06-09,2017-06-07,0.23677275284477453,0.3750744508490913,-0.13830169800431677
2015-07-09,2017-07-07,0.26070567103487824,0.4066884016783404,-0.14598273064346218
2015-08-07,2017-08-07,0.3016675207576809,0.5570669149350571,-0.2553993941773762
2015-09-08,2017-09-06,0.604023717797112,0.9520739403660708,-0.3480502225689589
2015-10-07,2017-10-05,0.6903411944795759,0.8196574229999176,-0.12931622852034175
2015-11-05,2017-11-03,0.8125295819298136,0.823302849705504,-0.010773267775690432
2015-12-07,2017-12-05,0.8629853976057626,0.9640583059468749,-0.10107290834111227
2016-01-07,2018-01-05,1.0884169310831842,1.3331766875470392,-0.24475975646385506
2016-02-08,2018-02-06,1.1036953852239255,1.4365504337637607,-0.33285504853983516
2016-03-09,2018-03-08,0.9794543131239277,1.1751184075066556,-0.19566409438272792
2016-04-08,2018-04-09,0.8043390393312883,1.053362818130873,-0.2490237787995847
2016-05-09,2018-05-08,0.9056483983255562,0.9682348151664503,-0.06258641684089405
2016-06-08,2018-06-07,0.7801716589088487,0.8806292867041028,-0.10045762779525413
2016-07-08,2018-07-09,0.9003553279934998,1.0029333997844492,-0.10257807179094935
2016-08-08,2018-08-07,0.8781251276366554,0.8952244229835281,-0.01709929534687271
2016-09-07,2018-09-06,0.7468736535276866,0.7850634101165368,-0.038189756588850154
2016-10-06,2018-10-05,0.9270662692319219,0.9142540574197312,0.012812211812190721
2016-11-04,2018-11-05,0.8856509067918434,0.8375035245190781,0.04814738227276538
2016-12-06,2018-12-06,0.7393965562054643,0.5919031736095258,0.14749338259593847
2017-01-06,2019-01-08,0.27759512172925555,0.1919614640902213,0.08563365763903424
2017-02-07,2019-02-07,0.27406666248848527,0.4507697338276441,-0.17670307133915886
2017-03-09,2019-03-11,0.34701174579315763,0.5868236084790184,-0.23981186268586074
2017-04-07,2019-04-09,0.39843573700456836,0.640249319620364,-0.24181358261579566
2017-05-09,2019-05-09,0.29039917243987806,0.5762057694190488,-0.2858065969791707
2017-06-08,2019-06-10,0.19460762527815562,0.5350252055484315,-0.34041758027027585
2017-07-10,2019-07-10,0.3369173439755848,0.7677548739613702,-0.4308375299857854
2017-08-08,2019-08-08,0.11947287097809153,0.4517766418563485,-0.332303770878257
2017-09-07,2019-09-09,0.20877265391203115,0.510348264209575,-0.3015756102975439
2017-10-06,2019-10-08,0.059917392005643645,0.376190327720555,-0.31627293571491133
2017-11-06,2019-11-06,0.10876363854303836,0.45876128809845534,-0.349997649555417
2017-12-06,2019-12-06,0.16134494344304004,0.4994363251213293,-0.3380913816782892
2018-01-08,2020-01-08,0.05715588302290513,0.47274221227316787,-0.41558632925026273
2018-02-07,2020-02-07,0.12249207260276787,0.6335219779580447,-0.5110299053552768
2018-03-09,2020-03-10,-0.26782002270683103,0.0741436946195368,-0.3419637173263678
2018-04-10,2020-04-08,-0.21038478828436075,-0.10892670330459853,-0.10145808497976222
2018-05-09,2020-05-08,-0.3333844217303249,-0.09505517639489469,-0.2383292453354302
2018-06-08,2020-06-09,-0.33474977775885834,0.12776273981880829,-0.46251251757766665
2018-07-10,2020-07-09,-0.374113093703468,0.07391912939687893,-0.44803222310034696
2018-08-08,2020-08-07,-0.2523893730139273,0.1896463244087082,-0.4420356974226355
2018-09-07,2020-09-08,-0.32041090724390864,0.17358158108615182,-0.4939924883300605
2018-10-08,2020-10-07,-0.19266211582170759,0.22963567403042798,-0.42229778985213556
2018-11-06,2020-11-05,0.020056959923787396,0.349064504998122,-0.3290075450743346
2018-12-07,2020-12-07,0.22294466253358292,0.5324276109991798,-0.3094829484655969
2019-01-09,2021-01-07,0.7549979128925643,0.6842473718198983,0.0707505410726661
2019-02-08,2021-02-08,0.9641857860128809,0.6652185938628176,0.2989671921500633
2019-03-12,2021-03-10,1.0410086535967802,0.6430726690436788,0.3979359845531014
2019-04-10,2021-04-09,1.0644276182522376,0.6342371921090217,0.4301904261432159
2019-05-10,2021-05-10,1.3794944784944954,0.7896317221722698,0.5898627563222255
2019-06-11,2021-06-09,1.5521999181264516,0.8476437773133121,0.7045561408131396
2019-07-11,2021-07-09,1.52102723917533,0.7829145168455719,0.738112722329758
2019-08-09,2021-08-09,1.548032460429812,0.8578502974098361,0.6901821630199758
2019-09-10,2021-09-08,1.609910428818573,0.8677070919980648,0.7422033368205082
2019-10-09,2021-10-07,1.5657523351536224,0.8680933560020264,0.697658979151596
2019-11-07,2021-11-05,1.6528100420864644,0.8964806050525772,0.7563294370338872
2019-12-09,2021-12-07,1.419755258192847,0.8268143717143404,0.5929408864785066
2020-01-09,2022-01-06,1.3842206784357216,0.8079893241466348,0.5762313542890868
2020-02-10,2022-02-07,1.3187385395117717,0.7725131441601663,0.5462253953516054
2020-03-11,2022-03-09,1.7425351577221617,1.0890275932603406,0.6535075644618211
2020-04-09,2022-04-07,1.7303533650460214,1.8498971002677829,-0.11954373522176143
2020-05-11,2022-05-09,1.5295106387513937,1.4558954192265532,0.07361521952484051
2020-06-10,2022-06-08,1.614541806379648,1.3116991280002133,0.3028426783794347
2020-07-10,2022-07-11,1.4156755334452447,1.0591997176407781,0.3564758158044665
2020-08-10,2022-08-09,1.285504892255148,1.0284786584514145,0.25702623380373346
2020-09-09,2022-09-08,1.3416833230294456,0.8914870836537565,0.4501962393756891
2020-10-08,2022-10-07,1.2735504503866093,0.49022864287110246,0.7833218075155068
2020-11-06,2022-11-07,1.2971280457215775,0.5823711436365645,0.714756902085013
2020-12-08,2022-12-07,1.0540528459457552,0.4581984046671083,0.5958544412786468
2021-01-08,2023-01-09,0.9044714877682122,0.36649857141148917,0.5379729163567231
2021-02-09,2023-02-08,0.7422533058157298,0.354668398706441,0.3875849071092888
2021-03-11,2023-03-10,0.39628255412208135,0.12417783379915022,0.27210472032293115
2021-04-12,2023-04-11,0.3939212581748536,0.18021113525537605,0.21371012291947752
2021-05-11,2023-05-10,0.16525929750402626,0.003447299968192527,0.16181199753583375
2021-06-10,2023-06-09,-0.012217472370448176,-0.13226470343096042,0.12004723106051224
2021-07-12,2023-07-12,0.04348340440745415,-0.0699295831187984,0.11341298752625256
2021-08-10,2023-08-10,-0.06065347051798452,-0.10930064721657563,0.048647176698591116
2021-09-09,2023-09-11,-0.20754828147811952,-0.21277988923426408,0.005231607756144563
2021-10-08,2023-10-10,-0.3044064191993479,-0.32104284245680353,0.016636423257455624
2021-11-08,2023-11-08,-0.663885531187255,-0.4753520534211106,-0.18853347776614443
2021-12-08,2023-12-08,-0.5899900133513173,-0.3004587171080737,-0.2895312962432436
2022-01-07,2024-01-10,-0.4684465454691391,-0.2516284366651348,-0.21681810880400432
2022-02-08,2024-02-09,-0.37646426064758143,-0.18350296741836752,-0.1929612932292139
2022-03-10,2024-03-12,-0.34831634916889576,-0.10749933627554671,-0.24081701289334906
2022-04-08,2024-04-11,-0.4869069779279286,-0.2246788543186302,-0.26222812360929837
2022-05-10,2024-05-10,-0.3957875063438461,0.05913826906816614,-0.45492577541201223
2022-06-09,2024-06-11,-0.5819553989022019,-0.11970328928028122,-0.4622521096219207
2022-07-12,2024-07-12,-0.0825768953523777,0.3127449131600911,-0.3953218085124688
2022-08-10,2024-08-12,-0.18491424343942064,0.07309935020536544,-0.2580135936447861
2022-09-09,2024-09-11,0.10783472439324662,0.33700172731782774,-0.22916700292458111
