candidate,variant,instrument,split,net1x_sharpe,net1x_nw_t,net1x_ann_ret,net1x_max_dd,ev_n_days,ev_n_in,ev_share_in,ev_mean_in_bp,ev_mean_out_bp,ev_mean_all_bp,ev_diff_bp,ev_diff_t_nw,ev_diff_t_welch,ev_in_mean_t_nw,ev_timed_sharpe,ev_bh_sharpe,ev_share_of_total_excess_in_window,ev_hit_rate_in
CAL_TOM_ES,base_T-1..T+3,ES16,IS_all,0.3467527629513431,1.2956604581865716,0.03798872601481301,-0.27302227398213363,3526,842,0.2387975042541123,7.569076162148804,4.529739857791862,5.255525781861218,3.039336304356889,0.7714282280684666,0.7306086359987986,2.2906903734820006,0.5647277444858096,0.7686730901162762,0.34391925224089004,0.5296912114014252
CAL_TOM_ES,base_T-1..T+3,ES16,later,0.6110203795223588,0.8580180658233103,0.06118034689118709,-0.11176640451802822,501,120,0.23952095808383234,8.74685698236464,3.9011543317799755,5.0618016732373805,4.84570265058467,0.5363226693849635,0.4942915489028827,1.1378242978058644,0.7545241201071843,0.795430293816088,0.4138952293834739,0.575
CAL_TOM_ES,V1_T..T+3,ES16,IS_all,0.18298343805675796,0.6806297058210405,0.02057939845800666,-0.23967697986965564,3525,674,0.19120567375886524,4.997059282764559,5.328448304638696,5.265084843434962,-0.3313890218741471,-0.07402565484193707,-0.07250569195468938,1.2937088917197166,0.326729756906909,0.7699724901460163,0.18147211590813409,0.5178041543026706
CAL_TOM_ES,V1_T..T+3,ES16,later,0.8377427288624534,1.303448169666947,0.08475572974797531,-0.08803274971744901,501,96,0.19161676646706588,12.327670164319679,3.3395217346104653,5.0618016732373805,8.988148429709216,1.0077158082234345,0.8463223002834606,1.5250133022076202,0.9372695327317506,0.795430293816088,0.466669468195239,0.6145833333333334
CAL_TOM_ES,V2_T..T+4,ES16,IS_all,0.3532445878957184,1.4216684126946733,0.03926818052266996,-0.18686959226785305,3525,841,0.23858156028368793,6.586219795745505,4.851122662029161,5.265084843434962,1.735097133716344,0.4489068424082198,0.4075594203731913,1.9697186524975898,0.47525594186665165,0.7699724901460163,0.29844734547812524,0.5303210463733651
CAL_TOM_ES,V2_T..T+4,ES16,later,0.13394724929698512,0.1738516547130385,0.015750446392947964,-0.21724812386986914,501,120,0.23952095808383234,2.1499792175674215,5.978911108094059,5.0618016732373805,-3.828931890526645,-0.3250093802693676,-0.34789017204145906,0.21310238133843418,0.15666824190958895,0.795430293816088,0.10173553119925388,0.5666666666666667
CAL_TSY_ME_ZN,base_T-2..T,ZN16,IS_all,0.9530638838552383,3.681888101974121,0.07941163881476075,-0.10764441784230672,3527,505,0.1431811738020981,5.606803434557236,-0.6084343949839757,0.28147065290893997,6.215237829541294,4.235568698374679,4.048778355565107,4.4584806603561695,1.0553890286612537,0.13139052811568414,2.852122197255337,0.598019801980198
CAL_TSY_ME_ZN,base_T-2..T,ZN16,IS_pre_2019-01-01,1.0301328096333493,3.0308022642449006,0.08361284250339522,-0.08899213574062204,2079,298,0.14333814333814335,5.628206139309756,-0.028237633567485487,0.7825465147333407,5.656443772877189,3.2293726785488115,3.134286442647099,3.7492356217662466,1.1683139809077965,0.40856018430018354,1.030912032887786,0.6040268456375839
CAL_TSY_ME_ZN,base_T-2..T,ZN16,IS_post_2019-01-01,0.8497924793546344,2.1143329454191173,0.07337966197175586,-0.10764441784230783,1448,207,0.14295580110497239,5.575991811290323,-1.441093889007157,-0.43796078129888455,7.017085700297472,2.7605535294918107,2.597399176050875,2.53118249900841,0.9360569942163852,-0.18013975301645246,-1.8200725050624627,0.5893719806763285
CAL_TSY_ME_ZN,base_T-2..T,ZN16,later,0.29976576795911164,0.4155864783506239,0.022921729249941458,-0.11567759743280148,501,72,0.1437125748502994,2.3782615142298904,-2.43693656714894,-1.7449320524597676,4.815198081378842,1.4293336689638225,1.412503783768439,0.676850447678977,0.5525883770020574,-0.9090629588864173,-0.19587357879955616,0.5138888888888888
CAL_TSY_ME_ZN,V1_issuance_q,ZN16,IS_all,0.9291027067590072,3.6060785911965403,0.07028989951728608,-0.09462839430655412,3527,505,0.1431811738020981,5.606803434557236,-0.6084343949839757,0.28147065290893997,6.215237829541294,4.235568698374679,4.048778355565107,4.4584806603561695,1.0553890286612537,0.13139052811568414,2.852122197255337,0.598019801980198
CAL_TSY_ME_ZN,V1_issuance_q,ZN16,IS_pre_2019-01-01,0.8811974888762216,2.6384966775143077,0.06354241326568834,-0.0940847716599561,2079,298,0.14333814333814335,5.628206139309756,-0.028237633567485487,0.7825465147333407,5.656443772877189,3.2293726785488115,3.134286442647099,3.7492356217662466,1.1683139809077965,0.40856018430018354,1.030912032887786,0.6040268456375839
CAL_TSY_ME_ZN,V1_issuance_q,ZN16,IS_post_2019-01-01,0.9936169676123839,2.44622507233706,0.07997776133846815,-0.09462839430655445,1448,207,0.14295580110497239,5.575991811290323,-1.441093889007157,-0.43796078129888455,7.017085700297472,2.7605535294918107,2.597399176050875,2.53118249900841,0.9360569942163852,-0.18013975301645246,-1.8200725050624627,0.5893719806763285
CAL_TSY_ME_ZN,V1_issuance_q,ZN16,later,0.14933418143948923,0.2055389805836946,0.010885099939120652,-0.11987980776528862,501,72,0.1437125748502994,2.3782615142298904,-2.43693656714894,-1.7449320524597676,4.815198081378842,1.4293336689638225,1.412503783768439,0.676850447678977,0.5525883770020574,-0.9090629588864173,-0.19587357879955616,0.5138888888888888
CAL_TSY_ME_ZN,V2_T-1..T,ZN16,IS_all,0.5321545163735665,1.9761434274474574,0.03714138801008886,-0.12782150867084063,3526,336,0.0952921157118548,4.295106799861407,-0.15013502110985097,0.2734614768613184,4.445241820971299,2.5480364054406217,2.558326468374235,2.9210473998660382,0.699992177052292,0.12764622769408424,1.4967000795316128,0.5833333333333334
CAL_TSY_ME_ZN,V2_T-1..T,ZN16,IS_pre_2019-01-01,0.576008066255177,1.6118284399599214,0.037498887672182346,-0.12782150867084063,2078,198,0.09528392685274302,4.210933717236821,0.4067167567664375,0.7691974873598617,3.804216960470344,1.8436001344879673,1.8769262996907117,2.482968926767361,0.7655071139317442,0.40157460999951283,0.5216271593295374,0.5909090909090909
CAL_TSY_ME_ZN,V2_T-1..T,ZN16,IS_post_2019-01-01,0.48164687725999555,1.168136216706381,0.03662834636794088,-0.10348545724223679,1448,138,0.09530386740331492,4.415876874931467,-0.9492810840162803,-0.43796078129888455,5.365157958947767,1.7608855362910751,1.7414284089834071,1.6031195863090253,0.6355306361161664,-0.18013975301645246,-0.9609311201557696,0.572463768115942
CAL_TSY_ME_ZN,V2_T-1..T,ZN16,later,0.5909395899277786,0.7861212086863858,0.03774174713833125,-0.07674855151901294,501,48,0.09580838323353294,4.463943555007488,-2.4028261565622575,-1.7449320524597676,6.866769711569741,1.6246139380890403,1.6984677860472044,0.9784272950593135,0.8356838102265569,-0.9090629588864173,-0.24510021135099636,0.5416666666666666
CAL_PREHOL_ES,base_H-1,ES16,IS_all,0.6699651302106596,2.598681899036659,0.04850799454505259,-0.159270163706125,3543,128,0.036127575500987864,15.35035940796204,5.0065873950364,5.380282799398374,10.343772012925681,1.4990688485900385,1.4508149765970764,2.4425039309285697,0.5863695121625474,0.7875817962418776,0.10307474330911758,0.65625
CAL_PREHOL_ES,base_H-1,ES16,later,0.35104221158512594,0.5179155701283235,0.02128472182381597,-0.036377384121899614,501,20,0.03992015968063872,7.2340787843105305,4.971478300635584,5.0618016732373805,2.2626004836749383,0.179309377780528,0.1682315680299893,0.7950677160092604,0.41354823408254726,0.795430293816088,0.05705193503310422,0.45
CAL_PREHOL_ES,V1_ex_TOM,ES16,IS_all,0.19800098443156303,0.7374743106039153,0.013853780873424596,-0.20131294103689013,3486,77,0.02208835341365462,6.985384022678971,5.182934847213969,5.222747981611789,1.8024491754650165,0.2020882901416954,0.19884230232319383,0.984795373970074,0.21228168010632378,0.7617565341588091,0.02954299758791202,0.6363636363636364
CAL_PREHOL_ES,V1_ex_TOM,ES16,later,0.9546091285415126,1.3664844648956016,0.06179605132783645,-0.022048634167576298,501,12,0.023952095808383235,19.2948661138476,4.71252401825308,5.0618016732373805,14.582342095594534,0.9194051407950429,0.8797460314603776,1.2145291748554508,0.8434905681176799,0.795430293816088,0.09130197340845746,0.5
CAL_FOMC_EVEN_ES,base_even_weeks,ES16,IS_all,0.5350528645508981,2.132825346186454,0.05941178158144015,-0.34074173336378943,3542,1888,0.5330321852060983,4.919865334072133,5.828607671632784,5.344218757653533,-0.9087423375606442,-0.24973271493038057,-0.2505606471366049,2.083767859189939,0.5013096292319236,0.782345483675738,0.49070719011727504,0.5466101694915254
CAL_FOMC_EVEN_ES,base_even_weeks,ES16,IS_pre_2017-01-01,1.089765208096854,3.082271117314942,0.11483216332911837,-0.12891977106024155,1592,852,0.535175879396985,10.350853176240172,0.010025958249525367,5.544187258329947,10.340827217990666,2.1432270214430984,2.185948964593356,3.38021059920389,1.2459372509481947,0.9310221009565763,0.9991594246353175,0.5610328638497653
CAL_FOMC_EVEN_ES,base_even_weeks,ES16,IS_post_2017-01-01,0.12274799170709276,0.34800627134341455,0.014166013508463896,-0.3407417333637913,1950,1036,0.5312820512820513,0.4534544831771831,10.53949439800435,5.1809624227423265,-10.086039914827268,-1.9197474195713775,-1.891800964918736,0.1301044985403844,0.041603730255804765,0.6933854360508782,0.04649951270210128,0.5347490347490348
CAL_FOMC_EVEN_ES,base_even_weeks,ES16,later,0.2572931023536862,0.3612381473642994,0.025869799076269392,-0.11401909170363611,501,273,0.5449101796407185,3.218666256143126,7.268713817389711,5.0618016732373805,-4.050047561246595,-0.4484813463958378,-0.4416917567066152,0.5651071814924679,0.3959136658854854,0.795430293816088,0.34649401953291803,0.5274725274725275
CAL_TOM_ES,timing_F_ES,F_ES,IS_all,0.31023062634277215,1.1255737160636974,0.03434271378623284,-0.3020587166098604,3526,842,0.2387975042541123,7.129014054938137,4.637103193490853,5.232165288028179,2.491910861447245,0.6225779674437182,0.6036936497744096,2.118686690137985,0.5328079987609221,0.781201606364434,0.3253702187136538,0.5475059382422803
CAL_TOM_ES,timing_F_ES,F_ES,later,0.47362546881301093,0.6462845828663398,0.04485829970355547,-0.1245555701367449,501,120,0.23952095808383234,6.869905916432363,4.528387765499198,5.089230436381396,2.3415181509331715,0.26054110471191366,0.23594130132826502,0.872950828828474,0.6047972793468894,0.7516964864301098,0.32332716461148514,0.575
CAL_TSY_ME_ZN,timing_F_ZN,F_ZN,IS_all,0.8589774410415864,3.29919950030253,0.07176205259554258,-0.1151454304469165,3527,505,0.1431811738020981,5.080860754008277,-0.5152264751172736,0.28602786304785355,5.596087229125623,3.82036486635868,3.6721613047925015,3.994899660173872,0.9658136366534847,0.13437223642682128,2.5434011880241454,0.5841584158415841
CAL_TSY_ME_ZN,timing_F_ZN,F_ZN,IS_pre_2019-01-01,0.9649394115720747,2.8914459560896595,0.08038216099111332,-0.09890041967646845,2079,298,0.14333814333814335,5.393043533052696,0.010557092115089694,0.7820727051018174,5.382486440937557,3.068298518335285,2.930541338593999,3.577764257151459,1.0982346349621124,0.4077252941426429,0.9884360391645612,0.6040268456375839
CAL_TSY_ME_ZN,timing_F_ZN,F_ZN,IS_post_2019-01-01,0.7077226173095024,1.6976225077438483,0.059385529560741716,-0.11514543044691694,1448,207,0.14295580110497239,4.631438202533702,-1.2697958008552588,-0.42618016639288603,5.90123400338895,2.333809622964506,2.254493109978772,2.069471868424036,0.8082743360552986,-0.17766786447670194,-1.5535470928063126,0.5555555555555556
CAL_TSY_ME_ZN,timing_F_ZN,F_ZN,later,0.07137549959206071,0.10460037338071863,0.00586416699437568,-0.13428481521413826,501,72,0.1437125748502994,1.4096801336490965,-2.2502778005226074,-1.72429582195901,3.65995793417171,1.0760067726985874,1.0076153587898027,0.39707928806052617,0.3040527507360346,-0.8886515101757897,-0.11749072238188243,0.4861111111111111
CAL_PREHOL_ES,timing_F_ES,F_ES,IS_all,0.6474482040748043,2.5188861938368765,0.05139103424414546,-0.15580472778932464,3543,128,0.036127575500987864,17.132184555183358,4.917385347200876,5.358676427816671,12.214799207982518,1.6842775642048786,1.6388318569987317,2.640550768828528,0.6216906691710283,0.8005170344438967,0.11550320295536606,0.65625
CAL_PREHOL_ES,timing_F_ES,F_ES,later,0.2543698628780849,0.37429706281736597,0.013749985275102466,-0.04496233894554669,501,20,0.03992015968063872,5.600991680548001,5.067951382569895,5.089230436381396,0.5330402979781067,0.045940678609191925,0.04216387587346481,0.6508728998233791,0.34833823725850277,0.7516964864301098,0.04393443862533892,0.6
CAL_FOMC_EVEN_ES,timing_F_ES,F_ES,IS_all,0.47258644065031535,1.8857934012727084,0.05338611097401396,-0.36221860399601313,3542,1888,0.5330321852060983,4.836768630505894,5.872917755854211,5.32061692337041,-1.03614912534831,-0.29208271452398676,-0.2915513444748924,2.067362363326439,0.5030954783936769,0.7948998842602123,0.48455910086864534,0.5471398305084746
CAL_FOMC_EVEN_ES,timing_F_ES,F_ES,IS_pre_2017-01-01,0.9654970117902978,2.8489544546244883,0.10466403356883708,-0.14028412618388142,1592,852,0.535175879396985,9.732866817980891,0.7254112421301983,5.5459842010653695,9.007455575850692,1.8871118334115426,1.8871017031973987,3.200303903705314,1.1446120091405956,0.9214907746828067,0.9392012976463333,0.5551643192488263
CAL_FOMC_EVEN_ES,timing_F_ES,F_ES,IS_post_2017-01-01,0.098887771379926,0.27404466905518937,0.011522289040189156,-0.36221860399601347,1950,1036,0.5312820512820513,0.8102477272928672,10.040483204602317,5.136624766400988,-9.23023547730954,-1.8140770518805402,-1.7950849416049166,0.23323139677515545,0.07760747336092978,0.7134971354750254,0.08380407255334447,0.5405405405405406
CAL_FOMC_EVEN_ES,timing_F_ES,F_ES,later,0.5134456154971438,0.7245469738967739,0.04932412608323847,-0.10051124889956886,501,273,0.5449101796407185,5.765758258511292,4.279177386199547,5.089230436381396,1.486580872311745,0.17645827915659773,0.15060099934361168,1.0464447455696129,0.7167614048123059,0.7516964864301098,0.6173468479537505,0.5311355311355311
