row,test,status,n,n_meetings,mean_ticks,t_cr1,p_wcb_two,p_used,ci90_lo,ci90_hi,train_n,train_meetings,cw_t,p_one,p_two,wcb_p_one,oos_r2_C_vs_T,oos_r2_C_vs_zero,oos_r2_T_vs_zero,sign_hit_C,sign_hit_T,p_holm
main (nothing dropped),H2,run,268,10,-0.08582089552238806,-0.8145112119277896,0.4382,0.4382,-0.26153846153846155,0.0683453237410072,,,,,,,,,,,,0.8764
main (nothing dropped),H3,killed (G4),272,10,0.011029411764705883,0.06708546292138459,0.9507,1.0,-0.176056338028169,0.21673003802281368,,,,,,,,,,,,1.0
main (nothing dropped),H4,run,268,10,,,,0.24422731404678377,,,247.0,12.0,0.7222955999153933,0.24422731404678377,0.48845462809356754,0.2576,-0.004278568630173618,-0.029219004597726084,-0.024834181218833518,0.4976303317535545,0.4881516587677725,0.7326819421403513
without 20190501,H2,run,268,10,-0.08582089552238806,-0.8145112119277896,0.4382,0.4382,-0.26153846153846155,0.0683453237410072,,,,,,,,,,,,0.8764
without 20190501,H3,killed (G4),272,10,0.011029411764705883,0.06708546292138459,0.9507,1.0,-0.176056338028169,0.21673003802281368,,,,,,,,,,,,1.0
without 20190501,H4,run,268,10,,,,0.24422731404678377,,,247.0,12.0,0.7222955999153933,0.24422731404678377,0.48845462809356754,0.2576,-0.004278568630173618,-0.029219004597726084,-0.024834181218833518,0.4976303317535545,0.4881516587677725,0.7326819421403513
without 20230614,H2,run,268,10,-0.08582089552238806,-0.8145112119277896,0.4382,0.4382,-0.26153846153846155,0.0683453237410072,,,,,,,,,,,,0.8764
without 20230614,H3,killed (G4),272,10,0.011029411764705883,0.06708546292138459,0.9507,1.0,-0.176056338028169,0.21673003802281368,,,,,,,,,,,,1.0
without 20230614,H4,run,268,10,,,,0.24422731404678377,,,247.0,12.0,0.7222955999153933,0.24422731404678377,0.48845462809356754,0.2576,-0.004278568630173618,-0.029219004597726084,-0.024834181218833518,0.4976303317535545,0.4881516587677725,0.7326819421403513
