sleeve,family,window,start,end,years,sharpe_net1x,ann_excess,ann_total,vol,max_dd_total,max_dd_excess,longest_dd_sessions,worst_year,worst_year_label,pct_pos_years,n_full_years,roll2y_p10,roll2y_p50,roll2y_p90,nw_t,skew,worst_day,sharpe_net2x,sharpe_gross,corr_es,corr_s1,corr_f2
rpm_ES_MM,equity,IS,2012-05-02,2024-10-02,12.4,0.8188181231554311,0.08440777542049771,0.09918190683380734,0.10583944736704011,-0.13226200188202142,-0.13283026260886666,388,-0.10115433659028228,2022,0.7272727272727273,11,0.10282309336997057,0.719334000289884,1.5452115046700947,3.1438929637891517,-0.7177002496174211,-0.052958206454426685,0.8131750817953362,0.824456164656861,0.8640521375481648,0.08086500749050357,0.04083514032091859
rpm_ES_MM,equity,later,2024-10-03,2026-10-02,1.99,0.5666007159418605,0.058736854911496605,0.10148282238850781,0.11172677237325006,-0.12505762909173002,-0.1318809048987134,195,0.049383762556670874,2025,1.0,1,,,,0.9512764766800726,0.2567622830694259,-0.02943610813619127,0.5610397343503998,0.5721611357348843,0.9444652799830547,0.03532633582878825,0.2549161955666303
CAL_TSY_ME_ZN,calendar,IS,2012-05-02,2024-10-02,12.4,0.9066811300473888,0.07254331507562162,0.08715694359145143,0.08083361335010249,-0.1072910889728651,-0.1076444178423076,353,-0.002414470845283345,2021,0.9090909090909091,11,0.5098080169509407,0.839653306635284,1.6906057680387923,3.3245459794530507,1.6994882868844663,-0.0635501023957131,0.7579537677285747,1.0538926597095468,-0.0245551564108213,-0.018184076712412792,0.7255848360119105
CAL_TSY_ME_ZN,calendar,later,2024-10-03,2026-10-02,1.99,0.29976576795911164,0.020209039388536354,0.061404064224232835,0.07646546637395905,-0.106112488970317,-0.11567759743280148,128,0.10200217814358248,2025,1.0,1,,,,0.4155864783506239,0.4996815472429766,-0.030098017621145,0.09159553490455788,0.5070247289283847,0.00479360254049212,0.018128622659214968,0.7416481089035253
S1,trend,IS,2012-05-02,2024-10-02,12.4,0.02071621769136797,-0.002435773925348772,0.01116270545850595,0.09364096073659778,-0.2669733539157627,-0.3057866735029311,1801,-0.10673168349706896,2023,0.5454545454545454,11,-0.6163141968061866,0.0699712296989482,0.920634761825724,0.07134601275053402,0.28170274823173225,-0.0323356471404386,-0.05986540913309751,0.10135547763369002,-0.12438524218521657,1.0,0.25740882507207963
S1,trend,later,2024-10-03,2026-10-02,1.99,0.21577548474360217,0.016983859878138663,0.05805174150365899,0.10228673228303382,-0.09372764951652479,-0.11330718091964909,354,0.0014208728447937524,2025,1.0,1,,,,0.3568309758210342,-0.3708902613889171,-0.031065813817911982,0.13115235061380168,0.30038449070327417,-0.05872316896969265,1.0,0.25787667331778613
rpm_ZN_FB,bonds,IS,2012-05-02,2024-10-02,12.4,0.23775819197665235,0.015517199685579852,0.029357544955309844,0.07733152186509477,-0.16108180063590505,-0.2318566965715224,1047,-0.10361442492505357,2023,0.5454545454545454,11,-1.4499984125584142,0.17892417226646484,1.3163466508102846,0.875193859457907,0.15584692318438426,-0.03298073901327696,0.21594216261978508,0.25956317069248086,-0.30532238837916376,0.18546111939859541,0.20870270892890447
rpm_ZN_FB,bonds,later,2024-10-03,2026-10-02,1.99,-0.4075507581217861,-0.03792726132785795,0.0009308960403084932,0.08584067088931134,-0.08315167107194787,-0.09290630920522969,349,0.056319541956478814,2025,1.0,1,,,,-0.6077518750415771,-0.008513271408418514,-0.021319299442971718,-0.427982028263675,-0.3871134281112182,-0.06756119331137846,-0.04995829703945503,0.3102717865928475
carry_xs_rates,carry,IS,2012-05-02,2024-10-02,12.4,0.3790991482258452,0.03335129836956385,0.047432338044649525,0.09962473359984207,-0.18704989354717816,-0.18751012034661219,1272,-0.137995504850012,2013,0.7272727272727273,11,-0.2720095817028681,0.3927471850152013,1.07824762057994,1.4407283682425385,0.12590783074644835,-0.03763670205723035,0.2260747184408907,0.5322024486144529,-0.08352354801525794,0.04277376239792338,0.005187411112642487
carry_xs_rates,carry,later,2024-10-03,2026-10-02,1.99,0.009413421813765113,-0.004688357296134482,0.035507804028620304,0.10693198658293618,-0.11359286978470329,-0.1270055273992945,381,-0.053907969741422535,2025,0.0,1,,,,0.015362508384792318,0.05585562937208844,-0.03990345185662366,-0.057918718431121057,0.07686195215678993,0.3373727536798311,-0.13936734225555508,0.04566598571171801
carry_xs_comm,carry,IS,2012-05-02,2024-10-02,12.4,0.1964405314347163,0.015299618549182048,0.029137507311130406,0.10577367494972986,-0.29391530988651404,-0.3164105021524637,2215,-0.2641165206057371,2014,0.7272727272727273,11,-0.622574163307977,0.07851375286794862,1.2035143890435829,0.6684514231049875,-0.0694721357718587,-0.041050268713488776,0.08667569825265141,0.30625740769993004,0.03815994459804584,0.09901979212829842,0.01505608656571464
carry_xs_comm,carry,later,2024-10-03,2026-10-02,1.99,1.037789967930999,0.11547573736841676,0.16050208866038962,0.11127614917257399,-0.07976482464455725,-0.08693956064113217,82,0.13716829118877683,2025,1.0,1,,,,1.640840903602206,-0.0004892025198007375,-0.024433154879234486,0.9456367811474138,1.1299068677788342,0.020900315921630056,0.08383313696225625,-0.0860441895874606
carry_ts_comm,carry,IS,2012-05-02,2024-10-02,12.4,0.1758518703829705,0.01272557320715717,0.026528054657736444,0.10071144367708484,-0.2676268492060664,-0.30744785625728577,2190,-0.14241185872894369,2016,0.36363636363636365,11,-0.5496585850955388,0.15385599591260485,0.8598091950813177,0.5938475048308378,0.24738369711571304,-0.031177888853756452,0.085365212744391,0.2663678601100762,-0.20166688838212177,0.22763907499107067,0.09363932625385786
carry_ts_comm,carry,later,2024-10-03,2026-10-02,1.99,-0.14854982571169334,-0.023472677431503164,0.01596616100605508,0.1153202982128463,-0.14962139542188113,-0.19205773140232651,470,-0.10281674719848932,2025,0.0,1,,,,-0.235563197258291,0.5251633825944372,-0.024565220103693376,-0.22973407177898716,-0.06736762234961481,-0.27046666292692817,-0.2330209851548147,-0.23620639564702783
carry_ts_eq,carry,IS,2012-05-02,2024-10-02,12.4,0.42793487767829275,0.039801199559184264,0.05397582943949142,0.10376272465145975,-0.19084122655177516,-0.23122289644811977,689,-0.13603274949967104,2019,0.6363636363636364,11,-0.3950312600526703,0.5618140014766284,1.538151069361676,1.5839600451395996,0.4557567691842979,-0.03875829275347918,0.4208174958398926,0.43504834558422034,0.06706821194556284,0.044845740053498,0.03931148201733005
carry_ts_eq,carry,later,2024-10-03,2026-10-02,1.99,-0.5311926437230876,-0.0651354166540723,-0.027371677966357866,0.11437283889065686,-0.1976134979843842,-0.2379173265644785,373,-0.05332006686764568,2025,0.0,1,,,,-0.906296191936317,-1.7954096035962828,-0.07656383839304835,-0.5357715252414678,-0.52661344183669,-0.9750644253948139,0.06492622291047961,-0.2030260658876766
CAL_PREHOL_ES,calendar,IS,2012-05-02,2024-10-02,12.4,0.6482859865410338,0.04327300403327894,0.05748852621910849,0.06902219454773767,-0.15880080659772733,-0.159270163706125,1206,-0.03022447016779617,2017,0.7272727272727273,11,-0.11082606025081268,0.6346263436356275,1.4797209891253806,2.3721258725089798,0.6752630741794613,-0.08913909099385899,0.5752142541384695,0.7207973110598596,0.1363313133641499,-0.025653228173653973,-0.006341804285082217
CAL_PREHOL_ES,calendar,later,2024-10-03,2026-10-02,1.99,0.35104221158512594,0.01965859543426096,0.0608321533957672,0.060632941342595593,-0.0334794172461933,-0.036377384121899614,119,0.018280604244447884,2025,1.0,1,,,,0.5179155701283235,4.10018160867825,-0.029716681460656265,0.2644048410743475,0.43732231448153036,0.08601573660117544,0.04986699235666909,0.056886420394431855
TSMOM_F,trend,IS,2012-05-02,2024-10-02,12.4,0.5901919331496305,0.06049243160155693,0.07494466653301068,0.1097224764666909,-0.1561067897857341,-0.18522159653218817,1046,-0.1223417677170997,2016,0.6363636363636364,11,-0.20002105596402459,0.6175582205635299,1.3475770250527919,2.0680545763753053,-0.007674000619783147,-0.04911710808530922,0.5434130433516364,0.6369397103894892,-0.02201171316582805,0.6918418871165943,0.37102829143436034
TSMOM_F,trend,later,2024-10-03,2026-10-02,1.99,0.2703553062942997,0.021078064445779754,0.062310461303325404,0.09321075979622209,-0.11170436442879284,-0.1326862982635949,389,0.0021603286079494577,2025,1.0,1,,,,0.4123318040483268,-0.28518409196792144,-0.024596841232932345,0.21458124967366643,0.3261025353760741,0.3538920354217358,0.5377610226936048,0.5644145659220945
A_F,calendar,IS,2012-05-02,2024-10-02,12.4,0.530424469142469,0.05381551191819711,0.06817462460193058,0.1100438041982715,-0.1311065115620793,-0.14303450801659523,816,-0.05147543874882521,2013,0.45454545454545453,11,-0.12004124321037489,0.422620625351013,1.285094499198008,1.6997741193084153,4.259696837549162,-0.09605797713157341,0.47011547840834883,0.5905909905807503,0.015929829843922577,0.0046534680341798465,0.6140756227960816
A_F,calendar,later,2024-10-03,2026-10-02,1.99,-0.7288196376763908,-0.05768580348519192,-0.0196237425419149,0.07737628551084212,-0.11933148299340224,-0.17094129510674627,401,-0.0033226576273202024,2025,0.0,1,,,,-0.9378850072589996,-2.7003616983874896,-0.055429600421203255,-0.8533354696659172,-0.6039817291274064,0.04418426921035803,-0.10544057135253837,0.31878897562146513
rpm_ES_CV,equity,IS,2012-05-02,2024-10-02,12.4,0.75096988103544,0.0802294413407516,0.09494695048821122,0.11101017191773979,-0.21990161832219646,-0.22041370130723714,522,-0.11153035462664296,2022,0.6363636363636364,11,0.06365486488791294,0.5798518824023733,1.517921300684429,2.7917517753073198,-0.7150868451561287,-0.0653916183252791,0.7461312906238893,0.7558046628948656,0.9358640139982921,-0.01606090721319354,0.03842606035895094
rpm_ES_CV,equity,later,2024-10-03,2026-10-02,1.99,0.5024888799662541,0.05243257666722512,0.09492511471625598,0.11468367470469674,-0.14160534923922907,-0.1491573270295259,220,0.03150086539946462,2025,1.0,1,,,,0.8624407485104122,1.5324808619288095,-0.039929796060337065,0.49821516218645967,0.5067623087167522,0.9880082517351493,-0.04502552669788369,0.2192123555694858
S2_native,comparator,IS,2012-05-02,2024-10-02,12.4,0.5500419916807033,0.05112370647347486,0.06544870967636474,0.09970881962990084,-0.15431197767431504,-0.1710582052253108,767,-0.04473542160748256,2015,0.6363636363636364,11,-0.06925209094156323,0.44578631216794373,1.2641208376954292,2.0972150107880427,-0.49188962209737097,-0.06176281007123844,,,0.6298627239200815,0.6297453939800652,0.1970256191490364
S2_native,comparator,later,2024-10-03,2026-10-02,1.99,0.4627524157470271,0.040870076357448104,0.0828979779886374,0.0966339589139732,-0.14936485522442366,-0.15927239118199998,195,0.016364129149245343,2025,1.0,1,,,,0.6891991385825339,0.15265530642411618,-0.04363113622060547,,,0.7412949363927249,0.5788139522640927,0.31488979947360685
S3_native,comparator,IS,2012-05-02,2024-10-02,12.4,0.5256890001056411,0.03326270556532096,0.047344438292330926,0.06645586551191421,-0.09051680408721363,-0.10794325196084509,616,-0.06355801622168744,2022,0.6363636363636364,11,-0.2818302551737795,0.4116717352885688,1.3816696945587597,1.941069955033995,-0.6869304192563219,-0.02747930980595076,0.5123096958409603,,0.5957283350420439,0.2245647220234905,0.06741723659787079
S3_native,comparator,later,2024-10-03,2026-10-02,1.99,0.7002439181829971,0.04724280826814953,0.08952669636116406,0.06935909909428159,-0.06388247332931529,-0.0701447979651958,209,0.05476066394174062,2025,1.0,1,,,,1.0689036593399273,-0.4378322905109285,-0.02009950620836567,0.6861600685522508,,0.666083558580094,0.18162614612912215,0.3657889547072214
ES_10VOL_native,comparator,IS,2012-05-02,2024-10-02,12.4,0.7461312906238893,0.07964666814330235,0.09435626787964546,0.11100598710925816,-0.21999180615587477,-0.22050383064285062,522,-0.11185598915912853,2022,0.6363636363636364,11,0.05955067168596547,0.5755717952247994,1.5109128828855318,2.773664540334817,-0.7150416342412323,-0.06539241764878242,,,0.9358695823426687,-0.016087909702442515,0.03843914217657239
ES_10VOL_native,comparator,later,2024-10-03,2026-10-02,1.99,0.49821516218645967,0.051923947223518674,0.09439603192798884,0.11470104729334232,-0.14171881882417103,-0.1493792416153581,220,0.031050212425196566,2025,1.0,1,,,,0.8551610945582493,1.5307712393430948,-0.039930068183619674,,,0.9879874900170148,-0.045092331370770525,0.21923706241321533
S1_native,comparator,IS,2012-05-02,2024-10-02,12.4,-0.0579509787674016,-0.00976377216965807,0.003735203007741994,0.09368154569997944,-0.2933165196501669,-0.3307360617042715,1829,-0.11263067859280673,2023,0.36363636363636365,11,-0.7103856581267349,-0.0058214884621105405,0.8538326703315177,-0.1995604807236798,0.27683614447204197,-0.03234263932223791,,,-0.12411711708894727,0.9998930524273706,0.25761570253089927
S1_native,comparator,later,2024-10-03,2026-10-02,1.99,0.13514730801628724,0.008630885207743466,0.04936281467252224,0.10227240995039073,-0.09763969070553868,-0.11714622982688627,354,-0.006816467420003303,2025,0.0,1,,,,0.22369207204529598,-0.3698974764347229,-0.03106792714192991,,,-0.059058759878370906,0.9999009371571067,0.257535653179221
TSMOM_F_native,comparator,IS,2012-05-02,2024-10-02,12.4,0.3747457859453102,0.026560115616400592,0.040550926549056676,0.07809076769730332,-0.13798308062627307,-0.16772133389821176,1544,-0.10398348190579432,2016,0.6363636363636364,11,-0.3306692867970778,0.43482108062371827,1.2040605008681458,1.3090668827620473,-0.13025407776374182,-0.03451922630942866,,,-0.09717428536503493,0.6988772856080161,0.3679866354470878
TSMOM_F_native,comparator,later,2024-10-03,2026-10-02,1.99,0.13996020666541795,0.007739941821068852,0.04843547495038125,0.07534856958707999,-0.09701903413572777,-0.11834529922940007,475,-0.009276532961596251,2025,0.0,1,,,,0.2126718111814845,-0.27942282384326145,-0.01867799234033409,,,0.34685143413875863,0.5356858732045952,0.5617129227446149
F2_native,comparator,IS,2012-05-02,2024-10-02,12.4,0.9487526278107352,0.060603270860005276,0.07505447929170428,0.06418598271639403,-0.06159154619618079,-0.062474810483341914,460,-0.019807157304162826,2013,0.7272727272727273,11,0.21415320043100264,1.0040013803309102,1.5920223046716917,3.5115305079479593,1.3228571525337949,-0.03869145468778373,,,-0.00938448100635682,0.25740882507207963,1.0
F2_native,comparator,later,2024-10-03,2026-10-02,1.99,-0.10283122620423983,-0.00726874188121529,0.03282147038342731,0.05581885642359439,-0.05552841825808941,-0.07649247691717576,242,0.04885658726281661,2025,1.0,1,,,,-0.15391876170501056,-0.10524136295321375,-0.017879335115467725,,,0.1989713116723213,0.25787667331778613,1.0
S2_real,comparator,IS,2012-05-02,2024-10-02,12.4,0.6067519931777875,0.05706453728491412,0.07147019052323911,0.09967443063830345,-0.1492134587138042,-0.1651304863332531,740,-0.038891378410803146,2015,0.6363636363636364,11,-0.014738242489378195,0.5020183914681093,1.3253606137882958,2.3146059252673563,-0.4927849528381695,-0.061755451922212094,0.5490327009771082,,0.6299088920411053,0.6297847688069449,0.19687686763338663
S2_real,comparator,later,2024-10-03,2026-10-02,1.99,0.5207490935239854,0.046721342772297,0.08898454047288928,0.09663917872288334,-0.14780456274236897,-0.15773001385917107,193,0.0223283258995417,2025,1.0,1,,,,0.7759136797545704,0.1504870015654307,-0.04361709558296786,0.4595571032962186,,0.7413933277478493,0.5789508019405168,0.3151039296130083
ES_10VOL_real,comparator,IS,2012-05-02,2024-10-02,12.4,0.75096988103544,0.0802294413407516,0.09494695048821122,0.11101017191773979,-0.21990161832219646,-0.22041370130723714,522,-0.11153035462664296,2022,0.6363636363636364,11,0.06365486488791294,0.5798518824023733,1.517921300684429,2.7917517753073198,-0.7150868451561287,-0.0653916183252791,0.7461312906238893,,0.9358640139982921,-0.01606090721319354,0.03842606035895094
ES_10VOL_real,comparator,later,2024-10-03,2026-10-02,1.99,0.5024888799662541,0.05243257666722512,0.09492511471625598,0.11468367470469674,-0.14160534923922907,-0.1491573270295259,220,0.03150086539946462,2025,1.0,1,,,,0.8624407485104122,1.5324808619288095,-0.039929796060337065,0.49821516218645967,,0.9880082517351493,-0.04502552669788369,0.2192123555694858
F2_scaled10,comparator,IS,2012-05-02,2024-10-02,12.4,0.9606244985546898,0.09911205785821431,0.11408635734615769,0.10398711384642184,-0.09762653390124232,-0.10136899410758504,460,-0.044554623079265165,2013,0.7272727272727273,11,0.1659181079138953,1.071469177303742,1.6410818564635923,3.5242265838265863,1.433920746159519,-0.06023550649313081,,,-0.0013704247028871346,0.2501065309195293,0.9856405645952038
F2_scaled10,comparator,later,2024-10-03,2026-10-02,1.99,-0.1570279475919871,-0.01979372238344601,0.019792877189920954,0.0972307958995187,-0.11222835793164188,-0.1380246972065885,242,0.080527327187363,2025,1.0,1,,,,-0.23305369905025067,-0.2587197377482869,-0.03154505911772936,,,0.202575399266978,0.25780237779045384,0.9989787716022959
C_F_real_scaled,comparator,IS,2012-05-02,2024-10-02,12.4,0.8897196374281863,0.08852745211321333,0.10335682786455558,0.10107528532656133,-0.16023008338533828,-0.16051094941982225,355,-0.012919781556094967,2021,0.7272727272727273,11,0.3189575541916417,0.7759445093800954,1.7188158522662198,3.331327113251375,0.9880313616622182,-0.09947038000384172,,,-0.032329432444459155,-0.010146583044946218,0.7190140851469159
C_F_real_scaled,comparator,later,2024-10-03,2026-10-02,1.99,0.02861441684334658,-0.0019818743062891553,0.03832079578924019,0.09788205687991262,-0.15446831000105532,-0.16860460904619212,168,0.10232067372258258,2025,1.0,1,,,,0.03916447710749565,-0.08768003080874665,-0.04189487597456255,,,0.011268563512142659,0.003699589690049904,0.7303408210523602
