date,n,n_active,cf,rho,gross
2011-06-30,29,23,1.0,,1.8556993266562554
2011-07-29,29,23,1.0,,2.095664781811412
2011-08-31,29,22,1.0,,2.4554197240881135
2011-09-30,29,17,1.0,,3.0000000000000004
2011-10-31,29,16,1.0,,3.0
2011-11-30,29,19,1.0,,3.0
2011-12-30,29,16,1.0,,3.0
2012-01-31,29,19,1.0,,2.941564993677236
2012-02-29,29,19,1.0,,3.0000000000000004
2012-03-30,29,20,1.0,,3.0
2012-04-30,29,20,1.0,,2.9999999999999996
2012-05-31,29,20,1.0,,3.0
2012-06-29,29,21,1.0,,3.000000000000001
2012-07-31,29,21,1.0,,3.000000000000001
2012-08-31,29,22,1.0,,2.9999999999999996
2012-09-28,29,21,1.0,,3.0000000000000004
2012-10-31,29,19,1.0,,2.9999999999999996
2012-11-30,29,18,1.0,,3.0000000000000004
2012-12-31,29,17,1.0,,3.0
2013-01-31,29,17,1.0,,3.0
2013-02-28,29,13,1.0,,3.0
2013-03-28,29,13,1.0,,3.000000000000001
2013-04-30,29,13,1.0,,3.0000000000000004
2013-05-31,29,16,1.0,,3.0
2013-06-28,29,16,1.0,,2.323066534298708
2013-07-31,29,17,1.0,,2.117025221123304
2013-08-30,29,22,1.0,,2.4779706776634662
2013-09-30,29,24,1.0,,2.627251778517583
2013-10-31,29,21,1.0,,2.5229913452107953
2013-11-29,29,22,1.0,,2.566639568328598
2013-12-31,29,24,1.0,,3.0
2014-01-31,29,23,1.0,,3.0000000000000004
2014-02-28,29,24,1.0,,3.000000000000001
2014-03-31,29,23,1.0,,3.0000000000000004
2014-04-30,29,19,1.0,,3.0000000000000004
2014-05-30,29,19,1.0,,3.0000000000000004
2014-06-30,29,22,1.0,,3.0000000000000004
2014-07-31,29,24,1.0,,2.9999999999999996
2014-08-29,29,20,1.0,,2.9999999999999996
2014-09-30,29,20,1.0,,3.0
2014-10-31,29,17,1.0,,3.0000000000000004
2014-11-28,29,20,1.0,,2.9999999999999996
2014-12-31,29,24,1.0,,2.9999999999999996
2015-01-30,29,29,1.0,,3.0
2015-02-27,29,29,1.0,,2.9999999999999996
2015-03-31,29,29,1.0,,2.9999999999999996
2015-04-30,29,27,1.0,,2.9999999999999996
2015-05-29,29,27,1.0,,3.0
2015-06-30,29,25,1.0,,3.0000000000000013
2015-07-31,29,21,1.0,,3.0000000000000004
2015-08-31,29,19,1.0,,2.8771094870986724
2015-09-30,29,21,1.0,,2.8073183880452013
2015-10-30,29,21,1.0,,2.99580469532423
2015-11-30,29,21,1.0,,2.9965413714289593
2015-12-31,29,22,1.0,,2.8047641233029323
2016-01-29,29,21,1.0,,2.347013917513268
2016-02-29,29,21,1.0,,2.3682879949945255
2016-03-31,29,25,1.0,,2.3571082265568113
2016-04-29,29,19,1.0,,2.5988385760378985
2016-05-31,29,18,1.0,,2.8964012139197424
2016-06-30,29,18,1.0,,2.6127094232226873
2016-07-29,29,21,1.0,,3.0
2016-08-31,29,23,1.0,,3.0000000000000004
2016-09-30,29,21,1.0,,3.0
2016-10-31,29,21,1.0,,3.0000000000000004
2016-11-30,29,19,1.0,,3.0
2016-12-30,29,18,1.0,,1.3553047209170173
2017-01-31,29,15,1.0,,1.44520574835823
2017-02-28,29,20,1.0,,2.1420065260194523
2017-03-31,29,18,1.0,,2.958630482611519
2017-04-28,29,22,1.0,,3.0000000000000004
2017-05-31,29,22,1.0,,2.808482400545826
2017-06-30,29,21,1.0,,2.9999999999999996
2017-07-31,29,19,1.0,,2.999999999999999
2017-08-31,29,15,1.0,,1.9677903414323872
2017-09-29,29,17,1.0,,2.5181427046302955
2017-10-31,29,23,1.0,,3.0
2017-11-30,29,19,1.0,,3.0000000000000004
2017-12-29,29,20,1.0,,3.0
2018-01-31,29,20,1.0,,2.999999999999999
2018-02-28,29,18,1.0,,3.0
2018-03-29,29,20,1.0,,2.9999999999999996
2018-04-30,29,23,1.0,,3.0
2018-05-31,29,23,1.0,,3.0000000000000004
2018-06-29,29,22,1.0,,3.0
2018-07-31,30,21,1.0,,2.9999999999999996
2018-08-31,30,24,1.0,,3.0
2018-09-28,30,25,1.0,,2.9999999999999996
2018-10-31,30,26,1.0,,3.0
2018-11-30,30,24,1.0,,3.0000000000000004
2018-12-31,30,20,1.0,,2.9999999999999996
2019-01-31,30,18,1.0,,1.6903421896879298
2019-02-28,30,19,1.0,,1.6987829217959671
2019-03-29,30,22,1.0,,2.368882443267569
2019-04-30,30,22,1.0,,2.999999999999999
2019-05-31,30,20,1.0,,3.0
2019-06-28,30,19,1.0,,2.9999999999999996
2019-07-31,30,18,1.0,,3.0
2019-08-30,30,21,1.0,,3.0000000000000004
2019-09-30,30,23,1.0,,2.9999999999999996
2019-10-31,30,24,1.0,,3.0
2019-11-29,30,22,1.0,,3.0000000000000004
2019-12-31,30,21,1.0,,2.999999999999999
2020-01-31,30,18,1.0,,3.0
2020-02-28,30,22,1.0,,3.0000000000000004
2020-03-31,30,16,1.0,,3.0
2020-04-30,30,20,1.0,,3.0
2020-05-29,30,22,1.0,,2.8530720060388552
2020-06-30,30,25,1.0,,3.0
2020-07-31,30,22,1.0,,3.0000000000000004
2020-08-31,30,19,1.0,,2.9999999999999996
2020-09-30,30,18,1.0,,3.0000000000000004
2020-10-30,30,21,1.0,,2.9999999999999996
2020-11-30,30,20,1.0,,2.9999999999999996
2020-12-31,30,17,1.0,,3.000000000000001
2021-01-29,30,21,1.0,,1.6492364688841579
2021-02-26,30,28,1.0,,2.928241636866462
2021-03-31,30,26,1.0,,1.2313783525790405
2021-04-30,30,26,1.0,,1.5223407919189602
2021-05-28,30,24,1.0,,1.5688388804295488
2021-06-30,30,26,1.0,,2.9999999999999996
2021-07-30,30,25,1.0,,3.0
2021-08-31,30,24,1.0,,2.9999999999999987
2021-09-30,30,25,1.0,,2.9999999999999996
2021-10-29,30,23,1.0,,3.000000000000001
2021-11-30,30,23,1.0,,3.0000000000000004
2021-12-31,30,22,1.0,,3.0000000000000004
2022-01-31,30,21,1.0,,3.0000000000000004
2022-02-28,30,18,1.0,,3.0
2022-03-31,30,19,1.0,,3.0000000000000004
2022-04-29,30,20,1.0,,2.9999999999999996
2022-05-31,30,23,1.0,,2.721554351072583
2022-06-30,30,27,1.0,,2.3207403380684983
2022-07-29,30,26,1.0,,2.104282900488581
2022-08-31,30,27,1.0,,1.9857334777071907
2022-09-30,30,26,1.0,,1.8789694431439683
2022-10-31,30,27,1.0,,1.7912735184132822
2022-11-30,30,25,1.0,,1.650723956265824
2022-12-30,30,23,1.0,,1.679696487271255
2023-01-31,30,22,1.0,,1.7687635725157866
2023-02-28,30,18,1.0,,1.7046912403215844
2023-03-31,30,17,1.0,,1.841122702821348
2023-04-28,30,20,1.0,,2.5968862158040875
2023-05-31,30,21,1.0,,2.999999999999999
2023-06-30,30,22,1.0,,2.9015202570923413
2023-07-31,30,18,1.0,,2.0512700640028894
2023-08-31,30,17,1.0,,1.9892090476832611
2023-09-29,30,16,1.0,,2.787232334541335
2023-10-31,30,17,1.0,,2.7074156426727076
2023-11-30,30,18,1.0,,2.1480282084912927
2023-12-29,30,17,1.0,,2.185920482913499
2024-01-31,30,18,1.0,,2.2628347719966913
2024-02-29,30,19,1.0,,2.277833459194798
2024-03-28,30,22,1.0,,2.6714646180756776
2024-04-30,30,23,1.0,,2.8707929391119698
2024-05-31,30,21,1.0,,2.999999999999999
2024-06-28,30,19,1.0,,3.000000000000001
2024-07-31,30,19,1.0,,3.0000000000000004
2024-08-30,30,18,1.0,,1.9687869260430757
2024-09-30,30,19,1.0,,1.4683373082436963
2024-10-31,30,18,1.0,,1.9113575011299249
2024-11-29,30,19,1.0,,1.9069222329325777
2024-12-31,30,19,1.0,,1.908860389382496
2025-01-31,30,18,1.0,,1.8452314009895492
2025-02-28,30,18,1.0,,2.1102832946594665
2025-03-31,30,18,1.0,,2.1963416835810317
2025-04-30,30,15,1.0,,1.7219190812800718
2025-05-30,30,16,1.0,,1.8104323517924383
2025-06-30,30,17,1.0,,2.2050703756565877
2025-07-31,30,16,1.0,,2.9644719387727916
2025-08-29,30,14,1.0,,1.3985434509979242
2025-09-30,30,14,1.0,,1.5954451256113524
2025-10-31,30,19,1.0,,2.7804291849206617
2025-11-28,30,21,1.0,,2.868615650076737
2025-12-31,30,25,1.0,,2.958867696654288
2026-01-30,30,24,1.0,,2.206768197358561
2026-02-27,30,26,1.0,,2.2202516073042897
2026-03-31,30,20,1.0,,1.5395741193882968
2026-04-30,30,19,1.0,,1.890483783397568
2026-05-29,30,18,1.0,,2.076529315912581
2026-06-30,30,24,1.0,,2.776781252589413
2026-07-31,30,25,1.0,,3.0
2026-08-31,30,23,1.0,,2.9999999999999996
2026-09-30,30,23,1.0,,2.9999999999999996
