metric,ours_on_their_data,their_published,abs_diff
first_z,2011-12-30,2011-12-30,
last_ret,2024-10-01,2024-10-01,
n_is_days,3208,3208,
n_docs_kept,368,368,
n_fomc,117,117,
sharpe_gross,0.25469744614249146,0.2546974461424936,2.1649348980190553e-15
sharpe_1x,0.20531181548436497,0.20531181548436708,2.1094237467877974e-15
sharpe_2x,0.15592096107288259,0.1559209610728847,2.1094237467877974e-15
sharpe_tlt_1x,0.21406893647344846,0.21406893647345024,1.7763568394002505e-15
sharpe_uup_1x,0.0015539522132768943,0.0015539522132793086,2.4143013976907213e-15
sharpe_2022_1x,1.1940739928111197,1.1940739928111312,1.1546319456101628e-14
sharpe_rest_1x,0.06549103835620965,0.06549103835620988,2.3592239273284576e-16
sharpe_holdout_2021_2024_1x,0.692822915852505,,
corr_C_DGS2_tminus2,0.5288981216072014,0.5288981216072013,1.1102230246251565e-16
turnover_ann,23.437355140163486,23.437355140163508,2.1316282072803006e-14
maxdd_1x,-0.3288145367473191,,
ann_mean_1x,0.02137526278216657,,
vol_1x,0.10411121606293698,,
