combo,window,chosen,start,end,n_days,sharpe_net1x,sharpe_net2x,sharpe_gross,ann_excess_arith,ann_excess_geo,vol,max_dd_excess,nw_t,turnover_per_year
T1xE1,selection,False,2016-01-04,2020-12-31,1259,-0.581910735060309,-0.644877123835772,-0.5006022309815287,-0.05102814766459404,-0.05339877216696132,0.08769067932610922,-0.2752838375721721,-1.386404227770668,25.161666150392982
T1xE1,validation,False,2021-01-04,2024-10-02,943,0.9735104046143921,0.9447464523804808,1.0132410461558343,0.11463764256479503,0.11371634706559997,0.11775697724587039,-0.13890111512372072,2.038633532276139,15.907514819227734
T1xE1,full_is,False,2016-01-04,2024-10-02,2202,0.195718864121412,0.15038697166486828,0.25552591470763786,0.019917737978600282,0.01485624866123536,0.10176708345417608,-0.3524006661200313,0.6148257556216159,21.1986031597986
T1xE2,selection,False,2016-01-04,2020-12-31,1259,-0.35758945835328637,-0.4564603549797566,-0.2586451677451285,-0.015502258248040732,-0.016307809496697634,0.04335211199857302,-0.12446430715320167,-0.8591618983265188,42.88530134334679
T1xE2,validation,False,2021-01-04,2024-10-02,943,0.6596220387860641,0.6180850134521881,0.7011321715462715,0.04695647867950926,0.045423012184346856,0.0711869463396427,-0.06812563210647471,1.3077186014577475,29.54503638771945
T1xE2,full_is,False,2016-01-04,2024-10-02,2202,0.1973552118644396,0.13210572663453352,0.26259263611309697,0.011245511471613958,0.009668961939774068,0.05698107166958598,-0.14606068773519876,0.6052748442318951,37.172372254719825
T2xE1,selection,False,2016-01-04,2020-12-31,1259,-0.34603543908133966,-0.4254865770194895,-0.2483653955764199,-0.031709119880889675,-0.03526970944281205,0.0916354693758291,-0.2530302048837675,-0.8090991181647349,31.695932475991327
T2xE1,validation,False,2021-01-04,2024-10-02,943,0.824665050160902,0.7985190703445286,0.8624815539129846,0.10422721348108892,0.10103039479900788,0.12638732957187038,-0.15481572622266004,1.7065644473819135,15.277191932281488
T2xE1,full_is,False,2016-01-04,2024-10-02,2202,0.24552457855294674,0.19382863485445048,0.31192230172060853,0.02650521361608843,0.020902967116894988,0.1079534023530465,-0.35334954655073103,0.7633937590961384,24.664655304002967
T2xE2,selection,False,2016-01-04,2020-12-31,1259,-0.17714716536132083,-0.2989201470787453,-0.055403886903549825,-0.00796302700882007,-0.008933182449412436,0.04495147857758924,-0.12621878807409215,-0.40493764863118015,54.71528533218959
T2xE2,validation,False,2021-01-04,2024-10-02,943,0.4560559830189317,0.4155454654268944,0.4965551268766448,0.03463290278533946,0.032258791943697185,0.07594002507341689,-0.10715446008025997,0.8933111307706532,30.7283164025411
T2xE2,full_is,False,2016-01-04,2024-10-02,2202,0.1707215124199562,0.0968993389744974,0.2445256109164672,0.010278554188224633,0.008502002931437103,0.06020655535747902,-0.15224117818286387,0.5126782353618988,44.442936694288356
T3xE1,selection,False,2016-01-04,2020-12-31,1259,-0.2047650988210773,-0.28060304679698556,-0.11271147559745455,-0.02089793220473377,-0.025750963985177067,0.10205807691375317,-0.24365322710096737,-0.47454899329746064,33.65788272848872
T3xE1,validation,False,2021-01-04,2024-10-02,943,0.8037213806682433,0.7690603783903811,0.8506427992658053,0.09730623834431831,0.09415844505013027,0.1210696152731614,-0.1557308475330631,1.6743316389545038,18.93043790989363
T3xE1,full_is,False,2016-01-04,2024-10-02,2202,0.26865376560282606,0.2124378746567878,0.3391816213553074,0.02972265491050514,0.023901119366814383,0.1106355417866977,-0.33343001492912616,0.8345691500359002,27.350897958309265
T3xE2,selection,False,2016-01-04,2020-12-31,1259,-0.0652157329201009,-0.17646867151828147,0.04597522793924972,-0.003228997914214997,-0.00444455014827938,0.049512560384332514,-0.1366806699562899,-0.1502351034147985,55.06338800183112
T3xE2,validation,False,2021-01-04,2024-10-02,943,0.6345576015219944,0.5878149375230413,0.6812849072097418,0.04677122650790039,0.04503929036288534,0.07370682566203449,-0.07580658317643452,1.2715132456216656,34.38730964043315
T3xE2,full_is,False,2016-01-04,2024-10-02,2202,0.2977803388658105,0.22209943855850825,0.37342796814686663,0.018183450600796267,0.01645324167897355,0.061063301459235435,-0.1366806699562899,0.9064893290835011,46.20891847649131
T4xE1,selection,True,2016-01-04,2020-12-31,1259,0.15373040268964683,0.0532859271269235,0.2690563825384741,0.01246453377970179,0.00922389261932155,0.08108047309851503,-0.1614290162838925,0.3729875079730859,35.04671243551755
T4xE1,validation,True,2021-01-04,2024-10-02,943,0.6868265090540633,0.663974303823573,0.7213013499041809,0.10000979917335238,0.09352455119698155,0.14561144314463287,-0.1775111808257892,1.4468393682074723,15.876856556816284
T4xE1,full_is,True,2016-01-04,2024-10-02,2202,0.4408710210559237,0.38717212451165833,0.507045155875183,0.0499555352629954,0.04449913620629875,0.11331099772297948,-0.1875248771690362,1.407431533834917,26.837278242231765
T4xE2,selection,False,2016-01-04,2020-12-31,1259,0.15114074866569271,0.01777735274064719,0.284348587005577,0.0064793518380758235,0.005576172733424034,0.04286965557122826,-0.12363242877590663,0.31886305778754104,57.17529817784902
T4xE2,validation,False,2021-01-04,2024-10-02,943,0.7074826805994968,0.667947146115107,0.7470049168633375,0.05564323985364778,0.053951390519117126,0.0786496141594556,-0.09681149464800443,1.3918789862005818,30.99975929832505
T4xE2,full_is,False,2016-01-04,2024-10-02,2202,0.45263858966570325,0.3770519263707104,0.528189821365445,0.027533641755734486,0.026014775670884394,0.060829196591632835,-0.12363242877590663,1.3293037127673966,45.96570091926997
T0fxE1,selection,False,2016-01-04,2020-12-31,1259,-0.01313001683802768,-0.07490500093524226,0.06367413566208913,-0.001229640259784894,-0.005605426571163918,0.09365108018929275,-0.20723569275730358,-0.03016389449747162,26.32716733851732
T0fxE1,validation,False,2021-01-04,2024-10-02,943,0.6911991252366864,0.6630240591601455,0.730961879467511,0.09930290929974124,0.093054382989465,0.1436675853224454,-0.18723737115409333,1.4659309430801484,19.01920140218102
T0fxE1,full_is,False,2016-01-04,2024-10-02,2202,0.3552953980542622,0.31248342135308604,0.41100143011148443,0.041823127330875016,0.035505546747705674,0.11771367588748678,-0.20723569275730358,1.1153723312770547,23.19755249838784
T0v2xE1,selection,False,2016-01-04,2020-12-31,1259,0.1533939539396774,0.09456929242380581,0.2249404235018916,0.014121187369058307,0.009927136228688349,0.09205830481826882,-0.2355374199596284,0.3426070281856417,24.51295283455
T0v2xE1,validation,False,2021-01-04,2024-10-02,943,0.6375178110174713,0.6091583136785894,0.6772439552728265,0.08683736391245013,0.08064121885700293,0.13621166720637762,-0.18499264769041235,1.3445770780747108,18.061506097651506
T0v2xE1,full_is,False,2016-01-04,2024-10-02,2202,0.40022221062666724,0.35824282999801627,0.45399114216405584,0.045261675325651625,0.03962534652438854,0.11309136305748994,-0.2355374199596284,1.2377381810998775,21.750139813253323
