status,window,start,end,n,variant,basis,block_len,n_resamples,seed,primary,p1,p0,sharpe_p1,sharpe_p0,diff_obs,vol_p1,vol_p0,boot_mean,boot_sd,ci90_lo,ci90_hi,ci95_lo,ci95_hi,share_le0,nw_lag,nw_t_mean_p1,nw_t_mean_p0,nw_t_mean_diff,mean_diff_ann,corr_p1_p0,spec_sha256
"exploratory, post-result",full_is,2016-01-04,2024-10-02,2202,original,net_1x,20,10000,20261004,True,core_ER_6+T4xE1|original|net_1x,core_ER_6|as_committed|net_1x,1.037803853,0.9977473156,0.0400565369,0.06189111437,0.06156383913,0.03548441106,0.1847554463,-0.266995301,0.3382388735,-0.3217249252,0.3967384327,0.4259,7,3.390035523,3.120146136,0.2592440315,0.002805681696,0.8459650572,b4ca64d849c0c193632f5d0ce1ff8772645e41174176fcf4be6937df67eb9a46
"exploratory, post-result",full_is,2016-01-04,2024-10-02,2202,original,net_2x,20,10000,20261004,False,core_ER_6+T4xE1|original|net_2x,core_ER_6|as_committed|net_2x,0.9087113208,0.8775538163,0.03115750447,0.06187756826,0.06155141661,0.02663310796,0.1844914539,-0.2756257027,0.3289584164,-0.3296631513,0.3883163311,0.4451,7,2.966531029,2.741968973,0.2045089188,0.002214166232,0.845871244,b4ca64d849c0c193632f5d0ce1ff8772645e41174176fcf4be6937df67eb9a46
"exploratory, post-result",full_is,2016-01-04,2024-10-02,2202,both,net_1x,20,10000,20261004,True,core_ER_6+T4xE1|both|net_1x,core_ER_6|as_committed|net_1x,1.041812691,0.9977473156,0.04406537494,0.06188873708,0.06156383913,0.03928717758,0.1852753238,-0.2628859225,0.3427564933,-0.3207302095,0.4015571518,0.4154,7,3.391165628,3.120146136,0.28074242,0.003051316455,0.8461270897,b4ca64d849c0c193632f5d0ce1ff8772645e41174176fcf4be6937df67eb9a46
"exploratory, post-result",full_is,2016-01-04,2024-10-02,2202,both,net_2x,20,10000,20261004,False,core_ER_6+T4xE1|both|net_2x,core_ER_6|as_committed|net_2x,0.9125521695,0.8775538163,0.0349983532,0.06187440137,0.06155141661,0.03026104132,0.1850610803,-0.2724702756,0.3330975911,-0.3263061876,0.3922407175,0.4361,7,2.968574448,2.741968973,0.2252203838,0.002448938659,0.8460257888,b4ca64d849c0c193632f5d0ce1ff8772645e41174176fcf4be6937df67eb9a46
"exploratory, post-result",full_is,2016-01-04,2024-10-02,2202,original,net_1x,10,10000,20261004,False,core_ER_6+T4xE1|original|net_1x,core_ER_6|as_committed|net_1x,1.037803853,0.9977473156,0.0400565369,0.06189111437,0.06156383913,0.03738019386,0.1801437678,-0.2605025506,0.328842036,-0.3238386571,0.3851568749,0.4183,7,3.390035523,3.120146136,0.2592440315,0.002805681696,0.8459650572,b4ca64d849c0c193632f5d0ce1ff8772645e41174176fcf4be6937df67eb9a46
"exploratory, post-result",full_is,2016-01-04,2024-10-02,2202,original,net_2x,10,10000,20261004,False,core_ER_6+T4xE1|original|net_2x,core_ER_6|as_committed|net_2x,0.9087113208,0.8775538163,0.03115750447,0.06187756826,0.06155141661,0.02852781687,0.1797716118,-0.2686203365,0.3199189389,-0.3296321081,0.3759009528,0.4361,7,2.966531029,2.741968973,0.2045089188,0.002214166232,0.845871244,b4ca64d849c0c193632f5d0ce1ff8772645e41174176fcf4be6937df67eb9a46
"exploratory, post-result",full_is,2016-01-04,2024-10-02,2202,both,net_1x,10,10000,20261004,False,core_ER_6+T4xE1|both|net_1x,core_ER_6|as_committed|net_1x,1.041812691,0.9977473156,0.04406537494,0.06188873708,0.06156383913,0.04118214167,0.1804461864,-0.2576169407,0.3339193466,-0.3190542665,0.3890292931,0.4103,7,3.391165628,3.120146136,0.28074242,0.003051316455,0.8461270897,b4ca64d849c0c193632f5d0ce1ff8772645e41174176fcf4be6937df67eb9a46
"exploratory, post-result",full_is,2016-01-04,2024-10-02,2202,both,net_2x,10,10000,20261004,False,core_ER_6+T4xE1|both|net_2x,core_ER_6|as_committed|net_2x,0.9125521695,0.8775538163,0.0349983532,0.06187440137,0.06155141661,0.03215594425,0.1801188479,-0.2651987511,0.3240508823,-0.3253962658,0.3794528949,0.429,7,2.968574448,2.741968973,0.2252203838,0.002448938659,0.8460257888,b4ca64d849c0c193632f5d0ce1ff8772645e41174176fcf4be6937df67eb9a46
"exploratory, post-result",full_is,2016-01-04,2024-10-02,2202,original,net_1x,40,10000,20261004,False,core_ER_6+T4xE1|original|net_1x,core_ER_6|as_committed|net_1x,1.037803853,0.9977473156,0.0400565369,0.06189111437,0.06156383913,0.03357686256,0.186873231,-0.2770759693,0.3382726752,-0.3315740364,0.3991117182,0.4294,7,3.390035523,3.120146136,0.2592440315,0.002805681696,0.8459650572,b4ca64d849c0c193632f5d0ce1ff8772645e41174176fcf4be6937df67eb9a46
"exploratory, post-result",full_is,2016-01-04,2024-10-02,2202,original,net_2x,40,10000,20261004,False,core_ER_6+T4xE1|original|net_2x,core_ER_6|as_committed|net_2x,0.9087113208,0.8775538163,0.03115750447,0.06187756826,0.06155141661,0.02471871161,0.1871388964,-0.2873937125,0.3299928307,-0.3397502291,0.3901449181,0.4478,7,2.966531029,2.741968973,0.2045089188,0.002214166232,0.845871244,b4ca64d849c0c193632f5d0ce1ff8772645e41174176fcf4be6937df67eb9a46
"exploratory, post-result",full_is,2016-01-04,2024-10-02,2202,both,net_1x,40,10000,20261004,False,core_ER_6+T4xE1|both|net_1x,core_ER_6|as_committed|net_1x,1.041812691,0.9977473156,0.04406537494,0.06188873708,0.06156383913,0.03723300925,0.1879271577,-0.2749973216,0.342988701,-0.3307044499,0.4042296179,0.4234,7,3.391165628,3.120146136,0.28074242,0.003051316455,0.8461270897,b4ca64d849c0c193632f5d0ce1ff8772645e41174176fcf4be6937df67eb9a46
"exploratory, post-result",full_is,2016-01-04,2024-10-02,2202,both,net_2x,40,10000,20261004,False,core_ER_6+T4xE1|both|net_2x,core_ER_6|as_committed|net_2x,0.9125521695,0.8775538163,0.0349983532,0.06187440137,0.06155141661,0.02819820471,0.1882679128,-0.2837467269,0.336836947,-0.3409123394,0.3962097042,0.4406,7,2.968574448,2.741968973,0.2252203838,0.002448938659,0.8460257888,b4ca64d849c0c193632f5d0ce1ff8772645e41174176fcf4be6937df67eb9a46
"exploratory, post-result",oos,2024-10-03,2026-10-02,501,original,net_1x,20,10000,20261004,True,core_ER_6+T4xE1|original|net_1x,core_ER_6|as_committed|net_1x,0.8700514723,0.6007088962,0.2693425761,0.05716915138,0.0574005087,0.2749235513,0.250208773,-0.1178309101,0.7057267293,-0.1907515496,0.799275445,0.1284,5,1.32274325,0.9494519425,1.025745658,0.01525910811,0.9325521807,b4ca64d849c0c193632f5d0ce1ff8772645e41174176fcf4be6937df67eb9a46
"exploratory, post-result",oos,2024-10-03,2026-10-02,501,original,net_2x,20,10000,20261004,False,core_ER_6+T4xE1|original|net_2x,core_ER_6|as_committed|net_2x,0.7025224644,0.4556214425,0.2469010219,0.05717941649,0.05740171103,0.2527043445,0.249615892,-0.1366494557,0.6833511978,-0.2106734996,0.778338925,0.1506,5,1.06973502,0.7210941176,0.9410564472,0.0140163742,0.9325240652,b4ca64d849c0c193632f5d0ce1ff8772645e41174176fcf4be6937df67eb9a46
"exploratory, post-result",oos,2024-10-03,2026-10-02,501,both,net_1x,20,10000,20261004,True,core_ER_6+T4xE1|both|net_1x,core_ER_6|as_committed|net_1x,0.8714575389,0.6007088962,0.2707486427,0.05717525511,0.0574005087,0.2766084486,0.2497035762,-0.1159696418,0.7053305624,-0.1884076237,0.7998972472,0.1272,5,1.324963301,0.9494519425,1.036243233,0.01534481088,0.9328805251,b4ca64d849c0c193632f5d0ce1ff8772645e41174176fcf4be6937df67eb9a46
"exploratory, post-result",oos,2024-10-03,2026-10-02,501,both,net_2x,20,10000,20261004,False,core_ER_6+T4xE1|both|net_2x,core_ER_6|as_committed|net_2x,0.7029158997,0.4556214425,0.2472944571,0.05718652148,0.05740171103,0.2533601087,0.2490368795,-0.135536806,0.6828139,-0.2095136689,0.7786013428,0.1505,5,1.070413688,0.7210941176,0.9473499089,0.01404386481,0.9328471289,b4ca64d849c0c193632f5d0ce1ff8772645e41174176fcf4be6937df67eb9a46
"exploratory, post-result",oos,2024-10-03,2026-10-02,501,original,net_1x,10,10000,20261004,False,core_ER_6+T4xE1|original|net_1x,core_ER_6|as_committed|net_1x,0.8700514723,0.6007088962,0.2693425761,0.05716915138,0.0574005087,0.2695631464,0.2582497514,-0.1396840656,0.7034327657,-0.2175792334,0.791716541,0.1453,5,1.32274325,0.9494519425,1.025745658,0.01525910811,0.9325521807,b4ca64d849c0c193632f5d0ce1ff8772645e41174176fcf4be6937df67eb9a46
"exploratory, post-result",oos,2024-10-03,2026-10-02,501,original,net_2x,10,10000,20261004,False,core_ER_6+T4xE1|original|net_2x,core_ER_6|as_committed|net_2x,0.7025224644,0.4556214425,0.2469010219,0.05717941649,0.05740171103,0.2472139014,0.2575924109,-0.1608010605,0.681272199,-0.2371236541,0.7702849403,0.1675,5,1.06973502,0.7210941176,0.9410564472,0.0140163742,0.9325240652,b4ca64d849c0c193632f5d0ce1ff8772645e41174176fcf4be6937df67eb9a46
"exploratory, post-result",oos,2024-10-03,2026-10-02,501,both,net_1x,10,10000,20261004,False,core_ER_6+T4xE1|both|net_1x,core_ER_6|as_committed|net_1x,0.8714575389,0.6007088962,0.2707486427,0.05717525511,0.0574005087,0.2711202859,0.2570107004,-0.1357048621,0.7042228318,-0.2151602031,0.793452052,0.1422,5,1.324963301,0.9494519425,1.036243233,0.01534481088,0.9328805251,b4ca64d849c0c193632f5d0ce1ff8772645e41174176fcf4be6937df67eb9a46
"exploratory, post-result",oos,2024-10-03,2026-10-02,501,both,net_2x,10,10000,20261004,False,core_ER_6+T4xE1|both|net_2x,core_ER_6|as_committed|net_2x,0.7029158997,0.4556214425,0.2472944571,0.05718652148,0.05740171103,0.2477486866,0.2562950064,-0.1567130652,0.6804290847,-0.2359605536,0.7686254198,0.1645,5,1.070413688,0.7210941176,0.9473499089,0.01404386481,0.9328471289,b4ca64d849c0c193632f5d0ce1ff8772645e41174176fcf4be6937df67eb9a46
"exploratory, post-result",oos,2024-10-03,2026-10-02,501,original,net_1x,40,10000,20261004,False,core_ER_6+T4xE1|original|net_1x,core_ER_6|as_committed|net_1x,0.8700514723,0.6007088962,0.2693425761,0.05716915138,0.0574005087,0.2754297119,0.2003647571,-0.03521991886,0.6191925547,-0.09347758136,0.690429011,0.0752,5,1.32274325,0.9494519425,1.025745658,0.01525910811,0.9325521807,b4ca64d849c0c193632f5d0ce1ff8772645e41174176fcf4be6937df67eb9a46
"exploratory, post-result",oos,2024-10-03,2026-10-02,501,original,net_2x,40,10000,20261004,False,core_ER_6+T4xE1|original|net_2x,core_ER_6|as_committed|net_2x,0.7025224644,0.4556214425,0.2469010219,0.05717941649,0.05740171103,0.2531881773,0.2012725575,-0.05900588761,0.598607969,-0.1150650592,0.6716189441,0.0937,5,1.06973502,0.7210941176,0.9410564472,0.0140163742,0.9325240652,b4ca64d849c0c193632f5d0ce1ff8772645e41174176fcf4be6937df67eb9a46
"exploratory, post-result",oos,2024-10-03,2026-10-02,501,both,net_1x,40,10000,20261004,False,core_ER_6+T4xE1|both|net_1x,core_ER_6|as_committed|net_1x,0.8714575389,0.6007088962,0.2707486427,0.05717525511,0.0574005087,0.2771090462,0.1995915557,-0.03201154835,0.6179219713,-0.09102230556,0.6910465075,0.0733,5,1.324963301,0.9494519425,1.036243233,0.01534481088,0.9328805251,b4ca64d849c0c193632f5d0ce1ff8772645e41174176fcf4be6937df67eb9a46
"exploratory, post-result",oos,2024-10-03,2026-10-02,501,both,net_2x,40,10000,20261004,False,core_ER_6+T4xE1|both|net_2x,core_ER_6|as_committed|net_2x,0.7029158997,0.4556214425,0.2472944571,0.05718652148,0.05740171103,0.2538371533,0.2003914645,-0.05675466446,0.5965818692,-0.113220087,0.6697645522,0.0923,5,1.070413688,0.7210941176,0.9473499089,0.01404386481,0.9328471289,b4ca64d849c0c193632f5d0ce1ff8772645e41174176fcf4be6937df67eb9a46
