name,my_is_1x,my_is_2x,my_is_g,my_A,my_B,my_nw,my_mdd_tot,my_mdd_ex,my_later,my_drift_is_1x,my_drift_later,my_turn,se,an_is_1x,an_later,an_nw,an_mdd,file_is_1x,file_is_2x,file_g,file_later,file_start,file_end,corr_file_mine,maxabs_file_mine
rpm_ES_STATIC,0.7551101797976961,0.7511606749414808,0.7590571526989989,0.9721425881742868,0.6645513197997321,2.9722530558185305,-0.23356271590021027,-0.2340655758796818,0.7274860750069582,0.7605206138700813,0.7219498988790789,5.409946526994788,0.3136924477718435,0.7551099673663201,0.7274854647448522,2.972252483122863,-0.233562712157475,0.7551099673663201,0.7511602500716204,0.7590571526989989,0.7274854647448522,2011-09-02,2026-10-02,0.9999999999999638,3.8813535935613985e-09
rpm_ES_CV,0.771875627004689,0.7670492796648024,0.7766981094584833,0.9393228163768962,0.6759805722491538,2.956786380329443,-0.21990162163146787,-0.2204137046144905,0.5024893493678971,0.7765289252931031,0.4954527897132885,7.0880802015437485,0.3152508562699348,0.7718754652044149,0.5024888799662541,2.95678596536876,-0.2199016183221966,0.7718754652044149,0.7670489560393131,0.7766981094584829,0.5024888799662541,2011-09-02,2026-10-02,0.9999999999999728,3.847559297640718e-09
rpm_ES_CVB,0.7574738156359613,0.7528947665609229,0.7620495038986661,0.9583624474824256,0.6493863376295639,2.933947322994755,-0.22308297638710994,-0.22359286589502259,0.5617846342284406,0.7631756278732943,0.5547622313880308,6.326140618510469,0.31391054880427915,0.7574736815832599,0.5617841256778996,2.933947015915361,-0.2230829728757913,0.7574736815832599,0.7528944984486637,0.7620495038986658,0.5617841256778996,2011-09-02,2026-10-02,0.999999999999969,3.840455088492678e-09
rpm_ES_MM,0.8667026066756436,0.8610972504362033,0.8723026471727946,0.896814601794856,0.8474412558793318,3.4222293937283856,-0.13226200546290334,-0.13283026618758853,0.5666011030795616,0.8689650260467057,0.5592874209908987,7.852098987948679,0.3245490288917484,0.866702513936969,0.5666007159418605,3.4222291893404173,-0.1322620018820218,0.866702513936969,0.8610970649379709,0.8723026471727944,0.5666007159418605,2011-09-02,2026-10-02,0.9999999999999908,3.734534442106918e-09
rpm_ES_FB,0.6340235983702852,0.6285071052173402,0.6395358578658668,0.7269728596037976,0.5712844122904318,2.3921770383444625,-0.19492079922860506,-0.22022737328132036,0.22720858055419457,0.634341102208381,0.22100819007665587,7.068489110041535,0.3032540155952686,0.6340234702576286,0.2272082353359163,2.392176720375322,-0.1949208039269798,0.6340234702576286,0.628506848939497,0.6395358578658664,0.22720823533591636,2011-09-02,2026-10-02,0.9999999999999699,3.847559297640718e-09
rpm_ES_FBB,0.6117102396705719,0.6062542687369984,0.6171623277421661,0.7213922075705196,0.5392654561877726,2.3293484366982002,-0.17039170728801256,-0.19472224193958454,0.27914113061676626,0.6123959996566678,0.2719415520205678,6.302272857499948,0.3014942361134223,0.6117101456583901,0.2791407556440661,2.329348249174653,-0.1703916935628292,0.6117101456583901,0.6062540806764518,0.6171623277421658,0.27914075564406615,2011-09-02,2026-10-02,0.9999999999999628,3.840455088492678e-09
rpm_ZN_STATIC,-0.005970214623774565,-0.02248340864659829,0.01054769671822033,0.3095442473760383,-0.1741785768672351,-0.022713899923197688,-0.40749654578500627,-0.44272416830708894,-0.9089509485977758,-0.0070513583100874876,-0.9068585249079466,16.95950622190781,0.276719777080968,-0.0059700148351083,-0.908948319961262,-0.0227131666026967,-0.4074954698362625,-0.0059700148351083965,-0.02248300811428096,0.010547696718220275,-0.9089483199612619,2011-09-02,2026-10-02,0.9999999999962881,3.909408312352536e-08
rpm_ZN_CV,0.05676339903161934,0.037045230371646226,0.07648403575580331,0.26625279090823223,-0.08051385330853328,0.2141098343240666,-0.3512514433938718,-0.389811615796421,-0.97955676140839,0.05611287481761765,-0.9772573367208132,20.398469802413715,0.276940123166103,0.0567621843748966,-0.9795538178001078,0.2141054721907326,-0.3512512628307724,0.05676218437489666,0.03704280133033178,0.07648403575580308,-0.9795538178001078,2011-09-02,2026-10-02,0.9999999999946223,7.126240983423848e-08
rpm_ZN_CVB,0.0457305697006016,0.026926857400488686,0.06453700754082342,0.2835383279108526,-0.10373979815729083,0.17293411361406266,-0.36082147012523447,-0.3988152188152164,-0.9611214178956015,0.04524068800149569,-0.9589417147600862,18.929788586597766,0.27686194719263285,0.0457295970482548,-0.961119062942868,0.1729305925175915,-0.3608212029385561,0.04572959704825484,0.026924912732654335,0.06453700754082324,-0.9611190629428681,2011-09-02,2026-10-02,0.9999999999960989,4.974976041804274e-08
rpm_ZN_MM,0.11031775609502194,0.08593601499714498,0.13469773919053116,0.2736653555893569,-0.003839919586222094,0.42321359049549345,-0.3045505370281695,-0.36322280656363326,-1.0732257061724786,0.11435577719475434,-1.0795614334977766,25.730481032971277,0.2775579473476433,0.1103167901105146,-1.0732180288471391,0.4232104115837253,-0.3045501790584369,0.11031679011051465,0.085934089619716,0.1346977391905311,-1.0732180288471391,2011-09-02,2026-10-02,0.9999999999905265,1.0325531685229095e-07
rpm_ZN_FB,0.2676628345116089,0.2459075609061107,0.2893993180201716,0.3163446710043618,0.22952856377526612,1.01499992573619,-0.16108185636228411,-0.23185674760456332,-0.40755192682513736,0.2704400510506743,-0.40946677207555254,16.886017859519733,0.28162994543712516,0.267661404525243,-0.4075507581217861,1.0149955403661437,-0.161081800635907,0.26766140452524306,0.2459047040024571,0.28939931802017155,-0.4075507581217861,2011-09-02,2026-10-02,0.9999999999941667,7.126240983423848e-08
rpm_ZN_FBB,0.24584154957959617,0.22468833189160362,0.26697873084668644,0.3236873469667374,0.1849713621469927,0.93446484702218,-0.17198336408626536,-0.2418414164129189,-0.4052155086532078,0.24868345055124697,-0.4069293365947531,15.739500221014232,0.28086725768640264,0.2458403254095041,-0.4052146057244064,0.9344610671902688,-0.1719832827801821,0.24584032540950415,0.2246858862615547,0.26697873084668644,-0.40521460572440643,2011-09-02,2026-10-02,0.9999999999955622,4.974976041804274e-08
rpm_GC_STATIC,0.1580955084867508,0.14765247267520146,0.16853190521336842,-0.4875996316622406,0.6095469283265506,0.5856830232712962,-0.28408757613637703,-0.2857053255491724,0.8735865064991523,0.15695057730427223,0.8499340968530276,6.578315999967649,0.2784410239222586,0.1580953834793275,0.8735857779402431,0.5856826568653809,-0.2840875725342011,0.15809538347932756,0.1476522227149398,0.1685319052133683,0.8735857779402431,2011-09-02,2026-10-02,0.9999999999998811,6.9873012458442074e-09
rpm_GC_CV,0.14954114517086642,0.13808748173202046,0.16098687961848282,-0.538492952627846,0.6192351138534307,0.5411692366786485,-0.32767599825800753,-0.32919540704810824,1.0906200099401147,0.1485997749530374,1.0470190565751762,8.059947621206392,0.27826003733802773,0.1495411015746404,1.090619330187201,0.5411691273562855,-0.3276759952317409,0.14954110157464043,0.13808739459310032,0.16098687961848349,1.090619330187201,2011-09-02,2026-10-02,0.9999999999999004,7.354254038431998e-09
rpm_GC_CVB,0.15280930419466077,0.14160257624304587,0.1640084550147601,-0.5215016968188166,0.6160738757995705,0.55684460875817,-0.30814073184184043,-0.30970422392893393,1.0566066187791234,0.15172997681818381,1.0170484342381627,7.471174534518693,0.27832800817026737,0.1528092411217956,1.0566059827246557,0.5568444442940056,-0.3081407284552168,0.15280924112179564,0.14160245015054085,0.16400845501476052,1.0566059827246557,2011-09-02,2026-10-02,0.9999999999998866,7.22233821359719e-09
rpm_GC_MM,0.10370452027164104,0.09076495963630346,0.11663610491472204,-0.49849642697740965,0.5395349502759879,0.36859268536284423,-0.34915280904343626,-0.3501624051310075,1.0404732935906322,0.10221535364422632,1.0057795818958548,9.47349216231713,0.27746031170693075,0.1037044707871612,1.0404728048245078,0.368592532408827,-0.3491528070626937,0.10370447078716125,0.09076486076681743,0.116636104914722,1.0404728048245078,2011-09-02,2026-10-02,0.999999999999928,7.820114464405364e-09
rpm_GC_FB,-0.046051725343047724,-0.05868380854730695,-0.03342290074644706,-0.8709508800219552,0.3122495604562175,-0.17344154922722235,-0.27572456003357326,-0.2858802853454008,1.0980597345167713,-0.04918494126184367,1.058639715171084,6.574205978953103,0.27686398527752387,-0.0460518086136106,1.098059025409216,-0.1734418866071711,-0.2757245552015807,-0.04605180861361066,-0.05868397504976957,-0.033422900746446556,1.098059025409216,2011-09-02,2026-10-02,0.9999999999998632,7.354254038431998e-09
rpm_GC_FBB,-0.05083627740839236,-0.0631125420959277,-0.03856267525238879,-0.8440743097427652,0.30853904000618,-0.19296002037607934,-0.26390221319838525,-0.27422337506295524,1.0659423870446667,-0.054324574793251944,1.0303764333077514,6.121902486371463,0.2768960355962603,-0.0508363949939891,1.0659417190034282,-0.1929605002533219,-0.2639022071751169,-0.05083639499398913,-0.06311277724978978,-0.03856267525238849,1.0659417190034282,2011-09-02,2026-10-02,0.9999999999998498,7.22233821359719e-09
rpm_SB_STATIC,0.6486753263190125,0.6306672608869133,0.6666572094038095,1.158172727205895,0.41398673285213927,2.3318956315494,-0.36952724911572576,-0.39502544327097644,-0.08305528209217505,0.6442053335678329,-0.10107085752413583,22.161943503005524,0.3044380727255437,0.6486737922325536,-0.0830559597494306,2.3318923889915544,-0.3695269814607526,0.6486737922325536,0.6306641927799356,0.6666572094038097,-0.08305595974943067,2011-09-02,2026-10-02,0.999999999997391,4.170454964962794e-08
rpm_SB_CV,0.7568930869369096,0.73495817639096,0.7787839381921973,1.0608576922299275,0.5616436280862543,2.7286155123075373,-0.25796328330166274,-0.28682318855032574,-0.22662493592145472,0.762166799476958,-0.2428125838985931,25.76699577616678,0.3138569138075147,0.7568902976147371,-0.2266249368461738,2.728608185268918,-0.2579632449843502,0.7568902976147371,0.7349525976259503,0.7787839381921968,-0.2266249368461738,2011-09-02,2026-10-02,0.9999999999953106,8.689039066207827e-08
rpm_SB_CVB,0.7367700889617349,0.7156950714851545,0.75780420038699,1.0902851856135292,0.5223108020930457,2.6572640310472173,-0.2701989313633367,-0.29659025612894085,-0.1800103872888208,0.7421321618347075,-0.19713005490740737,23.693665046002106,0.31201825859834914,0.7367676184353423,-0.1800113092050452,2.657257259029252,-0.2701988775102826,0.7367676184353423,0.7156901305480213,0.7578042003869899,-0.1800113092050452,2011-09-02,2026-10-02,0.999999999996905,6.105414645640045e-08
rpm_SB_MM,0.8399913360858323,0.8117989797845622,0.868126719667264,1.2454603333211418,0.5478339905518188,3.123624733011824,-0.24022740427358946,-0.2901703145350676,-0.302585560860169,0.8434690732783837,-0.32743575935322516,32.287778567401354,0.3218488475261906,0.8399878951851132,-0.3025839919683752,3.123616382561142,-0.2402274314992517,0.8399878951851132,0.8117921038329756,0.868126719667264,-0.30258399196837527,2011-09-02,2026-10-02,0.9999999999917637,1.0035522096836502e-07
rpm_SB_FB,0.818701461054327,0.7968365605256303,0.8405134792984396,0.9060384522289389,0.7546194369821818,3.181504818716532,-0.16233062560066258,-0.1762979433253843,-0.1329768241597372,0.823592487407876,-0.15016092435948955,22.31835806196896,0.3197415596339074,0.8186997000372628,-0.1329770976163112,3.1815004966983382,-0.1623306219107333,0.8186997000372628,0.7968330421136689,0.8405134792984392,-0.1329770976163112,2011-09-02,2026-10-02,0.9999999999961948,7.771321733525405e-08
rpm_SB_FBB,0.7873452491306792,0.7656234822959667,0.8090160583969324,0.8974995496094522,0.7069410431507871,3.0920498356823174,-0.15612966314147536,-0.1851213444329819,-0.10102241769587961,0.7930214437645322,-0.11860914116172751,20.560217131931978,0.31671215279232284,0.7873437103044186,-0.1010237757971123,3.0920459367471707,-0.1561296605223678,0.7873437103044186,0.7656204073437509,0.8090160583969324,-0.1010237757971123,2011-09-02,2026-10-02,0.9999999999972154,6.04766641626453e-08
