presser_id,date,drop_timing,sample_role,turns_state,clock_source,vtt_median_offset_s,vtt_n_words,vtt_ok,wav_duration_s,label_video_duration_s,wav_gap_s,wav_ok,qa_ok,diarize_state,diarize_method,diarize_enroll_s,diarize_threshold,diarize_threshold_source,diarize_answer_verified_frac,diarize_n_chunks,voice_state,face_state,face_enroll_ok,n_caption_answers,voice_n_chunks,voice_identity_ok_frac,voice_valid_frac,voice_valid_cover_s_frac,voice_chunks_in_answers,h2_ok,h2_exclusion,face_gate_mismatch_vs_frozen,face_identity_mismatch_vs_0363,face_jaw_flag_mismatch,face_gated_frames_in_answers,h3_ok,h3_exclusion
20180321,2018-03-21,0,contaminated_2016_2022,ok,asr,-1.826,6341.0,True,2611.573,2611.6,0.027000000000043656,True,True,ok,ecapa_verify,366.0,0.584,opening_loo,0.9475,700,ok,ok,True,26,184.0,0.8641304347826086,0.8641304347826086,0.8645397509791257,182.0,True,,0.0,0.0,0.0,1076.0,True,
20180613,2018-06-13,0,contaminated_2016_2022,ok,asr,-7.154,8190.0,False,3142.09,3142.1,0.009999999999763531,True,False,ok,ecapa_verify,588.0,0.6017,opening_loo,0.9913,798,ok,ok,True,24,217.0,0.967741935483871,0.967741935483871,0.9670194408617349,193.0,False,qa_failed,0.0,0.0,0.0,1414.0,False,qa_failed
20180926,2018-09-26,0,contaminated_2016_2022,ok,asr,-3.192,8873.0,False,3474.869,3474.9,0.03099999999994907,True,False,ok,ecapa_verify,393.0,0.6264,opening_loo,0.9708,978,ok,ok,True,32,273.0,0.9120879120879121,0.9120879120879121,0.913125467373281,269.0,False,qa_failed,0.0,0.0,0.0,1743.0,False,qa_failed
20181219,2018-12-19,0,contaminated_2016_2022,ok,asr,-3.856,6686.0,False,2697.183,2697.2,0.016999999999825377,True,False,ok,ecapa_verify,549.0,0.5388,opening_loo,0.9918,672,ok,ok,True,23,187.0,0.9786096256684492,0.9625668449197861,0.9711424601463412,170.0,False,qa_failed,0.0,0.0,0.0,1067.0,False,qa_failed
20190130,2019-01-30,0,contaminated_2016_2022,ok,asr,-0.366,7192.0,True,2865.269,2865.3,0.031000000000403816,True,True,ok,ecapa_verify,564.0,0.6136,opening_loo,0.9488,716,ok,ok,True,30,184.0,0.8586956521739131,0.8532608695652174,0.8576039351851562,182.0,True,,0.0,0.0,0.0,1067.0,True,
20190320,2019-03-20,0,contaminated_2016_2022,ok,asr,-0.066,6872.0,True,2746.037,2746.1,0.06300000000010186,True,True,ok,ecapa_verify,462.0,0.5721,opening_loo,0.9881,708,ok,ok,True,28,190.0,0.968421052631579,0.968421052631579,0.9678027381088133,190.0,True,,0.0,0.0,0.0,1170.0,True,
20190501,2019-05-01,1,contaminated_2016_2022,ok,asr,-172.786,6224.0,False,2471.605,2471.7,0.09499999999979991,True,False,ok,ecapa_verify,387.0,0.6015,opening_loo,0.9772,651,ok,ok,True,25,176.0,0.9318181818181818,0.9318181818181818,0.9321423625536627,105.0,False,qa_failed,0.0,0.0,0.0,685.0,False,qa_failed
20190619,2019-06-19,0,contaminated_2016_2022,ok,asr,-2.788,6549.0,False,2641.119,2641.2,0.08099999999967622,True,False,ok,ecapa_verify,423.0,0.5981,opening_loo,0.9575,690,ok,ok,True,27,189.0,0.8571428571428571,0.8571428571428571,0.8568224172398605,188.0,False,qa_failed,0.0,0.0,0.0,1208.0,False,qa_failed
20190731,2019-07-31,0,contaminated_2016_2022,ok,asr,-1.706,7004.0,True,2706.271,2706.3,0.028999999999996362,True,True,ok,ecapa_verify,318.0,0.6021,opening_loo,0.9893,753,ok,ok,True,28,204.0,0.9656862745098039,0.9656862745098039,0.9670452209340719,203.0,True,,0.0,0.0,0.0,1298.0,True,
20190918,2019-09-18,0,contaminated_2016_2022,ok,asr,-2.987,7999.0,False,3114.911,3115.0,0.08899999999994179,True,False,ok,ecapa_verify,471.0,0.6004,opening_loo,0.9836,831,ok,ok,True,30,227.0,0.947136563876652,0.947136563876652,0.9469870005357697,226.0,False,qa_failed,0.0,0.0,0.0,1300.0,False,qa_failed
20191030,2019-10-30,0,contaminated_2016_2022,ok,asr,-1.013,7145.0,True,2861.642,2861.7,0.057999999999992724,True,True,ok,ecapa_verify,396.0,0.6214,opening_loo,0.9538,783,ok,ok,True,33,205.0,0.8829268292682927,0.8829268292682927,0.8803393632552807,204.0,True,,0.0,0.0,0.0,1275.0,True,
20191211,2019-12-11,0,contaminated_2016_2022,ok,asr,-0.586,8208.0,True,3095.093,3095.1,0.007000000000061846,True,True,ok,ecapa_verify,414.0,0.5884,opening_loo,0.9632,851,ok,ok,True,29,242.0,0.8925619834710744,0.8925619834710744,0.8901112904596041,242.0,True,,0.0,0.0,0.0,1463.0,True,
20200129,2020-01-29,0,contaminated_2016_2022,ok,asr,-1.453,8670.0,True,3245.045,3245.1,0.05499999999983629,True,True,ok,ecapa_verify,378.0,0.5809,opening_loo,0.9699,907,ok,ok,True,25,257.0,0.9105058365758755,0.9105058365758755,0.909032931067726,256.0,True,,0.0,0.0,0.0,1661.0,True,
20200429,2020-04-29,0,contaminated_2016_2022,ok,asr,0.604,7363.0,True,2894.069,2894.1,0.03099999999994907,True,True,ok,ecapa_verify,432.0,0.6224,opening_loo,0.9707,772,ok,ok,True,16,235.0,0.9191489361702128,0.9191489361702128,0.9175181649962286,235.0,True,,0.0,0.0,0.0,1816.0,True,
20200610,2020-06-10,0,contaminated_2016_2022,ok,asr,-35.486,9126.0,False,3489.461,3489.5,0.03900000000021464,True,False,ok,ecapa_verify,639.0,0.6257,opening_loo,0.9762,911,ok,ok,True,15,262.0,0.9236641221374046,0.9236641221374046,0.9238269377357945,196.0,False,qa_failed,0.0,0.0,0.0,1560.0,False,qa_failed
20200729,2020-07-29,0,contaminated_2016_2022,ok,asr,0.717,8938.0,True,3564.81,3564.9,0.09000000000014552,True,True,ok,ecapa_verify,582.0,0.6215,opening_loo,0.9673,953,ok,ok,True,22,283.0,0.911660777385159,0.911660777385159,0.914354093040032,283.0,True,,0.0,0.0,0.0,2188.0,True,
20200916,2020-09-16,0,contaminated_2016_2022,ok,asr,6.853,9629.0,False,3825.311,3825.4,0.08899999999994179,True,False,ok,ecapa_verify,639.0,0.6179,opening_loo,0.9628,1015,ok,ok,True,25,296.0,0.8918918918918919,0.8918918918918919,0.8911460527333841,265.0,False,qa_failed,0.0,0.0,0.0,2203.0,False,qa_failed
20201105,2020-11-05,0,contaminated_2016_2022,ok,asr,1.152,7614.0,True,2919.562,2919.6,0.038000000000010914,True,True,ok,ecapa_verify,585.0,0.6083,opening_loo,0.9791,731,ok,ok,True,19,200.0,0.945,0.945,0.9443952988752683,199.0,True,,0.0,0.0,0.0,1571.0,True,
20201216,2020-12-16,0,contaminated_2016_2022,ok,asr,6.272,9055.0,False,3478.464,3478.5,0.03600000000005821,True,False,ok,ecapa_verify,624.0,0.6396,opening_loo,0.9643,907,ok,ok,True,23,266.0,0.8984962406015038,0.8984962406015038,0.896641816041573,242.0,False,qa_failed,0.0,0.0,0.0,2006.0,False,qa_failed
20210127,2021-01-27,0,contaminated_2016_2022,ok,asr,0.561,8271.0,True,3296.427,3296.4,0.027000000000043656,True,True,ok,ecapa_verify,495.0,0.6205,opening_loo,0.9704,901,ok,ok,True,19,270.0,0.9111111111111111,0.9111111111111111,0.9121768758565016,269.0,True,,0.0,0.0,0.0,2123.0,True,
20210317,2021-03-17,1,contaminated_2016_2022,ok,asr,-269.654,9167.0,False,3596.437,3596.4,0.03699999999980719,True,False,ok,ecapa_verify,528.0,0.6289,opening_loo,0.9661,966,ok,ok,True,27,283.0,0.8904593639575972,0.8904593639575972,0.8915080507270242,184.0,False,qa_failed,0.0,0.0,0.0,1515.0,False,qa_failed
20210428,2021-04-28,0,contaminated_2016_2022,ok,asr,2.674,8820.0,False,3321.493,3321.5,0.007000000000061846,True,False,ok,ecapa_verify,381.0,0.6201,opening_loo,0.9766,922,ok,ok,True,25,268.0,0.9291044776119403,0.9291044776119403,0.9285263392708822,252.0,False,qa_failed,0.0,0.0,0.0,2074.0,False,qa_failed
20210616,2021-06-16,0,contaminated_2016_2022,ok,asr,-0.052,9339.0,True,3611.797,3611.8,0.003000000000156433,True,True,ok,ecapa_verify,543.0,0.6079,opening_loo,0.9683,975,ok,ok,True,23,287.0,0.9128919860627178,0.9128919860627178,0.911423844731158,287.0,True,,0.0,0.0,0.0,2230.0,True,
20210728,2021-07-28,0,contaminated_2016_2022,ok,asr,3.588,8560.0,False,3282.795,3282.8,0.005000000000109139,True,False,ok,ecapa_verify,453.0,0.628,opening_loo,0.9694,899,ok,ok,True,22,260.0,0.9115384615384615,0.9115384615384615,0.9101856326299501,242.0,False,qa_failed,0.0,0.0,0.0,1996.0,False,qa_failed
20210922,2021-09-22,0,contaminated_2016_2022,ok,asr,2.194,8293.0,False,3258.773,3258.8,0.027000000000043656,True,False,ok,ecapa_verify,492.0,0.6101,opening_loo,0.9823,874,ok,ok,True,28,246.0,0.9512195121951219,0.9512195121951219,0.9541541374789172,232.0,False,qa_failed,0.0,0.0,0.0,1917.0,False,qa_failed
20211103,2021-11-03,0,contaminated_2016_2022,ok,asr,0.664,8759.0,True,3336.853,3336.9,0.047000000000025466,True,True,ok,ecapa_verify,471.0,0.5966,opening_loo,0.9778,910,ok,ok,True,25,244.0,0.9590163934426229,0.9590163934426229,0.9579845172946231,244.0,True,,0.0,0.0,0.0,1903.0,True,
20211215,2021-12-15,0,contaminated_2016_2022,ok,asr,-0.021,9672.0,True,3654.827,3654.8,0.027000000000043656,True,True,ok,ecapa_verify,474.0,0.6207,opening_loo,0.9717,1018,ok,ok,True,28,302.0,0.9172185430463576,0.9172185430463576,0.9171528588098016,302.0,True,,0.0,0.0,0.0,2363.0,True,
20220126,2022-01-26,0,contaminated_2016_2022,ok,asr,2.258,8497.0,False,3327.253,3327.3,0.047000000000025466,True,False,ok,ecapa_verify,462.0,0.6138,opening_loo,0.9669,901,ok,ok,True,21,266.0,0.8984962406015038,0.8984962406015038,0.8976963471194757,256.0,False,qa_failed,0.0,0.0,0.0,2059.0,False,qa_failed
20220316,2022-03-16,0,contaminated_2016_2022,ok,asr,1.894,8068.0,True,3268.575,3268.6,0.02500000000009095,True,True,ok,ecapa_verify,438.0,0.6306,opening_loo,0.9752,879,ok,ok,True,27,244.0,0.9344262295081968,0.9344262295081968,0.9386945054714576,228.0,True,,0.0,0.0,0.0,1837.0,True,
20220504,2022-05-04,0,contaminated_2016_2022,ok,asr,-0.067,7437.0,True,2850.229,2850.3,0.07100000000036744,True,True,ok,ecapa_verify,453.0,0.572,opening_loo,0.9924,762,ok,ok,True,20,228.0,0.9736842105263158,0.9736842105263158,0.97320381845587,228.0,True,,0.0,0.0,0.0,1609.0,True,
20220615,2022-06-15,0,contaminated_2016_2022,ok,asr,-4.878,8252.0,False,3371.594,3371.6,0.005999999999858119,True,False,ok,ecapa_verify,549.0,0.5693,opening_loo,0.9698,913,ok,ok,True,27,269.0,0.9182156133828996,0.9182156133828996,0.9183042863871878,243.0,False,qa_failed,0.0,0.0,0.0,1903.0,False,qa_failed
20220727,2022-07-27,0,contaminated_2016_2022,ok,asr,-2.076,8687.0,False,3265.525,3265.6,0.0749999999998181,True,False,ok,ecapa_verify,408.0,0.5682,opening_loo,0.981,919,ok,ok,True,28,262.0,0.9465648854961832,0.9465648854961832,0.9458041107749775,261.0,False,qa_failed,0.0,0.0,0.0,1887.0,False,qa_failed
20220921,2022-09-21,0,contaminated_2016_2022,ok,asr,-3.716,6634.0,False,2562.613,2562.7,0.08699999999998909,True,False,ok,ecapa_verify,483.0,0.5733,opening_loo,0.9877,662,ok,ok,True,23,190.0,0.9631578947368421,0.9631578947368421,0.9637607669736185,181.0,False,qa_failed,0.0,0.0,0.0,1287.0,False,qa_failed
20221102,2022-11-02,1,contaminated_2016_2022,ok,asr,-260.672,7206.0,False,2726.751,2726.8,0.04899999999997817,True,False,ok,ecapa_verify,411.0,0.5371,opening_loo,0.9967,746,ok,ok,True,24,227.0,0.9911894273127754,0.9911894273127754,0.9910459454921932,154.0,False,qa_failed,0.0,0.0,0.0,1161.0,False,qa_failed
20221214,2022-12-14,1,contaminated_2016_2022,ok,asr,,,False,2732.917,2733.0,0.08300000000008367,True,False,ok,ecapa_verify,543.0,0.5568,opening_loo,0.9793,692,ok,ok,True,0,,,,,,False,qa_failed;no_caption_timed_answers,,,,,False,qa_failed;no_caption_timed_answers
20230201,2023-02-01,1,confirmation_2023_2026_powell,ok,asr,-163.903,7139.0,False,2677.002,2677.1,0.09799999999995634,True,False,ok,ecapa_verify,411.0,0.5672,opening_loo,0.9556,719,ok,ok,True,29,205.0,0.8926829268292683,0.8926829268292683,0.893723786227669,134.0,False,qa_failed,0.0,0.0,0.0,957.0,False,qa_failed
20230322,2023-03-22,0,confirmation_2023_2026_powell,ok,asr,-3.011,6896.0,False,2611.829,2611.9,0.07099999999991269,True,False,ok,ecapa_verify,519.0,0.6173,opening_loo,0.9384,677,ok,ok,True,33,172.0,0.813953488372093,0.813953488372093,0.8139259016099913,155.0,False,qa_failed,0.0,0.0,0.0,1121.0,False,qa_failed
20230503,2023-05-03,0,confirmation_2023_2026_powell,ok,asr,-6.529,7910.0,False,2952.565,2952.6,0.03499999999985448,True,False,ok,ecapa_verify,432.0,0.5873,opening_loo,0.9562,813,ok,ok,True,32,234.0,0.8760683760683761,0.8760683760683761,0.87245989157046,203.0,False,qa_failed,0.0,0.0,0.0,1466.0,False,qa_failed
20230614,2023-06-14,1,confirmation_2023_2026_powell,ok,asr,,,False,2949.237,2949.3,0.06300000000010186,True,False,ok,ecapa_verify,351.0,0.5991,opening_loo,0.7068,862,ok,ok,True,0,,,,,,False,qa_failed;no_caption_timed_answers,,,,,False,qa_failed;no_caption_timed_answers
20230726,2023-07-26,1,confirmation_2023_2026_powell,ok,asr,,,False,2959.967,2960.0,0.032999999999901775,True,False,ok,ecapa_verify,351.0,0.6065,opening_loo,0.9757,850,ok,ok,True,0,,,,,,False,qa_failed;no_caption_timed_answers,,,,,False,qa_failed;no_caption_timed_answers
20230920,2023-09-20,0,confirmation_2023_2026_powell,ok,asr,0.076,8638.0,True,3215.861,3215.9,0.03900000000021464,True,True,ok,ecapa_verify,510.0,0.5957,opening_loo,0.9747,880,ok,ok,True,31,235.0,0.9361702127659575,0.9361702127659575,0.9364949103537479,235.0,True,,0.0,0.0,0.0,1718.0,True,
20231101,2023-11-01,1,confirmation_2023_2026_powell,ok,asr,,,False,3088.031,3088.1,0.06899999999995998,True,False,ok,ecapa_verify,441.0,0.5948,opening_loo,0.9749,854,ok,ok,True,0,,,,,,False,qa_failed;no_caption_timed_answers,,,,,False,qa_failed;no_caption_timed_answers
20231213,2023-12-13,1,confirmation_2023_2026_powell,ok,asr,,,False,2691.146,2691.2,0.053999999999632564,True,False,ok,ecapa_verify,522.0,0.5712,opening_loo,0.9884,677,ok,ok,True,0,,,,,,False,qa_failed;no_caption_timed_answers,,,,,False,qa_failed;no_caption_timed_answers
20240131,2024-01-31,0,confirmation_2023_2026_powell,ok,asr,-62.622,8316.0,False,2968.65,2968.7,0.04999999999972715,True,False,ok,ecapa_verify,405.0,0.5965,opening_loo,0.9615,829,ok,ok,True,36,228.0,0.9122807017543859,0.9122807017543859,0.9115826549870639,135.0,False,qa_failed,0.0,0.0,0.0,1069.0,False,qa_failed
20240320,2024-03-20,1,confirmation_2023_2026_powell,ok,asr,,,False,2878.666,2878.7,0.033999999999650754,True,False,ok,ecapa_verify,510.0,0.595,opening_loo,0.9759,761,ok,ok,True,0,,,,,,False,qa_failed;no_caption_timed_answers,,,,,False,qa_failed;no_caption_timed_answers
20240501,2024-05-01,0,confirmation_2023_2026_powell,ok,asr,8.88,7803.0,False,2944.287,2944.3,0.013000000000374712,True,False,ok,ecapa_verify,459.0,0.6011,opening_loo,0.9686,787,ok,ok,True,35,218.0,0.9174311926605505,0.9174311926605505,0.9197471904127469,174.0,False,qa_failed,0.0,0.0,0.0,1373.0,False,qa_failed
20240612,2024-06-12,0,confirmation_2023_2026_powell,ok,asr,-1.532,8436.0,True,3084.597,3084.7,0.10299999999961074,True,True,ok,ecapa_verify,477.0,0.5876,opening_loo,0.9748,838,ok,ok,True,29,236.0,0.923728813559322,0.923728813559322,0.9237290890179424,236.0,True,,0.0,0.0,0.0,1707.0,True,
20240731,2024-07-31,0,confirmation_2023_2026_powell,ok,asr,2.2,7560.0,False,2856.735,2856.8,0.06500000000005457,True,False,ok,ecapa_verify,372.0,0.6122,opening_loo,0.9622,791,ok,ok,True,32,231.0,0.9047619047619048,0.9047619047619048,0.9046393182499085,214.0,False,qa_failed,0.0,0.0,0.0,1652.0,False,qa_failed
20240918,2024-09-18,0,confirmation_2023_2026_powell,ok,asr,-38.139,8019.0,False,2985.695,2985.7,0.004999999999654392,True,False,ok,ecapa_verify,471.0,0.5821,opening_loo,0.9703,811,ok,ok,True,34,223.0,0.9192825112107623,0.9192825112107623,0.920529078022338,130.0,False,qa_failed,0.0,0.0,0.0,1009.0,False,qa_failed
20241107,2024-11-07,0,confirmation_2023_2026_powell,ok,asr,-0.072,6751.0,True,2529.845,2529.9,0.05500000000029104,True,True,ok,ecapa_verify,354.0,0.5943,opening_loo,0.9688,698,ok,ok,True,30,197.0,0.9137055837563451,0.9137055837563451,0.913087788538935,196.0,True,,0.0,0.0,0.0,1442.0,True,
20241218,2024-12-18,0,confirmation_2023_2026_powell,ok,asr,-1.956,8600.0,True,3168.522,3168.6,0.07799999999997453,True,True,ok,ecapa_verify,417.0,0.5461,opening_loo,0.9871,876,ok,ok,True,31,265.0,0.969811320754717,0.969811320754717,0.9690477341974174,263.0,True,,0.0,0.0,0.0,1898.0,True,
20250129,2025-01-29,0,confirmation_2023_2026_powell,ok,asr,-0.103,7987.0,True,2975.562,2975.6,0.038000000000010914,True,True,ok,ecapa_verify,360.0,0.6054,opening_loo,0.9725,837,ok,ok,True,38,226.0,0.9247787610619469,0.9247787610619469,0.9283827480985564,226.0,True,,0.0,0.0,0.0,1636.0,True,
20250319,2025-03-19,0,confirmation_2023_2026_powell,ok,asr,-0.102,8338.0,True,2970.613,2970.7,0.08699999999998909,True,True,ok,ecapa_verify,459.0,0.6078,opening_loo,0.9722,806,ok,ok,True,37,226.0,0.9292035398230089,0.9292035398230089,0.9277838527428466,226.0,True,,0.0,0.0,0.0,1653.0,True,
20250507,2025-05-07,0,confirmation_2023_2026_powell,ok,asr,3.525,7719.0,False,2866.954,2867.0,0.04599999999982174,True,False,ok,ecapa_verify,396.0,0.5691,opening_loo,0.9801,795,ok,ok,True,37,210.0,0.9571428571428572,0.9571428571428572,0.956192121883252,186.0,False,qa_failed,0.0,0.0,0.0,1478.0,False,qa_failed
20250618,2025-06-18,0,confirmation_2023_2026_powell,ok,asr,-0.406,8455.0,True,3090.037,3090.1,0.06300000000010186,True,True,ok,ecapa_verify,504.0,0.5912,opening_loo,0.9924,839,ok,ok,True,32,232.0,0.978448275862069,0.978448275862069,0.9785269297044141,231.0,True,,0.0,0.0,0.0,1694.0,True,
20250730,2025-07-30,0,confirmation_2023_2026_powell,ok,asr,-0.603,6861.0,True,2646.154,2646.2,0.04599999999982174,True,True,ok,ecapa_verify,336.0,0.6188,opening_loo,0.9671,743,ok,ok,True,33,208.0,0.9086538461538461,0.9086538461538461,0.9048417994916549,208.0,True,,0.0,0.0,0.0,1538.0,True,
20250917,2025-09-17,0,confirmation_2023_2026_powell,ok,asr,-0.076,8335.0,True,3134.175,3134.2,0.024999999999636202,True,True,ok,ecapa_verify,420.0,0.5739,opening_loo,0.9898,858,ok,ok,True,35,245.0,0.9673469387755103,0.9673469387755103,0.9661942667589282,245.0,True,,0.0,0.0,0.0,1789.0,True,
20251029,2025-10-29,0,confirmation_2023_2026_powell,ok,asr,-15.507,8564.0,False,3290.335,3290.4,0.06500000000005457,True,False,ok,ecapa_verify,462.0,0.5758,opening_loo,0.9823,911,ok,ok,True,32,272.0,0.9485294117647058,0.9485294117647058,0.9488680368469121,210.0,False,qa_failed,0.0,0.0,0.0,1586.0,False,qa_failed
20251210,2025-12-10,1,confirmation_2023_2026_powell,ok,asr,,,False,3117.834,3117.9,0.0660000000002583,True,False,ok,ecapa_verify,555.0,0.6055,opening_loo,0.9786,820,ok,ok,True,0,,,,,,False,qa_failed;no_caption_timed_answers,,,,,False,qa_failed;no_caption_timed_answers
20260128,2026-01-28,0,confirmation_2023_2026_powell,ok,asr,-0.089,7131.0,True,2815.019,2815.1,0.08100000000013097,True,True,ok,ecapa_verify,276.0,0.5952,opening_loo,0.9603,806,ok,ok,True,42,227.0,0.9030837004405287,0.9030837004405287,0.9005457597700339,226.0,True,,0.0,0.0,0.0,1671.0,True,
20260318,2026-03-18,0,confirmation_2023_2026_powell,ok,asr,-3.446,7837.0,False,2895.681,2895.7,0.018999999999778083,True,False,ok,ecapa_verify,330.0,0.6035,opening_loo,0.9844,832,ok,ok,True,34,229.0,0.9563318777292577,0.9563318777292577,0.9573358509227415,219.0,False,qa_failed,0.0,0.0,0.0,1599.0,False,qa_failed
20260429,2026-04-29,0,confirmation_2023_2026_powell,ok,asr,-6.666,8485.0,False,3226.603,3226.6,0.003000000000156433,True,False,ok,ecapa_verify,405.0,0.5667,opening_loo,0.9844,902,ok,ok,True,36,257.0,0.9571984435797666,0.9571984435797666,0.9566599999973785,223.0,False,qa_failed,0.0,0.0,0.0,1703.0,False,qa_failed
