series,window,basis,n_days,ann_return_arith,ann_return_geo,ann_vol,sharpe,max_drawdown,max_drawdown_with_start_peak,hit_rate,nw_t,ann_total_return_geo,turnover_per_year,fed_sleeve_turnover_per_year
T4xE1,selection,net_1x,1259,0.01246453377970179,0.009223892619322216,0.08108047309851503,0.15373040268964683,-0.1614290162838925,-0.1614290162838925,0.49404289118347894,0.3729875079730859,0.02058152662153101,35.04671243551755,
T4xE1,selection,net_2x,1259,0.004321528422174586,0.0010375891084246636,0.0811007456411708,0.0532859271269235,-0.17106087526836034,-0.17106087526836034,0.4892772041302621,0.12931858259364498,0.012303472731464815,35.04671243551755,
T4xE1,selection,gross,1259,0.021811612652428793,0.018702104619467974,0.08106707020529355,0.2690563825384741,-0.15051220430025947,-0.15051220430025947,0.4988085782366958,0.6525830135077004,0.030165953387925715,35.04671243551755,
T4xE1,validation,net_1x,943,0.10000979917335238,0.09352455119698155,0.14561144314463287,0.6868265090540633,-0.1775111808257892,-0.1775111808257892,0.503711558854719,1.4468393682074723,0.12610839608547053,15.876856556816284,
T4xE1,validation,net_2x,943,0.09668944523740121,0.08989907679261866,0.14562226983876309,0.663974303823573,-0.1778441369267032,-0.1778441369267032,0.5026511134676565,1.398761479783387,0.1223752563462297,15.876856556816284,
T4xE1,validation,gross,943,0.10502682311365905,0.0990235187554187,0.1456074123909667,0.7213013499041809,-0.17689953204661435,-0.17689953204661435,0.503711558854719,1.5190627923637816,0.13177059664008084,15.876856556816284,
T4xE1,full_is,net_1x,2202,0.0499555352629954,0.044499136206299195,0.11331099772297948,0.4408710210559237,-0.1875248771690362,-0.1875248771690362,0.4981834695731153,1.407431533834917,0.0645051508031953,26.837278242231765,
T4xE1,full_is,net_2x,2202,0.04387781614095692,0.038169044891898984,0.11332896498243561,0.38717212451165833,-0.21685030344125267,-0.21685030344125267,0.4950045413260672,1.2357800913106625,0.058054186736624214,26.837278242231765,
T4xE1,full_is,gross,2202,0.05744828089263775,0.0523546711530507,0.11330012766511777,0.507045155875183,-0.17689953204661468,-0.17689953204661468,0.5009082652134423,1.6185933225196512,0.07251062783942719,26.837278242231765,
T4xE1,oos,net_1x,501,0.03824334967367566,0.03692961389526239,0.06296895709975048,0.6073365581248797,-0.06647745134678906,-0.07378175256806263,0.499001996007984,0.8418206935738645,0.07879867577897559,17.661913591053864,
T4xE1,oos,net_2x,501,0.03424009164158081,0.03278573509332383,0.06299403379360476,0.5435449927490899,-0.0677519593048791,-0.0750469871361128,0.49700598802395207,0.7527197877589701,0.07448815247901464,17.661913591053864,
T4xE1,oos,gross,501,0.04322463321848901,0.042107858806432086,0.06295555210963343,0.6865896933635945,-0.06507422769113547,-0.07238606881106635,0.5049900199600799,0.9518518672347814,0.08418516367261253,17.661913591053864,
VariantA_frozen(T0fxE1),selection,net_1x,1259,-0.001229640259784894,-0.0056054265711643625,0.09365108018929275,-0.01313001683802768,-0.20723569275730358,-0.20723569275730358,0.5138999205718825,-0.03016389449747162,0.005584637415890548,26.32716733851732,
VariantA_frozen(T0fxE1),selection,net_2x,1259,-0.007015026657126614,-0.011342176938908821,0.09365231385807374,-0.07490500093524226,-0.21255194523370868,-0.2135252447208914,0.511517077045274,-0.17218141512041565,-0.00021640604309736133,26.32716733851732,
VariantA_frozen(T0fxE1),selection,gross,1259,0.0059634538388043164,0.0015728820255704878,0.09365582707634447,0.06367413566208913,-0.20049457164131945,-0.20049457164131945,0.5194598888006354,0.14620320475155665,0.012843386191531136,26.32716733851732,
VariantA_frozen(T0fxE1),validation,net_1x,943,0.09930290929974124,0.09305438298946433,0.1436675853224454,0.6911991252366864,-0.18723737115409333,-0.18723737115409333,0.5121951219512195,1.4659309430801484,0.1256251093595111,19.01920140218102,
VariantA_frozen(T0fxE1),validation,net_2x,943,0.09526806726170703,0.08865131571674412,0.14368719497507132,0.6630240591601455,-0.1874863236783172,-0.1874863236783172,0.5111346765641569,1.4060001843785281,0.1210913052900513,19.01920140218102,
VariantA_frozen(T0fxE1),validation,gross,943,0.10500556332390895,0.09930563727914499,0.14365395278944385,0.730961879467511,-0.18669542606220735,-0.18669542606220735,0.5143160127253447,1.5502185030962279,0.13206190230829318,19.01920140218102,
VariantA_frozen(T0fxE1),full_is,net_1x,2202,0.041823127330875016,0.03550554674770523,0.11771367588748678,0.3552953980542622,-0.20723569275730358,-0.20723569275730358,0.5131698455949137,1.1153723312770547,0.05533924863916395,23.19755249838784,
VariantA_frozen(T0fxE1),full_is,net_2x,2202,0.036787406388041476,0.03030322792671747,0.11772594599978502,0.31248342135308604,-0.21255194523370868,-0.2135252447208914,0.5113533151680291,0.9809954296079563,0.050037631286942164,23.19755249838784,
VariantA_frozen(T0fxE1),full_is,gross,2202,0.04837794486716657,0.04231529618390528,0.11770748548014545,0.41100143011148443,-0.20049457164131945,-0.20049457164131945,0.5172570390554042,1.2900898295358607,0.06227893107900706,23.19755249838784,
VariantA_frozen(T0fxE1),oos,net_1x,501,-0.04953997677525414,-0.05397551022558922,0.10903436917812033,-0.45435193644606525,-0.15637014433444274,-0.16602470935867175,0.5089820359281437,-0.6627811665845569,-0.015762125288172668,23.666709704033085,
VariantA_frozen(T0fxE1),oos,net_2x,501,-0.054714187513861375,-0.05886527088097304,0.10909499061245982,-0.50152795473647,-0.1590812186170475,-0.16870605394684735,0.5029940119760479,-0.7316283774316544,-0.02084860459823268,23.666709704033085,
VariantA_frozen(T0fxE1),oos,gross,501,-0.04344302170437579,-0.04818273141272833,0.10897720824085476,-0.3986431879256871,-0.15319890345755516,-0.16288482437286345,0.5089820359281437,-0.581464578740638,-0.009736304183393996,23.666709704033085,
core_ER_6,selection,net_1x,1259,0.06524512815293702,0.06539546997624268,0.06146489340646745,1.0615023395789671,-0.0734997652050744,-0.0734997652050744,0.5480540111199365,2.4835009329404523,0.07738384077137539,0.5966431926844836,
core_ER_6,selection,net_2x,1259,0.05771853989139166,0.05741091865834469,0.06142870526032478,0.9396020906966858,-0.07405781713592596,-0.07405781713592596,0.545671167593328,2.1948955932885164,0.06930981228359268,0.5966431926844836,
core_ER_6,selection,gross,1259,0.0727717164144824,0.07343901068391512,0.06151716251288219,1.1829498215110852,-0.07294149271111916,-0.07294149271111916,0.5536139793486894,2.771575245418465,0.0855175169557092,0.5966431926844836,
core_ER_6,validation,net_1x,943,0.05632510655141425,0.05592316902854222,0.061726864277961035,0.9124893546799618,-0.07509132914903671,-0.07509132914903671,0.5461293743372216,1.8775997972753533,0.08739134844414886,0.39051685657818186,
core_ER_6,validation,net_2x,943,0.049069655186225525,0.048289837437622385,0.06174611146929299,0.7947003304107401,-0.07787259421497672,-0.07787259421497672,0.5418875927889714,1.6350338438654952,0.07953149580737762,0.39051685657818186,
core_ER_6,validation,gross,943,0.063580557916603,0.06361096048480253,0.06172137268765303,1.03012222748769,-0.07230200475180348,-0.07230200475180348,0.5514316012725344,2.119567973511002,0.09530727012463447,0.39051685657818186,
core_ER_6,full_is,net_1x,2202,0.06142515523275719,0.06132862641497816,0.061563839132568535,0.9977473156033575,-0.07509132914903693,-0.07509132914903693,0.5472297910990009,3.1201461355255167,0.08165820113248712,0.508370197703447,
core_ER_6,full_is,net_2x,2202,0.054014680546717875,0.053495166662105076,0.061551416609470805,0.8775538163390822,-0.0778725942149775,-0.0778725942149775,0.5440508628519528,2.7419689728360184,0.07367531533955018,0.508370197703447,
core_ER_6,full_is,gross,2202,0.06883562991879653,0.06921910788361685,0.06159135481540861,1.1176183755837044,-0.07294149271111916,-0.07294149271111916,0.5526793823796549,3.4974633087201723,0.0896991917805201,0.508370197703447,
core_ER_6,oos,net_1x,501,0.034480996222839885,0.033378651575115326,0.05740050870332594,0.600708896171193,-0.04747585746409466,-0.04747585746409466,0.5389221556886228,0.9494519425181207,0.07510415897116518,0.31082163879008906,
core_ER_6,oos,net_2x,501,0.02615345038313204,0.02480969231557628,0.05740171102884325,0.4556214425383669,-0.049940648590015346,-0.049940648590015346,0.5329341317365269,0.7210941175723724,0.06619059486369894,0.31082163879008906,
core_ER_6,oos,gross,501,0.04280854206254776,0.04201775050492973,0.057419816847629486,0.7455360259358799,-0.04518465870842692,-0.04518465870842692,0.5389221556886228,1.1763729285755526,0.08409067197453224,0.31082163879008906,
core_ER_6+T4xE1,selection,net_1x,1259,0.05758270993151224,0.05722878580207791,0.06204969871657016,0.9280095008122091,-0.062436388963052036,-0.062436388963052036,0.5377283558379666,2.3367768161697775,0.06912528853756261,0.7674960651463797,10.302774378297718
core_ER_6+T4xE1,selection,net_2x,1259,0.04825935767922047,0.047421925761921724,0.062013126545366545,0.7782119749101133,-0.06836771455210333,-0.06836771455210333,0.5337569499602859,1.9582995618417698,0.05920853804804782,0.7674960651463797,10.302774378297718
core_ER_6+T4xE1,selection,gross,1259,0.06729537374421209,0.0675415964288697,0.06210023429376794,1.0836573244775263,-0.05882944074374341,-0.05882944074374341,0.5424940428911835,2.730091744938751,0.07955365014261107,0.7674960651463797,10.302774378297718
core_ER_6+T4xE1,validation,net_1x,943,0.07310675621688367,0.07378947369709521,0.06170721623429811,1.18473593006209,-0.07719460214866036,-0.07719460214866036,0.5418875927889714,2.480745307064193,0.10578795140664976,0.46420922709307005,4.240308431392421
core_ER_6+T4xE1,validation,net_2x,943,0.0668689175901597,0.06711291154582866,0.0617226315989102,1.0833776178678092,-0.0789466474716638,-0.0789466474716638,0.5387062566277837,2.2676832557763564,0.09891321475478132,0.46420922709307005,4.240308431392421
core_ER_6+T4xE1,validation,gross,943,0.07979304652573646,0.08099153403454973,0.06170122727822429,1.2932165217059983,-0.07524964377990473,-0.07524964377990473,0.5440084835630965,2.7082793328629733,0.11320377178380525,0.46420922709307005,4.240308431392421
core_ER_6+T4xE1,full_is,net_1x,2202,0.06423083692838112,0.06428935100501021,0.06189111436926656,1.0378038525070798,-0.07719460214866125,-0.07719460214866125,0.5395095367847411,3.3900355228500922,0.08467475253674595,0.6376143720109251,7.706541232098039
core_ER_6+T4xE1,full_is,net_2x,2202,0.056228846778228495,0.05580965374631419,0.061877568255895236,0.9087113208084324,-0.07894664747166424,-0.07894664747166424,0.5358764759309719,2.9665310291977027,0.07603323209480273,0.6376143720109251,7.706541232098039
core_ER_6+T4xE1,full_is,gross,2202,0.07264746522149522,0.0732808826248279,0.061916857417548155,1.1733067253653262,-0.07524964377990406,-0.07524964377990406,0.5431425976385105,3.834229816633865,0.09383786044903175,0.6376143720109251,7.706541232098039
core_ER_6+T4xE1,oos,net_1x,501,0.049740104329565715,0.04927998539535339,0.0571691513809197,0.8700514723079581,-0.053176970928366485,-0.05942044631886034,0.5389221556886228,1.3227432497269587,0.09164517177248177,0.3112991954793225,5.767237974142541
core_ER_6+T4xE1,oos,net_2x,501,0.04016982458756306,0.0392869938097109,0.057179416490809445,0.7025224644259817,-0.05742143355644569,-0.06363765026445323,0.5349301397205589,1.0697350197396251,0.08125032531661325,0.3112991954793225,5.767237974142541
core_ER_6+T4xE1,oos,gross,501,0.05964131585165782,0.05971792252300823,0.05718062828792537,1.043033587377564,-0.04885604890320783,-0.05512647423531547,0.5469061876247505,1.5826959554391387,0.10250284210813798,0.3112991954793225,5.767237974142541
