date,chair,n_turns,opening_words,answers,answers_ge40w,answer_words,other_speakers,moderator_turns
20110427,CHAIR BERNANKE,22,1658,21,21,6761,0,0
20110622,CHAIR BERNANKE,41,1172,20,18,4580,17,2
20111102,CHAIR BERNANKE,45,1308,22,21,4517,19,2
20120125,CHAIR BERNANKE,36,1977,18,18,5782,17,1
20120425,CHAIR BERNANKE,53,636,26,25,5053,19,2
20120620,CHAIR BERNANKE,53,767,26,24,4347,23,2
20120913,CHAIR BERNANKE,51,1416,25,25,4681,21,2
20121212,CHAIR BERNANKE,65,1869,33,27,7076,21,3
20130320,CHAIR BERNANKE,55,1284,28,26,5573,19,3
20130619,CHAIR BERNANKE,48,1795,24,20,5137,18,3
20130918,CHAIR BERNANKE,38,2027,18,18,5077,18,2
20131218,CHAIR BERNANKE,55,1634,27,22,6526,22,4
20140319,CHAIR YELLEN,35,1613,17,15,4527,15,3
20140618,CHAIR YELLEN,39,1397,19,16,3686,16,2
20140917,CHAIR YELLEN,35,2180,17,13,3501,12,5
20141217,CHAIR YELLEN,43,1564,21,18,4181,15,2
20150318,CHAIR YELLEN,43,1492,21,18,3531,16,3
20150617,CHAIR YELLEN,35,1506,17,17,4043,17,1
20150917,CHAIR YELLEN,37,1811,18,18,4052,17,2
20151216,CHAIR YELLEN,49,2109,24,23,4640,17,2
20160316,CHAIR YELLEN,35,1744,17,16,4089,15,2
20160615,CHAIR YELLEN,36,1523,17,16,3974,14,2
20160921,CHAIR YELLEN,43,1409,21,19,4718,18,2
20161214,CHAIR YELLEN,45,1078,22,20,3775,19,2
20170315,CHAIR YELLEN,43,1096,21,19,3956,17,2
20170614,CHAIR YELLEN,43,1792,21,20,4051,15,2
20170920,CHAIR YELLEN,33,1480,16,15,5335,14,2
20171213,CHAIR YELLEN,57,1280,28,22,5383,18,3
20180321,CHAIR POWELL,53,952,24,23,3860,20,2
20180613,CHAIR POWELL,49,1603,24,23,5141,22,2
20180926,CHAIR POWELL,65,1053,32,30,6263,24,3
20181219,CHAIR POWELL,47,1435,23,22,4069,20,2
20190130,CHAIR POWELL,61,1438,30,28,4062,23,3
20190320,CHAIR POWELL,57,1214,28,28,4160,21,2
20190501,CHAIR POWELL,51,990,25,24,3857,19,2
20190619,CHAIR POWELL,55,1116,27,23,4167,18,4
20190731,CHAIR POWELL,57,840,28,27,4686,21,2
20190918,CHAIR POWELL,61,1245,30,28,5128,20,4
20191030,CHAIR POWELL,68,1014,33,29,4509,22,3
20191211,CHAIR POWELL,59,1087,29,27,5565,20,2
20200129,CHAIR POWELL,53,984,25,23,5935,21,3
20200303,CHAIR POWELL,21,396,10,9,1212,8,2
20200315,CHAIR POWELL,57,1337,20,16,4077,15,17
20200429,CHAIR POWELL,47,1166,16,14,4988,15,15
20200610,CHAIR POWELL,46,1774,15,15,6019,16,15
20200729,CHAIR POWELL,66,1553,22,20,6139,20,20
20200916,CHAIR POWELL,71,1652,25,24,6671,19,19
20201105,CHAIR POWELL,55,1485,19,18,4889,16,16
20201216,CHAIR POWELL,72,1685,23,20,6147,17,19
20210127,CHAIR POWELL,54,1229,19,19,6056,14,13
20210317,CHAIR POWELL,75,1357,27,23,6330,20,18
20210428,CHAIR POWELL,77,967,25,23,6410,19,21
20210616,CHAIR POWELL,67,1395,23,21,6540,19,16
20210728,CHAIR POWELL,65,1154,22,20,5975,18,18
20210922,CHAIR POWELL,83,1243,28,25,5477,20,21
20211103,CHAIR POWELL,75,1144,25,20,5572,19,14
20211215,CHAIR POWELL,78,1174,28,26,6924,18,18
20220126,CHAIR POWELL,64,1194,21,21,5910,16,16
20220316,CHAIR POWELL,77,1119,27,23,5437,20,21
20220504,CHAIR POWELL,56,1184,20,20,5166,17,15
20220615,CHAIR POWELL,70,1400,27,25,5948,18,15
20220727,CHAIR POWELL,82,1026,28,28,6241,22,23
20220921,CHAIR POWELL,60,1222,23,21,4221,15,13
20221102,CHAIR POWELL,62,1057,24,24,5104,14,12
20221214,CHAIR POWELL,63,1357,22,21,4673,19,18
20230201,CHAIR POWELL,76,1020,29,25,4697,18,17
20230322,CHAIR POWELL,86,1296,33,29,4017,20,19
20230503,CHAIR POWELL,81,1085,32,29,5337,19,16
20230614,CHAIR POWELL,73,1292,28,26,5255,17,16
20230726,CHAIR POWELL,95,883,37,33,5605,22,20
20230920,CHAIR POWELL,81,1248,31,30,5666,19,18
20231101,CHAIR POWELL,81,1078,31,29,5655,20,18
20231213,CHAIR POWELL,77,1330,30,28,4642,16,16
20240131,CHAIR POWELL,94,997,36,32,5417,21,20
20240320,CHAIR POWELL,87,1255,34,31,4405,21,18
20240501,CHAIR POWELL,91,1145,35,29,5061,19,18
20240612,CHAIR POWELL,76,1244,29,28,5722,19,17
20240731,CHAIR POWELL,85,945,32,29,5404,20,20
20240918,CHAIR POWELL,90,1161,34,31,5066,20,20
20241107,CHAIR POWELL,78,843,30,22,4670,17,16
20241218,CHAIR POWELL,78,1033,31,30,6416,16,15
20250129,CHAIR POWELL,99,896,38,33,5510,22,21
20250319,CHAIR POWELL,94,1209,37,30,5578,19,18
20250507,CHAIR POWELL,93,997,37,29,5091,17,16
20250618,CHAIR POWELL,83,1235,32,27,5722,18,17
20250730,CHAIR POWELL,84,850,33,29,4849,17,16
20250917,CHAIR POWELL,71,1021,35,32,5523,19,2
20251029,CHAIR POWELL,82,1171,32,30,6007,17,16
20251210,CHAIR POWELL,82,1378,32,25,5462,17,16
20260128,CHAIR POWELL,105,675,42,31,4848,21,21
20260318,CHAIR POWELL,86,814,34,30,5313,17,15
20260429,CHAIR POWELL,90,1078,36,31,6223,18,16
20260617,CHAIR WARSH,63,980,23,21,3834,14,12
20260729,CHAIR WARSH,58,932,22,20,4574,12,12
20260916,CHAIR WARSH,54,924,17,16,2322,17,18
