date,name,duration_s,created_at,published_at,max_w,max_h,max_bitrate,max_size_mb,captions,video_id,youtube_ids,page,tags
20110427,"Press Conference with Chairman of the FOMC, Ben S. Bernanke",3367.9,2011-04-28T21:25:55.824Z,2011-04-29T12:41:15.387Z,720,404,1827000,771,False,922873290001,,https://www.federalreserve.gov/monetarypolicy/fomcpresconf20110427.htm,bernanke|speeches
20110622,"Press Conference with Chairman of the FOMC, Ben S. Bernanke",3012.1,2011-06-23T21:32:45.533Z,2011-06-24T20:44:01.135Z,720,404,1823000,688,True,1017606023001,,https://www.federalreserve.gov/monetarypolicy/fomcpresconf20110622.htm,bernanke|speeches
20111102,"Press Conference with Chairman of the FOMC, Ben S. Bernanke",2897.5,2011-11-04T14:14:06.603Z,2012-01-04T21:21:03.566Z,720,404,1824000,662,False,1258170578001,,https://www.federalreserve.gov/monetarypolicy/fomcpresconf20111102.htm,bernanke|conferences|fomc|interest rate|speeches
20120125,"Press Conference with Chairman of the FOMC, Ben S. Bernanke",3989.6,2012-02-03T15:26:05.774Z,2012-02-15T21:12:48.162Z,480,270,1825000,913,False,1431741766001,,https://www.federalreserve.gov/monetarypolicy/fomcpresconf20120125.htm,bernanke|federal reserve|fomc
20120425,"Press Conference with Chairman of the FOMC, Ben S. Bernanke",3083.5,2012-05-08T18:01:08.358Z,2012-11-29T20:15:16.899Z,960,540,1826000,706,True,1628464054001,,https://www.federalreserve.gov/monetarypolicy/fomcpresconf20120425.htm,bernanke|fomc|press conference
20120620,"Press Conference with Chairman of the FOMC, Ben S. Bernanke",2726.8,2012-06-20T19:15:14.758Z,2012-11-29T20:16:03.639Z,960,540,1826000,624,False,1699151905001,,https://www.federalreserve.gov/monetarypolicy/fomcpresconf20120620.htm,
20120913,"Press Conference with Chairman of the FOMC, Ben S. Bernanke",3104.2,2012-09-13T19:15:14.642Z,2013-01-17T22:31:34.635Z,640,360,1821000,710,True,1838905844001,,https://www.federalreserve.gov/monetarypolicy/fomcpresconf20120913.htm,bernanke|fomc|recent
20121212,Press Conference with FOMC Chairman Ben S. Bernanke,4565.4,2012-12-13T15:55:12.988Z,2013-04-23T15:59:30.503Z,960,540,1826000,1045,True,2033490769001,,https://www.federalreserve.gov/monetarypolicy/fomcpresconf20121212.htm,bernanke|fomc|monetary policy|press conference
20130320,"Press Conference with Chairman of the FOMC, Ben S. Bernanke",3407.5,2013-03-20T19:40:26.587Z,2013-08-13T14:50:13.430Z,640,360,1816000,777,True,2240571404001,,https://www.federalreserve.gov/monetarypolicy/fomcpresconf20130320.htm,bernanke|fomc|press
20130619,"Press Conference with Chairman of the FOMC, Ben S. Bernanke",3490.5,2013-06-19T19:41:38.037Z,2013-08-13T14:50:35.481Z,640,360,1820000,798,True,2491545651001,,https://www.federalreserve.gov/monetarypolicy/fomcpresconf20130619.htm,bernanke|fomc|press conference
20130918,"Press Conference with Chairman of the FOMC, Ben S. Bernanke",3432.7,2013-09-18T19:49:10.663Z,2013-11-07T17:12:13.516Z,640,360,1826000,786,True,2680505294001,,https://www.federalreserve.gov/monetarypolicy/fomcpresconf20130918.htm,bernanke|fomc|press conference
20131218,"Press Conference with Chairman of the FOMC, Ben S. Bernanke",4019.8,2013-12-18T20:50:24.593Z,2014-04-17T15:56:03.872Z,960,540,1820000,917,False,2947596736001,,https://www.federalreserve.gov/monetarypolicy/fomcpresconf20131218.htm,bernanke|fomc|press conference
20140319,"Press Conference with Chair of the FOMC, Janet L. Yellen",3661.4,2014-03-19T19:55:31.060Z,2014-04-17T15:56:18.518Z,960,540,1826000,838,True,3362831438001,,https://www.federalreserve.gov/monetarypolicy/fomcpresconf20140319.htm,federal reserve|fomc|yellen
20140618,"Press Conference with Chair of the FOMC, Janet L. Yellen",3250.3,2014-06-18T20:30:26.200Z,2014-06-18T21:01:05.392Z,640,360,1395000,571,True,3630286291001,,https://www.federalreserve.gov/monetarypolicy/fomcpresconf20140618.htm,federal reserve|federal reserve system|fomc|yellen
20140917,"Press Conference with Chair of the FOMC, Janet L. Yellen",3441.3,2014-09-17T19:43:14.281Z,2014-09-17T20:23:08.246Z,640,360,1827000,788,True,3790704966001,,https://www.federalreserve.gov/monetarypolicy/fomcpresconf20140917.htm,fomc|press conference|yellen
20141217,"Press Conference with Chair of the FOMC, Janet L. Yellen",3615.1,2014-12-17T20:41:29.673Z,2014-12-17T21:21:02.441Z,640,360,1150000,524,True,3948569903001,,https://www.federalreserve.gov/monetarypolicy/fomcpresconf20141217.htm,fomc|press conference|yellen
20150318,"Press Conference with Chair of the FOMC, Janet L. Yellen",3345.1,2015-03-18T19:39:43.570Z,2015-03-18T20:31:45.061Z,960,540,1825000,765,True,4119853686001,,https://www.federalreserve.gov/monetarypolicy/fomcpresconf20150318.htm,fomc|press conference|yellen
20150617,"Press Conference with Chair of the FOMC, Janet L. Yellen",3582.9,2015-06-17T19:41:51.990Z,2015-06-17T20:09:38.150Z,960,540,1826000,820,True,4303179808001,,https://www.federalreserve.gov/monetarypolicy/fomcpresconf20150617.htm,federal reserve|federal reserve system|fomc|yellen
20150917,"Press Conference with Chair of the FOMC, Janet L. Yellen",3480.3,2015-09-17T19:39:03.649Z,2015-09-17T20:10:54.542Z,640,360,1827000,797,True,4492594817001,,https://www.federalreserve.gov/monetarypolicy/fomcpresconf20150917.htm,federal reserve|federal reserve system|fomc|yellen
20151216,"Press Conference with Chair of the FOMC, Janet L. Yellen",4012.5,2015-12-16T20:46:19.531Z,2015-12-16T21:29:34.822Z,1280,720,1803000,909,True,4664255873001,,https://www.federalreserve.gov/monetarypolicy/fomcpresconf20151216.htm,fomc|most recent|press conference|yellen
20160316,FOMC Press Conference March 2016,3612.0,2016-03-16T19:38:16.480Z,2016-03-16T20:04:23.024Z,960,540,1827000,827,True,4804152256001,,https://www.federalreserve.gov/monetarypolicy/fomcpresconf20160316.htm,"""most recent""|fomc|yellen"
20160615,FOMC Press Conference June 2016,3244.0,2016-06-15T19:30:33.635Z,2016-06-15T20:07:59.599Z,960,540,1826000,743,True,4943271515001,,https://www.federalreserve.gov/monetarypolicy/fomcpresconf20160615.htm,press conferences
20160921,"Press Conference with Chair of the FOMC, Janet L. Yellen. September 21, 2016",3609.9,2016-09-21T19:33:49.409Z,2016-09-21T20:00:05.082Z,640,360,1825000,826,True,5135622438001,,https://www.federalreserve.gov/monetarypolicy/fomcpresconf20160921.htm,press conference
20161214,"Press Conference with Chair of the FOMC, Janet L. Yellen. December 14, 2016",3023.2,2016-12-14T20:27:11.618Z,2016-12-14T21:03:58.301Z,960,540,1827000,692,True,5248326935001,,https://www.federalreserve.gov/monetarypolicy/fomcpresconf20161214.htm,press conference|yellen
20170315,"FOMC Press Conference March 15, 2017",2995.9,2017-03-15T19:24:31.804Z,2017-03-15T19:59:42.042Z,960,540,1826000,686,True,5360712252001,,https://www.federalreserve.gov/monetarypolicy/fomcpresconf20170315.htm,fomc|janet yellen
20170614,"FOMC Press Conference, June 14, 2017",3492.5,2017-06-14T19:41:37.528Z,2017-06-14T20:14:46.211Z,960,540,1825000,799,True,5471311542001,,https://www.federalreserve.gov/monetarypolicy/fomcpresconf20170614.htm,fomc|janet yellen|most recent
20170920,"FOMC Press Conference, September 20, 2017",3900.3,2017-09-20T19:42:49.391Z,2017-09-20T20:16:49.449Z,960,540,1827000,893,True,5582285129001,,https://www.federalreserve.gov/monetarypolicy/fomcpresconf20170920.htm,federal open market committee|fomc|press conferences|yellen
20171213,"FOMC Press Conference December 13, 2017",4023.6,2017-12-13T20:41:51.649Z,2017-12-13T21:14:04.833Z,960,540,1826000,921,True,5679356322001,,https://www.federalreserve.gov/monetarypolicy/fomcpresconf20171213.htm,
20180321,"FOMC Press Conference March 21, 2018",2611.6,2018-03-21T19:18:15.249Z,2018-03-21T19:18:15.249Z,960,540,1826000,598,True,5755786400001,,https://www.federalreserve.gov/monetarypolicy/fomcpresconf20180321.htm,press conference
20180613,"FOMC Press Conference June 13, 2018",3142.1,2018-06-13T19:29:08.901Z,2018-06-13T20:08:45.619Z,960,540,1826000,719,True,5797232931001,,https://www.federalreserve.gov/monetarypolicy/fomcpresconf20180613.htm,
20180926,"FOMC Press Conference September 26, 2018",3474.9,2018-09-26T19:37:49.159Z,2018-09-26T19:38:36.853Z,960,540,1825000,795,True,5840556782001,,https://www.federalreserve.gov/monetarypolicy/fomcpresconf20180926.htm,
20181219,"FOMC Press Conference December 19, 2018",2697.2,2018-12-19T20:22:33.182Z,2018-12-19T20:25:36.059Z,960,540,1825000,617,True,5981678311001,,https://www.federalreserve.gov/monetarypolicy/fomcpresconf20181219.htm,
20190130,"FOMC Press Conference January 30, 2019",2865.3,2019-01-30T20:23:51.765Z,2019-01-30T20:24:38.409Z,960,540,1826000,656,True,5996528097001,,https://www.federalreserve.gov/monetarypolicy/fomcpresconf20190130.htm,
20190320,"FOMC Press Conference March 20, 2019",2746.1,2019-03-20T19:19:32.868Z,2019-03-20T19:30:07.946Z,960,540,1826000,629,True,6016216213001,,https://www.federalreserve.gov/monetarypolicy/fomcpresconf20190320.htm,featured
20190501,"FOMC  Press Conference May 1, 2019",2471.7,2019-05-01T19:14:57.159Z,2019-05-01T19:20:40.928Z,960,540,1822000,565,True,6031933447001,,https://www.federalreserve.gov/monetarypolicy/fomcpresconf20190501.htm,
20190619,"FOMC Press Conference June 19, 2019",2641.2,2019-06-19T19:17:32.752Z,2019-06-19T19:46:54.268Z,960,540,1826000,605,True,6050108292001,,https://www.federalreserve.gov/monetarypolicy/fomcpresconf20190619.htm,
20190731,"FOMC Press Conference July 31, 2019",2706.3,2019-07-31T19:21:36.508Z,2019-07-31T19:32:52.604Z,960,540,1826000,620,True,6066313965001,,https://www.federalreserve.gov/monetarypolicy/fomcpresconf20190731.htm,
20190918,"FOMC Press Conference September 18, 2019",3115.0,2019-09-18T19:25:34.877Z,2019-09-18T19:34:20.489Z,960,540,1827000,713,True,6087501836001,,https://www.federalreserve.gov/monetarypolicy/fomcpresconf20190918.htm,
20191030,"FOMC Press Conference October 30, 2019",2861.7,2019-10-30T19:21:12.421Z,2019-10-30T19:32:22.351Z,960,540,1826000,655,True,6099185093001,,https://www.federalreserve.gov/monetarypolicy/fomcpresconf20191030.htm,
20191211,"FOMC Press Conference December 11, 2019",3095.1,2019-12-11T20:24:58.472Z,2019-12-11T20:37:20.368Z,960,540,1819000,706,True,6115059902001,,https://www.federalreserve.gov/monetarypolicy/fomcpresconf20191211.htm,chair powell|federal reserve|federal reserve board|fomc
20200129,"FOMC Press Conference January 29, 2020",3245.1,2020-01-29T20:30:57.670Z,2020-01-29T21:18:13.511Z,960,540,1826000,743,True,6127911701001,,https://www.federalreserve.gov/monetarypolicy/fomcpresconf20200129.htm,
20200303,"FOMC Press Conference March 3, 2020",831.1,2020-03-03T16:19:33.310Z,2020-03-03T16:21:20.332Z,960,540,1826000,190,True,6137962693001,,https://www.federalreserve.gov/monetarypolicy/fomcpresconf20200303.htm,chair powell|federal reserve|fomc
20200315,"FOMC Press Conference Call March 15, 2020",2536.4,2020-03-15T23:17:56.962Z,2020-03-15T23:19:49.536Z,960,540,1827000,581,True,6141834441001,,https://www.federalreserve.gov/monetarypolicy/fomcpresconf20200315.htm,
20200429,"FOMC Press Conference April 29, 2020",2894.1,2020-04-29T19:37:22.608Z,2020-04-29T20:24:13.765Z,960,540,1826000,662,True,6152968515001,,https://www.federalreserve.gov/monetarypolicy/fomcpresconf20200429.htm,chair powell|federal reserve|federal reserve board|fomc
20200610,"FOMC Press Conference June 10, 2020",3489.5,2020-06-10T20:02:23.889Z,2020-06-10T20:48:01.786Z,960,540,1827000,799,True,6163134480001,,https://www.federalreserve.gov/monetarypolicy/fomcpresconf20200610.htm,chair powell|federal reserve|federal reserve board|fomc
20200729,"FOMC Press Conference July 29, 2020",3564.9,2020-07-29T20:07:39.009Z,2020-07-29T20:33:53.102Z,960,540,1827000,816,True,6176380114001,,https://www.federalreserve.gov/monetarypolicy/fomcpresconf20200729.htm,chair powell|federal reserve|federal reserve board|fomc
20200916,"FOMC Press Conference September 16, 2020",3825.4,2020-09-16T19:53:54.520Z,2020-09-16T20:26:05.955Z,960,540,1827000,876,True,6191481400001,,https://www.federalreserve.gov/monetarypolicy/fomcpresconf20200916.htm,chair powell|featured|federal reserve|federal reserve board|fomc
20201105,"FOMC Press Conference November 5, 2020",2919.6,2020-11-05T20:50:43.398Z,2020-11-05T21:08:58.835Z,960,540,1827000,669,True,6207495690001,,https://www.federalreserve.gov/monetarypolicy/fomcpresconf20201105.htm,chair powell|featured|federal reserve|federal reserve board|fomc
20201216,"FOMC Press Conference December 16, 2020",3478.5,2020-12-16T20:40:32.758Z,2020-12-16T21:30:39.465Z,960,540,1827000,797,True,6216721754001,,https://www.federalreserve.gov/monetarypolicy/fomcpresconf20201216.htm,chair powell|federal reserve|federal reserve board|fomc
20210127,"FOMC Press Conference January 27, 2021",3296.4,2021-01-27T20:40:27.080Z,2021-01-27T21:27:51.790Z,960,540,1827000,755,True,6226753054001,,https://www.federalreserve.gov/monetarypolicy/fomcpresconf20210127.htm,chair powell|federal reserve|federal reserve board|fomc
20210317,"FOMC Press Conference March 17, 2021",3596.4,2021-03-17T20:01:35.919Z,2021-03-17T20:19:13.666Z,960,540,1827000,824,True,6241376639001,,https://www.federalreserve.gov/monetarypolicy/fomcpresconf20210317.htm,chair powell|federal reserve|federal reserve board|fomc
20210428,"FOMC Press Conference April 28, 2021",3321.5,2021-04-28T19:41:54.178Z,2021-04-28T20:01:48.712Z,960,540,1828000,761,True,6250917716001,,https://www.federalreserve.gov/monetarypolicy/fomcpresconf20210428.htm,chair powell|federal reserve|federal reserve board|fomc
20210616,"FOMC Press Conference June 16, 2021",3611.8,2021-06-16T19:48:30.298Z,2021-06-16T20:08:34.704Z,960,540,1829000,828,True,6259182834001,,https://www.federalreserve.gov/monetarypolicy/fomcpresconf20210616.htm,chair powell|federal reserve|federal reserve board|fomc
20210728,"FOMC Press Conference July 28, 2021",3282.8,2021-07-28T19:46:56.098Z,2021-07-28T20:20:32.999Z,960,540,1826000,752,True,6265624254001,,https://www.federalreserve.gov/monetarypolicy/fomcpresconf20210728.htm,chair powell|federal reserve|federal reserve board|fomc
20210922,"FOMC Press Conference September 22, 2021",3258.8,2021-09-22T19:50:03.140Z,2021-09-22T20:11:00.229Z,960,540,1827000,746,True,6273756076001,,https://www.federalreserve.gov/monetarypolicy/fomcpresconf20210922.htm,chair powell|federal reserve|federal reserve board|fomc
20211103,"FOMC Press Conference November 3, 2021",3336.9,2021-11-03T19:39:27.651Z,2021-11-03T19:54:15.584Z,960,540,1827000,764,True,6280161692001,,https://www.federalreserve.gov/monetarypolicy/fomcpresconf20211103.htm,chair powell|federal reserve|federal reserve board|fomc
20211215,"FOMC Press Conference December 15, 2021",3654.8,2021-12-15T21:49:35.387Z,2021-12-15T22:13:59.227Z,960,540,1823000,836,True,6287017791001,,https://www.federalreserve.gov/monetarypolicy/fomcpresconf20211215.htm,chair powell|federal reserve|federal reserve board|fomc
20220126,"FOMC Press Conference January 26, 2022",3327.3,2022-01-26T20:38:22.733Z,2022-01-26T20:54:09.574Z,960,540,1827000,762,True,6293826961001,,https://www.federalreserve.gov/monetarypolicy/fomcpresconf20220126.htm,chair powell|federal reserve|federal reserve board|fomc
20220316,"FOMC Press Conference March 16, 2022",3268.6,2022-03-16T19:38:48.881Z,2022-03-16T20:00:20.627Z,960,540,1827000,748,True,6300887814001,,https://www.federalreserve.gov/monetarypolicy/fomcpresconf20220316.htm,chair powell|featured|federal reserve|federal reserve board|fomc
20220504,"FOMC Press Conference May 4, 2022",2850.3,2022-05-04T19:30:04.076Z,2022-05-04T19:50:21.130Z,960,540,1825000,652,True,6305614373112,,https://www.federalreserve.gov/monetarypolicy/fomcpresconf20220504.htm,chair powell|federal reserve|federal reserve board|fomc
20220615,"FOMC Press Conference June 15, 2022",3371.6,2022-06-17T14:22:40.658Z,2022-06-17T14:48:20.599Z,960,540,1824000,771,True,6308081538112,,https://www.federalreserve.gov/monetarypolicy/fomcpresconf20220615.htm,chair powell|federal reserve|federal reserve board|fomc
20220727,"FOMC Press Conference July 27, 2022",3265.6,2022-07-27T19:41:04.046Z,2022-07-27T20:22:01.038Z,960,540,1820000,745,True,6310079246112,,https://www.federalreserve.gov/monetarypolicy/fomcpresconf20220727.htm,chair powell|fomc|federal reserve|federal reserve board
20220921,"FOMC Press Conference September 21, 2022",2562.7,2022-09-21T19:30:48.106Z,2022-09-21T19:52:28.852Z,960,540,1822000,586,True,6312666995112,,https://www.federalreserve.gov/monetarypolicy/fomcpresconf20220921.htm,chair powell|federal reserve|federal reserve board|fomc
20221102,"FOMC Press Conference November 2, 2022",2726.8,2022-11-02T19:29:56.035Z,2022-11-02T19:40:38.867Z,960,540,1825000,624,True,6314810601112,,https://www.federalreserve.gov/monetarypolicy/fomcpresconf20221102.htm,chair powell|federal reserve|federal reserve board|fomc
20221214,"FOMC Press Conference December 14, 2022",2733.0,2022-12-14T20:33:49.370Z,2022-12-14T21:04:08.494Z,960,540,1823000,625,False,6317240037112,,https://www.federalreserve.gov/monetarypolicy/fomcpresconf20221214.htm,chair powell|federal reserve|federal reserve board|fomc
20230201,"FOMC Press Conference February 1, 2023",2677.1,2023-02-01T21:13:33.840Z,2023-02-01T22:00:31.977Z,960,540,1825000,612,True,6319614734112,,https://www.federalreserve.gov/monetarypolicy/fomcpresconf20230201.htm,chair powell|federal reserve|federal reserve board|fomc|fomc press conference
20230322,"FOMC Press Conference March 22, 2023",2611.9,2023-03-22T19:29:43.939Z,2023-03-22T19:38:28.173Z,960,540,1826000,598,True,6323102295112,,https://www.federalreserve.gov/monetarypolicy/fomcpresconf20230322.htm,federal reserve|federal reserve board|fomc|chair powell|featured
20230503,"FOMC Press Conference, May 3, 2023",2952.6,2023-05-03T20:05:51.632Z,2023-05-03T20:14:51.640Z,960,540,1827000,676,True,6326697483112,,https://www.federalreserve.gov/monetarypolicy/fomcpresconf20230503.htm,federal reserve|federal reserve board|fomc|chair powell|jerome powell|featured|feature
20230614,"FOMC Press Conference, June 14, 2023",2949.3,2023-06-14T20:12:32.923Z,2023-06-14T20:13:59.651Z,960,540,1824000,675,False,6329422013112,,https://www.federalreserve.gov/monetarypolicy/fomcpresconf20230614.htm,federal reserve|federal reserve board|fomc|chair powell|jerome powell|featured
20230726,"FOMC Press Conference, July 26, 2023",2960.0,2023-07-26T19:42:52.063Z,2023-07-26T20:04:07.789Z,960,540,1823000,677,False,6331889395112,,https://www.federalreserve.gov/monetarypolicy/fomcpresconf20230726.htm,fomc|federal reserve|federal reserve board|chair powell|jerome powell
20230920,"FOMC Press Conference September 20, 2023",3215.9,2023-09-20T19:39:50.825Z,2023-09-20T20:16:34.119Z,960,540,1827000,737,True,6337513382112,,https://www.federalreserve.gov/monetarypolicy/fomcpresconf20230920.htm,federal reserve|federal reserve board|fomc|chair powell|jerome powell
20231101,"FOMC Press Conference November 1, 2023",3088.1,2023-11-01T19:40:29.773Z,2023-11-01T20:07:11.637Z,960,540,1826000,707,False,6340312466112,,https://www.federalreserve.gov/monetarypolicy/fomcpresconf20231101.htm,federal reserve|federal reserve board|fomc|chair powell|jerome powell|featured
20231213,"FOMC Press Conference December 13, 2023",2691.2,2023-12-13T20:29:28.093Z,2023-12-13T20:56:28.666Z,960,540,1826000,616,False,6342983828112,,https://www.federalreserve.gov/monetarypolicy/fomcpresconf20231213.htm,federal reserve|federal reserve board|fomc|chair powell|jerome powell|featured
20240131,"FOMC Press Conference January 31, 2024",2968.7,2024-01-31T20:54:06.201Z,2024-01-31T21:17:28.049Z,960,540,1828000,680,True,6345957481112,,https://www.federalreserve.gov/monetarypolicy/fomcpresconf20240131.htm,federal reserve|federal reserve board|chair powell|jerome powell|fomc|featured
20240320,"FOMC Press Conference March 20, 2024",2878.7,2024-03-21T14:16:41.546Z,2024-03-21T14:45:52.505Z,960,540,1826000,659,False,6349385130112,,https://www.federalreserve.gov/monetarypolicy/fomcpresconf20240320.htm,federal reserve|federal reserve board|fomc|fomc press conference|chair powell|jerome powell|jay powell|featured
20240501,"FOMC Press Conference May 1, 2024",2944.3,2024-05-01T19:34:16.930Z,2024-05-01T19:58:10.267Z,960,540,1826000,674,True,6352141366112,,https://www.federalreserve.gov/monetarypolicy/fomcpresconf20240501.htm,federal reserve|federal reserve board|chair powell|jerome powell|featured|fomc
20240612,"FOMC Press Conference June 12, 2024",3084.7,2024-06-12T19:49:55.503Z,2024-06-12T20:21:15.621Z,960,540,1826000,706,True,6354884165112,,https://www.federalreserve.gov/monetarypolicy/fomcpresconf20240612.htm,federal reserve|federal reserve board|fomc press conference|chair powell|jerome powell|featured
20240731,"FOMC Press Conference July 31, 2024",2856.8,2024-07-31T19:36:28.948Z,2024-07-31T19:54:15.484Z,960,540,1825000,654,True,6359699177112,,https://www.federalreserve.gov/monetarypolicy/fomcpresconf20240731.htm,federal reserve|federal reserve board|featured|chair powell|jerome powell|fomc press conference|fomc
20240918,"FOMC Press Conference, September 18, 2024",2985.7,2024-09-18T19:36:54.480Z,2024-09-18T19:57:15.617Z,960,540,1826000,684,True,6362125774112,,https://www.federalreserve.gov/monetarypolicy/fomcpresconf20240918.htm,featured|federal reserve|federal reserve board|fomc|fomc press conference|chair powell|jerome powell
20241107,"FOMC Press Conference November 7, 2024",2529.9,2024-11-07T20:31:39.174Z,2024-11-07T20:53:45.383Z,960,540,1826000,579,True,6364354960112,,https://www.federalreserve.gov/monetarypolicy/fomcpresconf20241107.htm,featured|fomc|fomc press conference|federal reserve|federal reserve board|jerome powell|chair powell
20241218,"FOMC Press Conference December 18, 2024",3168.6,2024-12-18T20:40:06.015Z,2024-12-18T20:56:52.288Z,960,540,1825000,725,True,6366196841112,,https://www.federalreserve.gov/monetarypolicy/fomcpresconf20241218.htm,federal reserve|federal reserve board|fomc|fomc press conference|chair powell|jerome powell|featured
20250129,"FOMC Press Conference January 29, 2025",2975.6,2025-01-30T16:33:31.332Z,2025-01-30T16:58:53.783Z,960,540,1823000,680,True,6368003007112,,https://www.federalreserve.gov/monetarypolicy/fomcpresconf20250129.htm,federal reserve|federal reserve board|fomc|fomc press conference|chair powell|jerome powell|jay powell|feature
20250319,"FOMC Press Conference March 19, 2025",2970.7,2025-03-19T19:57:21.830Z,2025-03-19T20:09:38.647Z,960,540,1828000,680,True,6370246460112,,https://www.federalreserve.gov/monetarypolicy/fomcpresconf20250319.htm,federal reserve|federal reserve board|fomc|chair powell|jerome powell|featured
20250507,"FOMC Press Conference May 7, 2025",2867.0,2025-05-07T19:37:00.652Z,2025-05-07T19:51:15.313Z,960,540,1826000,656,True,6372480430112,,https://www.federalreserve.gov/monetarypolicy/fomcpresconf20250507.htm,featured|fomc|fomc press conference|federal reserve|federal reserve board|chair powell|jerome powell
20250618,"FOMC Press Conference June 18, 2025",3090.1,2025-06-18T19:48:16.673Z,2025-06-18T20:03:26.135Z,960,540,1825000,707,True,6374540448112,,https://www.federalreserve.gov/monetarypolicy/fomcpresconf20250618.htm,federal reserve|federal reserve board|fomc|fomc press conference|chair powell|jerome powell|featured
20250730,"FOMC Press Conference July 30, 2025",2646.2,2025-07-30T19:44:23.076Z,2025-07-30T19:59:55.195Z,960,540,1819000,604,True,6376345088112,,https://www.federalreserve.gov/monetarypolicy/fomcpresconf20250730.htm,federal reserve|federal reserve board|fomc|fomc press conference|chair powell|jerome powell|featured
20250917,"FOMC Press Conference September 17, 2025",3134.2,2025-09-17T20:35:09.280Z,2025-09-17T20:55:34.665Z,960,540,1819000,715,True,6379710022112,,https://www.federalreserve.gov/monetarypolicy/fomcpresconf20250917.htm,federal reserve|federal reserve board|fomc|fomc press conference|chair powell|jerome powell|jay powell|featured
20251029,"FOMC Press Conference October 29, 2025",3290.4,2025-10-29T20:15:38.229Z,2025-10-29T20:36:04.650Z,960,540,1821000,752,True,6384258756112,,https://www.federalreserve.gov/monetarypolicy/fomcpresconf20251029.htm,featured|federal reserve|federal reserve board|fomc|fomc press conference|chair powell|jerome powell
20251210,"FOMC Press Conference December 10, 2025",3117.9,2025-12-10T21:24:53.326Z,2025-12-10T21:40:51.403Z,960,540,1825000,714,False,6386296482112,,https://www.federalreserve.gov/monetarypolicy/fomcpresconf20251210.htm,federal reserve|federal reserve board|fomc|fomc press conference|featured|chair powell|jerome powell
20260128,"FOMC Press Conference January 28, 2026",2815.1,2026-01-28T21:33:34.233Z,2026-01-28T22:05:03.674Z,960,540,1822000,643,True,6388451262112,,https://www.federalreserve.gov/monetarypolicy/fomcpressconf20260128.htm,
20260318,"FOMC Press Conference March 18, 2026",2895.7,2026-03-18T19:33:51.639Z,2026-03-18T19:59:05.348Z,960,540,1825000,662,True,6391141228112,,https://www.federalreserve.gov/monetarypolicy/fomcpresconf20260318.htm,featured|federal reserve|federal reserve board|fomc|fomc press conference|chair powell|jerome powell|jay powell
20260429,"FOMC Press Conference April 29, 2026",3226.6,2026-04-29T19:45:44.719Z,2026-04-29T20:13:10.810Z,960,540,1824000,738,True,6394190841112,,https://www.federalreserve.gov/monetarypolicy/fomcpresconf20260429.htm,fomc|fomc press conference|federal reserve|federal reserve board|chair powell|jerome powell|jay powell|featured
20260617,"FOMC Press Conference June 17, 2026",2557.5,2026-06-17T19:36:50.828Z,2026-06-17T19:54:48.718Z,960,540,1822000,584,True,6398687166112,,https://www.federalreserve.gov/monetarypolicy/fomcpresconf20260617.htm,federal reserve|federal reserve board|featured|kevin warsh|fomc|fomc press conference|chairman warsh
20260729,"FOMC Press Conference July 29, 2026",2704.0,2026-07-29T19:45:32.246Z,2026-07-29T20:00:33.809Z,960,540,1824000,618,True,6402426667112,,https://www.federalreserve.gov/monetarypolicy/fomcpresconf20260729.htm,federal reserve|federal reserve board|featured|chairman warsh|kevin warsh|fomc|fomc press conference
20260916,"FOMC Press Conference September 16, 2026",1722.5,2026-09-16T19:18:16.151Z,2026-09-16T19:28:47.164Z,960,540,1824000,394,True,6405157968112,,https://www.federalreserve.gov/monetarypolicy/fomcpresconf20260916.htm,federal reserve|federal reserve board|fomc|fomc press conference|kevin warsh|chairman warsh|featured
