strategy,instrument,weight_of_nav,held_over_return_day,data_through
S1,F_ES,0.030307,2026-10-06,2026-10-02
S1,F_NQ,0.054015,2026-10-06,2026-10-02
S1,F_RTY,-0.022366,2026-10-06,2026-10-02
S1,F_YM,-0.030287,2026-10-06,2026-10-02
S1,F_ZT,-0.767564,2026-10-06,2026-10-02
S1,F_ZF,-0.339964,2026-10-06,2026-10-02
S1,F_ZN,-0.235044,2026-10-06,2026-10-02
S1,F_ZB,-0.121182,2026-10-06,2026-10-02
S1,F_UB,-0.106623,2026-10-06,2026-10-02
S1,F_CL,0.020329,2026-10-06,2026-10-02
S1,F_HO,0.021062,2026-10-06,2026-10-02
S1,F_RB,0.026485,2026-10-06,2026-10-02
S1,F_NG,-0.007909,2026-10-06,2026-10-02
S1,F_GC,0.013637,2026-10-06,2026-10-02
S1,F_SI,0.007118,2026-10-06,2026-10-02
S1,F_PL,0.008676,2026-10-06,2026-10-02
S1,F_HG,0.014575,2026-10-06,2026-10-02
S1,F_ZC,0.016048,2026-10-06,2026-10-02
S1,F_ZS,0.061645,2026-10-06,2026-10-02
S1,F_ZW,0.01199,2026-10-06,2026-10-02
S1,F_ZL,0.015262,2026-10-06,2026-10-02
S1,F_ZM,0.052473,2026-10-06,2026-10-02
S1,F_LE,-0.022629,2026-10-06,2026-10-02
S1,F_HE,-0.056965,2026-10-06,2026-10-02
S1,F_6E,-0.226569,2026-10-06,2026-10-02
S1,F_6J,0.042427,2026-10-06,2026-10-02
S1,F_6B,-0.199106,2026-10-06,2026-10-02
S1,F_6A,0.050463,2026-10-06,2026-10-02
S1,F_6C,-0.256887,2026-10-06,2026-10-02
S1,F_6S,-0.160394,2026-10-06,2026-10-02
S2,F_ES,0.654286,2026-10-06,2026-10-02
S2,F_NQ,0.04163,2026-10-06,2026-10-02
S2,F_RTY,-0.017238,2026-10-06,2026-10-02
S2,F_YM,-0.023343,2026-10-06,2026-10-02
S2,F_ZT,-0.591576,2026-10-06,2026-10-02
S2,F_ZF,-0.262017,2026-10-06,2026-10-02
S2,F_ZN,-0.181152,2026-10-06,2026-10-02
S2,F_ZB,-0.093397,2026-10-06,2026-10-02
S2,F_UB,-0.082176,2026-10-06,2026-10-02
S2,F_CL,0.015668,2026-10-06,2026-10-02
S2,F_HO,0.016233,2026-10-06,2026-10-02
S2,F_RB,0.020412,2026-10-06,2026-10-02
S2,F_NG,-0.006096,2026-10-06,2026-10-02
S2,F_GC,0.01051,2026-10-06,2026-10-02
S2,F_SI,0.005486,2026-10-06,2026-10-02
S2,F_PL,0.006687,2026-10-06,2026-10-02
S2,F_HG,0.011233,2026-10-06,2026-10-02
S2,F_ZC,0.012369,2026-10-06,2026-10-02
S2,F_ZS,0.047511,2026-10-06,2026-10-02
S2,F_ZW,0.009241,2026-10-06,2026-10-02
S2,F_ZL,0.011763,2026-10-06,2026-10-02
S2,F_ZM,0.040442,2026-10-06,2026-10-02
S2,F_LE,-0.017441,2026-10-06,2026-10-02
S2,F_HE,-0.043904,2026-10-06,2026-10-02
S2,F_6E,-0.174621,2026-10-06,2026-10-02
S2,F_6J,0.032699,2026-10-06,2026-10-02
S2,F_6B,-0.153455,2026-10-06,2026-10-02
S2,F_6A,0.038893,2026-10-06,2026-10-02
S2,F_6C,-0.197988,2026-10-06,2026-10-02
S2,F_6S,-0.123618,2026-10-06,2026-10-02
S3,SPY,0.2,2026-10-06,2026-10-02
S3,EFA,0.2,2026-10-06,2026-10-02
S3,DBC,0.2,2026-10-06,2026-10-02
