signal,sample,h,split,cost,unit,n_answers,n_meetings,mean,sd,median,hit,zero_share,se_cr1,t_cr1,wcb_p_one,wcb_p_two,bb_b,bb_ci90_lo,bb_ci90_hi,bb_p_two,mtg_n,mtg_mean,mtg_hit,mtg_t,mtg_wb_p_one,mtg_wb_p_two,status
H1,2016-2022,1.0,all,C0,usd,685.0,31.0,0.4562043795620438,19.944155697862108,0.0,0.31532846715328466,0.3781021897810219,0.8006005856661447,0.5698276865266794,0.3142,0.6318,3.0,-0.41533129011103753,1.4642150616952794,0.466,31.0,0.4639312725224273,0.4838709677419355,0.6173792079859934,0.2983,0.5968,
H1,2016-2022,1.0,all,C2,usd,685.0,31.0,-34.99087591240876,22.574383296397045,-31.25,0.0364963503649635,0.01897810218978102,2.1391580194284976,-16.357312360569324,1.0,0.0001,3.0,-40.26299716133258,-30.728331553255682,0.0008,31.0,-34.818326791993705,0.0,-17.16894955668704,1.0,0.0001,
H1,2016-2022,1.0,all,C4,usd,685.0,31.0,-70.43795620437956,29.13511225483575,-62.5,0.010218978102189781,0.00583941605839416,4.050626436589602,-17.389398234334422,1.0,0.0001,3.0,-80.89985079175032,-62.05540716661102,0.0261,31.0,-70.10058485650983,0.0,-18.113579527727136,1.0,0.0001,
H1,2016-2022,1.0,all,CM,usd,685.0,31.0,-8.707801094890511,20.08479566812824,-7.8125,0.145985401459854,0.1562043795620438,0.9327743031943133,-9.33537841369599,1.0,0.0001,3.0,-10.255309423870763,-7.267153809419996,0.0001,31.0,-8.637418511501277,0.03225806451612903,-10.02962033852979,1.0,0.0001,
H1,2016-2022,1.0,all,CQ,usd,685.0,31.0,-8.633667883211679,20.106283099331367,-7.8125,0.13722627737226278,0.15036496350364964,0.897458075218933,-9.620135047651685,1.0,0.0001,3.0,-10.059306569343066,-7.238349455416172,0.0001,31.0,-8.590107838944066,0.03225806451612903,-10.09838950148129,1.0,0.0001,
H1,2016-2022,1.0,all,C2F,usd,685.0,31.0,-38.99087591240876,22.574383296397045,-35.25,0.0364963503649635,0.0,2.1391580194284976,-18.22720694697704,1.0,0.0001,3.0,-44.26299716133258,-34.728331553255686,0.0004,31.0,-38.818326791993705,0.0,-19.141353303628144,1.0,0.0001,
H1,2016-2022,1.0,all,C4F,usd,685.0,31.0,-74.43795620437956,29.13511225483575,-66.5,0.010218978102189781,0.0,4.050626436589602,-18.37689981282305,1.0,0.0001,3.0,-84.89985079175032,-66.05540716661102,0.0242,31.0,-74.10058485650983,0.0,-19.147156041521086,1.0,0.0001,
H1,2016-2022,1.0,all,CMF,usd,685.0,31.0,-12.707801094890511,20.08479566812824,-11.8125,0.13722627737226278,0.0,0.9327743031943133,-13.623661212977533,1.0,0.0001,3.0,-14.255309423870763,-11.267153809419995,0.0001,31.0,-12.637418511501279,0.03225806451612903,-14.674350856183745,1.0,0.0001,
H1,2016-2022,1.0,unc_le10,C0,usd,666.0,30.0,0.4340277777777778,20.220894064544424,0.0,0.31981981981981983,0.36486486486486486,0.8235511851895422,0.5270197961986848,0.335,0.6617,3.0,-0.45955882352941174,1.451578938205738,0.4963,30.0,0.43827722722054324,0.4666666666666667,0.5644411121331581,0.3169,0.6287,
H1,2016-2022,1.0,unc_le10,C2,usd,666.0,30.0,-35.13278903903904,22.87364907471911,-31.25,0.03753753753753754,0.01951951951951952,2.19626652215867,-15.996596353209293,1.0,0.0001,3.0,-40.59887105502025,-30.794761396137144,0.0005,30.0,-34.978389439446126,0.0,-16.73442263965029,1.0,0.0001,
H1,2016-2022,1.0,unc_le10,C4,usd,666.0,30.0,-70.69960585585585,29.50260995980324,-62.5,0.010510510510510511,0.006006006006006006,4.159299234921689,-16.99796092145964,1.0,0.0001,3.0,-81.57137680866869,-62.10857914784304,0.0287,30.0,-70.39505610611279,0.0,-17.644274624609874,1.0,0.0001,
H1,2016-2022,1.0,unc_le10,CM,usd,666.0,30.0,-8.76853415915916,20.360738006031145,-7.8125,0.15015015015015015,0.15615615615615616,0.9577060501487032,-9.155767740840384,1.0,0.0001,3.0,-10.368813604070661,-7.323381708446397,0.0001,30.0,-8.706034216270616,0.03333333333333333,-9.808936711192386,1.0,0.0001,
H1,2016-2022,1.0,unc_le10,CQ,usd,666.0,30.0,-8.668825075075075,20.388266233739728,-7.8125,0.14114114114114115,0.15315315315315314,0.9228179704746008,-9.393862443550747,1.0,0.0001,3.0,-10.15378548895899,-7.270878590544455,0.0001,30.0,-8.629734240593079,0.03333333333333333,-9.822924698219403,1.0,0.0001,
H1,2016-2022,1.0,unc_le10,C2F,usd,666.0,30.0,-39.13278903903904,22.87364907471911,-35.25,0.03753753753753754,0.0,2.19626652215867,-17.81786893540413,1.0,0.0001,3.0,-44.59887105502025,-34.79476139613714,0.0003,30.0,-38.978389439446126,0.0,-18.648109679886442,1.0,0.0001,
H1,2016-2022,1.0,unc_le10,C4F,usd,666.0,30.0,-74.69960585585585,29.50260995980324,-66.5,0.010510510510510511,0.0,4.159299234921689,-17.959661384464514,1.0,0.0001,3.0,-85.57137680866869,-66.10857914784303,0.0276,30.0,-74.39505610611279,0.0,-18.646860635650942,1.0,0.0001,
H1,2016-2022,1.0,unc_le10,CMF,usd,666.0,30.0,-12.76853415915916,20.360738006031145,-11.8125,0.14114114114114115,0.0,0.9577060501487032,-13.33241463513422,1.0,0.0001,3.0,-14.368813604070661,-11.323381708446396,0.0001,30.0,-12.70603421627062,0.03333333333333333,-14.315666856066192,1.0,0.0001,
H1,2016-2022,1.0,unc_gt10,C0,usd,19.0,1.0,1.2335526315789473,,,0.15789473684210525,,,,,,,,,,,,,,,,
H1,2016-2022,1.0,unc_gt10,C2,usd,19.0,1.0,-30.01644736842105,,,0.0,,,,,,,,,,,,,,,,
H1,2016-2022,1.0,unc_gt10,C4,usd,19.0,1.0,-61.266447368421055,,,0.0,,,,,,,,,,,,,,,,
H1,2016-2022,1.0,unc_gt10,CM,usd,19.0,1.0,-6.578947368421052,,,0.0,,,,,,,,,,,,,,,,
H1,2016-2022,1.0,unc_gt10,CQ,usd,19.0,1.0,-7.401315789473684,,,0.0,,,,,,,,,,,,,,,,
H1,2016-2022,1.0,unc_gt10,C2F,usd,19.0,1.0,-34.016447368421055,,,0.0,,,,,,,,,,,,,,,,
H1,2016-2022,1.0,unc_gt10,C4F,usd,19.0,1.0,-65.26644736842105,,,0.0,,,,,,,,,,,,,,,,
H1,2016-2022,1.0,unc_gt10,CMF,usd,19.0,1.0,-10.578947368421053,,,0.0,,,,,,,,,,,,,,,,
H1,2016-2022,5.0,all,C0,usd,249.0,31.0,3.38855421686747,45.36796561673981,0.0,0.41767068273092367,0.24096385542168675,2.3065420983238285,1.469105731618748,0.0792,0.1563,3.0,0.4252550215585236,6.864375518267404,0.1274,31.0,3.731738831285202,0.6451612903225806,1.5595474920101902,0.0679,0.1329,
H1,2016-2022,5.0,all,C2,usd,249.0,31.0,-31.752008032128515,46.434452937346656,-31.25,0.10040160642570281,0.024096385542168676,2.8997946657670974,-10.949743582526729,1.0,0.0001,3.0,-36.954719387755105,-26.71844362745098,0.0001,31.0,-31.55051923323093,0.03225806451612903,-10.416325167758007,1.0,0.0001,
H1,2016-2022,5.0,all,C4,usd,249.0,31.0,-66.89257028112449,49.67705851204714,-62.5,0.05220883534136546,0.008032128514056224,4.296468388204685,-15.569198755137613,1.0,0.0001,3.0,-76.64499985830419,-58.80272633744856,0.0001,31.0,-66.83277729774706,0.0,-14.966727695351096,1.0,0.0001,
H1,2016-2022,5.0,all,CM,usd,249.0,31.0,-5.710341365461847,45.25340030480707,-7.8125,0.23694779116465864,0.17269076305220885,2.31250421784954,-2.469332302784748,0.9911,0.0171,3.0,-8.561987294917968,-2.2412654709032718,0.0158,31.0,-5.399895593317973,0.1935483870967742,-2.2501407013574064,0.9845,0.0309,
H1,2016-2022,5.0,all,CQ,usd,249.0,31.0,-6.275100401606426,45.13464641152635,-7.8125,0.23694779116465864,0.12048192771084337,2.272280553119551,-2.7615869849308505,0.9958,0.008,3.0,-9.0626220703125,-2.9129354508196696,0.0114,31.0,-5.936579941116232,0.1935483870967742,-2.517077236517113,0.9912,0.0163,
H1,2016-2022,5.0,all,C2F,usd,249.0,31.0,-35.752008032128515,46.434452937346656,-35.25,0.10040160642570281,0.0,2.8997946657670974,-12.329151596211677,1.0,0.0001,3.0,-40.954719387755105,-30.71844362745098,0.0001,31.0,-35.55051923323092,0.03225806451612903,-11.736915182870899,1.0,0.0001,
H1,2016-2022,5.0,all,C4F,usd,249.0,31.0,-70.89257028112449,49.67705851204714,-66.5,0.05220883534136546,0.0,4.296468388204685,-16.500195945988917,1.0,0.0001,3.0,-80.64499985830419,-62.80272633744856,0.0001,31.0,-70.83277729774707,0.0,-15.862499399027142,1.0,0.0001,
H1,2016-2022,5.0,all,CMF,usd,249.0,31.0,-9.710341365461847,45.25340030480707,-11.8125,0.23293172690763053,0.0,2.31250421784954,-4.199058877605748,0.9999,0.0005,3.0,-12.561987294917968,-6.241265470903272,0.0005,31.0,-9.399895593317973,0.12903225806451613,-3.9169438181745626,0.9997,0.0008,
H1,2016-2022,5.0,unc_le10,C0,usd,241.0,30.0,3.4686203319502074,46.107799809477754,0.0,0.42323651452282157,0.22821576763485477,2.38343267184987,1.455304516430113,0.0842,0.1657,3.0,0.4519628099173554,7.093357740585774,0.1245,30.0,3.8235780423280423,0.6333333333333333,1.546662615949901,0.0706,0.1429,
H1,2016-2022,5.0,unc_le10,C2,usd,241.0,30.0,-31.801089211618258,47.193473333088825,-31.25,0.1037344398340249,0.024896265560165973,2.997160418119891,-10.61040610951581,1.0,0.0001,3.0,-37.22255560281964,-26.689512996556644,0.0001,30.0,-31.593088624338627,0.03333333333333333,-10.089302675062298,1.0,0.0001,
H1,2016-2022,5.0,unc_le10,C4,usd,241.0,30.0,-67.07079875518673,50.481150074804724,-62.5,0.05394190871369295,0.008298755186721992,4.43762212583167,-15.114130237625126,1.0,0.0001,3.0,-77.31884396430456,-58.77204356846473,0.0001,30.0,-67.00975529100529,0.0,-14.525627045944962,1.0,0.0001,
H1,2016-2022,5.0,unc_le10,CM,usd,241.0,30.0,-5.672977178423237,45.99301899224873,-7.8125,0.24481327800829875,0.17012448132780084,2.390468999248058,-2.3731649229534955,0.9877,0.0238,3.0,-8.603455349670467,-2.1069790759523928,0.0179,30.0,-5.352027529761903,0.2,-2.157482176957155,0.9794,0.0395,
H1,2016-2022,5.0,unc_le10,CQ,usd,241.0,30.0,-6.256483402489627,45.878181018842064,-7.8125,0.24481327800829875,0.12033195020746888,2.349039725242653,-2.6634217102664537,0.9939,0.0111,3.0,-9.071539256198347,-2.770889118792599,0.0108,30.0,-5.906601355820106,0.2,-2.422429353680106,0.9883,0.0222,
H1,2016-2022,5.0,unc_le10,C2F,usd,241.0,30.0,-35.801089211618255,47.193473333088825,-35.25,0.1037344398340249,0.0,2.9971604181198916,-11.945002674923938,1.0,0.0001,3.0,-41.22255560281964,-30.689512996556644,0.0001,30.0,-35.59308862433863,0.03333333333333333,-11.366708983135608,1.0,0.0001,
H1,2016-2022,5.0,unc_le10,C4F,usd,241.0,30.0,-71.07079875518673,50.481150074804724,-66.5,0.05394190871369295,0.0,4.43762212583167,-16.015513881066905,1.0,0.0001,3.0,-81.31884396430456,-62.77204356846473,0.0001,30.0,-71.0097552910053,0.0,-15.392702413277025,1.0,0.0001,
H1,2016-2022,5.0,unc_le10,CMF,usd,241.0,30.0,-9.672977178423237,45.99301899224873,-11.8125,0.24066390041493776,0.0,2.390468999248058,-4.0464767296567965,0.9997,0.0004,3.0,-12.603455349670467,-6.106979075952393,0.0006,30.0,-9.352027529761905,0.13333333333333333,-3.769941877479761,0.9996,0.0007,
H1,2016-2022,5.0,unc_gt10,C0,usd,8.0,1.0,0.9765625,,,0.25,,,,,,,,,,,,,,,,
H1,2016-2022,5.0,unc_gt10,C2,usd,8.0,1.0,-30.2734375,,,0.0,,,,,,,,,,,,,,,,
H1,2016-2022,5.0,unc_gt10,C4,usd,8.0,1.0,-61.5234375,,,0.0,,,,,,,,,,,,,,,,
H1,2016-2022,5.0,unc_gt10,CM,usd,8.0,1.0,-6.8359375,,,0.0,,,,,,,,,,,,,,,,
H1,2016-2022,5.0,unc_gt10,CQ,usd,8.0,1.0,-6.8359375,,,0.0,,,,,,,,,,,,,,,,
H1,2016-2022,5.0,unc_gt10,C2F,usd,8.0,1.0,-34.2734375,,,0.0,,,,,,,,,,,,,,,,
H1,2016-2022,5.0,unc_gt10,C4F,usd,8.0,1.0,-65.5234375,,,0.0,,,,,,,,,,,,,,,,
H1,2016-2022,5.0,unc_gt10,CMF,usd,8.0,1.0,-10.8359375,,,0.0,,,,,,,,,,,,,,,,
H1,2016-2022,15.0,all,C0,usd,100.0,31.0,0.234375,90.13888448112665,0.0,0.36,0.2,7.38553619290914,0.031734324208582666,0.4909,0.9743,3.0,-10.445639117297404,12.893016581632661,0.9733,31.0,0.882056451612903,0.3870967741935484,0.11294747190630079,0.458,0.9173,
H1,2016-2022,15.0,all,C2,usd,100.0,31.0,-35.078125,90.27584663702798,-31.25,0.15,0.02,7.426437698386814,-4.723412007835162,1.0,0.0001,3.0,-45.81412784727409,-21.98127297794117,0.0008,31.0,-34.40020161290323,0.0967741935483871,-4.369003626862815,0.9999,0.0004,
H1,2016-2022,15.0,all,C4,usd,100.0,31.0,-70.390625,91.6382464444349,-70.3125,0.09,0.02,7.956039147670833,-8.847445782190146,1.0,0.0001,3.0,-83.56380904634581,-55.682244074814385,0.0001,31.0,-69.68245967741937,0.0967741935483871,-8.309710822426766,1.0,0.0001,
H1,2016-2022,15.0,all,CM,usd,100.0,31.0,-9.0234375,90.14721989629396,-7.8125,0.24,0.11,7.370001232849321,-1.2243468101173496,0.8819,0.2331,3.0,-19.607099514563107,3.6243556701030926,0.2351,31.0,-8.36903561827957,0.1935483870967742,-1.0725905791704913,0.8502,0.299,
H1,2016-2022,15.0,all,CQ,usd,100.0,31.0,-8.515625,89.95155751874087,-7.8125,0.25,0.11,7.540016951672617,-1.1293906969414653,0.8645,0.2704,3.0,-19.266769122584158,4.290778811524615,0.2707,31.0,-7.791498655913981,0.1935483870967742,-0.9756840066439934,0.8277,0.3434,
H1,2016-2022,15.0,all,C2F,usd,100.0,31.0,-39.078125,90.27584663702798,-35.25,0.15,0.0,7.426437698386814,-5.262028254608348,1.0,0.0001,3.0,-49.81412784727409,-25.98127297794117,0.0003,31.0,-38.400201612903224,0.0967741935483871,-4.877024326976856,1.0,0.0002,
H1,2016-2022,15.0,all,C4F,usd,100.0,31.0,-74.390625,91.6382464444349,-74.3125,0.09,0.0,7.956039147670833,-9.350208516982748,1.0,0.0001,3.0,-87.56380904634581,-59.682244074814385,0.0001,31.0,-73.68245967741936,0.0967741935483871,-8.786715271517387,1.0,0.0001,
H1,2016-2022,15.0,all,CMF,usd,100.0,31.0,-13.0234375,90.14721989629396,-11.8125,0.24,0.0,7.370001232849321,-1.767087560576296,0.9573,0.0834,3.0,-23.607099514563107,-0.3756443298969072,0.0942,31.0,-12.36903561827957,0.1935483870967742,-1.5852377361871248,0.9396,0.1209,
H1,2016-2022,15.0,unc_le10,C0,usd,97.0,30.0,0.16108247422680413,91.53316635633821,0.0,0.36082474226804123,0.18556701030927836,7.617558544945999,0.021146207577712295,0.4939,0.9825,3.0,-10.682397959183673,13.074147422126746,0.9831,30.0,0.8246527777777788,0.36666666666666664,0.10213654078791157,0.4661,0.9243,
H1,2016-2022,15.0,unc_le10,C2,usd,97.0,30.0,-35.277061855670105,91.66597355941349,-31.25,0.15463917525773196,0.020618556701030927,7.656910520454085,-4.607218768122425,0.9999,0.0002,3.0,-46.316964285714285,-21.92283163265306,0.0013,30.0,-34.59201388888889,0.1,-4.250542116207545,0.9998,0.0003,
H1,2016-2022,15.0,unc_le10,C4,usd,97.0,30.0,-70.71520618556701,93.0377343716749,-70.3125,0.09278350515463918,0.020618556701030927,8.198687629041736,-8.625186052347773,1.0,0.0001,3.0,-84.25799251152073,-55.49128527543475,0.0001,30.0,-70.00868055555556,0.1,-8.080930258159851,1.0,0.0001,
H1,2016-2022,15.0,unc_le10,CM,usd,97.0,30.0,-9.141430412371134,91.54005832026934,-7.8125,0.24742268041237114,0.10309278350515463,7.60077473323728,-1.2026971898531278,0.8799,0.2459,3.0,-19.807449494949495,3.8240131578947367,0.2414,30.0,-8.474392361111112,0.2,-1.0505697130300002,0.8446,0.3186,
H1,2016-2022,15.0,unc_le10,CQ,usd,97.0,30.0,-8.537371134020619,91.34615129867035,-7.8125,0.25773195876288657,0.1134020618556701,7.777420267674389,-1.0977124599405854,0.8586,0.288,3.0,-19.365372894503544,4.70344387755102,0.2781,30.0,-7.790798611111112,0.2,-0.9436008379824888,0.8198,0.3693,
H1,2016-2022,15.0,unc_le10,C2F,usd,97.0,30.0,-39.277061855670105,91.66597355941349,-35.25,0.15463917525773196,0.0,7.656910520454085,-5.129622678853091,1.0,0.0001,3.0,-50.316964285714285,-25.92283163265306,0.0004,30.0,-38.59201388888889,0.1,-4.742047713986325,1.0,0.0001,
H1,2016-2022,15.0,unc_le10,C4F,usd,97.0,30.0,-74.71520618556701,93.0377343716749,-74.3125,0.09278350515463918,0.0,8.198687629041736,-9.113069013741622,1.0,0.0001,3.0,-88.25799251152073,-59.49128527543475,0.0001,30.0,-74.00868055555556,0.1,-8.542640445755643,1.0,0.0001,
H1,2016-2022,15.0,unc_le10,CMF,usd,97.0,30.0,-13.141430412371134,91.54005832026934,-11.8125,0.24742268041237114,0.0,7.60077473323728,-1.7289593329092137,0.9537,0.0956,3.0,-23.807449494949495,-0.17598684210526316,0.1042,30.0,-12.474392361111114,0.2,-1.5464493788576308,0.9321,0.1375,
H1,2016-2022,15.0,unc_gt10,C0,usd,3.0,1.0,2.6041666666666665,,,0.3333333333333333,,,,,,,,,,,,,,,,
H1,2016-2022,15.0,unc_gt10,C2,usd,3.0,1.0,-28.645833333333332,,,0.0,,,,,,,,,,,,,,,,
H1,2016-2022,15.0,unc_gt10,C4,usd,3.0,1.0,-59.895833333333336,,,0.0,,,,,,,,,,,,,,,,
H1,2016-2022,15.0,unc_gt10,CM,usd,3.0,1.0,-5.208333333333333,,,0.0,,,,,,,,,,,,,,,,
H1,2016-2022,15.0,unc_gt10,CQ,usd,3.0,1.0,-7.8125,,,0.0,,,,,,,,,,,,,,,,
H1,2016-2022,15.0,unc_gt10,C2F,usd,3.0,1.0,-32.645833333333336,,,0.0,,,,,,,,,,,,,,,,
H1,2016-2022,15.0,unc_gt10,C4F,usd,3.0,1.0,-63.895833333333336,,,0.0,,,,,,,,,,,,,,,,
H1,2016-2022,15.0,unc_gt10,CMF,usd,3.0,1.0,-9.208333333333334,,,0.0,,,,,,,,,,,,,,,,
H1,confirmation,1.0,all,C0,ticks,548.0,20.0,-0.13503649635036497,2.549691632525207,0.0,0.3759124087591241,0.21715328467153286,0.1077327965802031,-1.2534390699663613,0.88,0.2337,3.0,-0.2926102292768959,0.014495383887003875,0.1836,20.0,-0.14358308255158925,0.45,-1.2747542660855309,0.8834,0.2262,
H1,confirmation,1.0,all,C2,ticks,548.0,20.0,-4.135036496350365,2.549691632525207,-4.0,0.02737226277372263,0.03102189781021898,0.1077327965802031,-38.38233692626722,1.0,0.0001,3.0,-4.292610229276896,-3.985504616112996,0.0001,20.0,-4.143583082551589,0.0,-36.7874133741671,1.0,0.0001,
H1,confirmation,1.0,all,C4,ticks,548.0,20.0,-8.135036496350365,2.549691632525207,-8.0,0.0018248175182481751,0.0018248175182481751,0.1077327965802031,-75.5112347825681,1.0,0.0001,3.0,-8.292610229276896,-7.985504616112996,0.0001,20.0,-8.143583082551588,0.0,-72.30007248224867,1.0,0.0001,
H1,confirmation,1.0,all,CM,ticks,548.0,20.0,-1.1614963503649636,2.55415121581692,-1.0,0.19708029197080293,0.17335766423357665,0.10754681893035671,-10.799913581052593,1.0,0.0001,3.0,-1.3204490721065307,-1.0091374378544338,0.0001,20.0,-1.1696150554130598,0.0,-10.391727360511526,1.0,0.0001,
H1,confirmation,1.0,all,CQ,ticks,548.0,20.0,-1.1788321167883211,2.539081889574418,-1.0,0.19160583941605838,0.17153284671532848,0.09887349788189248,-11.922629845628334,1.0,0.0001,3.0,-1.3193506828990422,-1.039271733604474,0.0001,20.0,-1.1900814187563353,0.0,-11.596375229507325,1.0,0.0001,
H1,confirmation,1.0,all,C2F,ticks,548.0,20.0,-4.647036496350365,2.549691632525207,-4.5120000000000005,0.02737226277372263,0.0,0.1077327965802031,-43.13483585187374,1.0,0.0001,3.0,-4.8046102292768955,-4.497504616112997,0.0001,20.0,-4.655583082551589,0.0,-41.33303374000153,1.0,0.0001,
H1,confirmation,1.0,all,C4F,ticks,548.0,20.0,-8.647036496350365,2.549691632525207,-8.512,0.0018248175182481751,0.0,0.1077327965802031,-80.2637337081746,1.0,0.0001,3.0,-8.804610229276895,-8.497504616112998,0.0001,20.0,-8.655583082551589,0.0,-76.8456928480831,1.0,0.0001,
H1,confirmation,1.0,all,CMF,ticks,548.0,20.0,-1.673496350364964,2.55415121581692,-1.512,0.19160583941605838,0.0,0.10754681893035674,-15.560630867647113,1.0,0.0001,3.0,-1.8324490721065312,-1.521137437854434,0.0001,20.0,-1.6816150554130602,0.0,-14.940714981659148,1.0,0.0001,
H1,confirmation,1.0,unc_le10,C0,ticks,78.0,3.0,-0.1794871794871795,1.6176268471797248,0.0,0.32051282051282054,0.3076923076923077,0.24135422884659036,-0.7436670173335358,0.8119,0.3922,2.0,-0.43037974683544306,0.07792207792207792,0.4481,3.0,-0.17063627730294395,0.3333333333333333,-0.6916028722006892,0.8787,0.4917,
H1,confirmation,1.0,unc_le10,C2,ticks,78.0,3.0,-4.17948717948718,1.6176268471797248,-4.0,0.0,0.01282051282051282,0.24135422884659033,-17.316817689338052,0.9907,0.0181,2.0,-4.430379746835443,-3.9220779220779223,0.0001,3.0,-4.170636277302944,0.0,-16.903932000146504,1.0,0.248,
H1,confirmation,1.0,unc_le10,C4,ticks,78.0,3.0,-8.179487179487179,1.6176268471797248,-8.0,0.0,0.0,0.2413542288465904,-33.889968361342554,0.9904,0.0184,2.0,-8.430379746835444,-7.922077922077922,0.0001,3.0,-8.170636277302943,0.0,-33.1162611280923,1.0,0.248,
H1,confirmation,1.0,unc_le10,CM,ticks,78.0,3.0,-1.1987179487179487,1.594103875588779,-1.0,0.1282051282051282,0.1794871794871795,0.2527422569759913,-4.74284736972899,0.9587,0.0995,2.0,-1.4683544303797469,-0.922077922077922,0.1074,3.0,-1.1898670465337133,0.0,-4.602434592546498,1.0,0.248,
H1,confirmation,1.0,unc_le10,CQ,ticks,78.0,3.0,-1.2435897435897436,1.699395594894075,-1.0,0.10256410256410256,0.19230769230769232,0.29835253959370295,-4.1681888992239395,0.9622,0.0737,2.0,-1.5696202531645569,-0.9090909090909091,0.0001,3.0,-1.2337511870845204,0.0,-4.041370447206111,1.0,0.248,
H1,confirmation,1.0,unc_le10,C2F,ticks,78.0,3.0,-4.69148717948718,1.6176268471797248,-4.5120000000000005,0.0,0.0,0.24135422884659047,-19.43818097535462,0.9909,0.0263,2.0,-4.942379746835443,-4.434077922077923,0.0001,3.0,-4.682636277302945,0.0,-18.97911012852356,1.0,0.248,
H1,confirmation,1.0,unc_le10,C4F,ticks,78.0,3.0,-8.691487179487176,1.6176268471797248,-8.512,0.0,0.0,0.24135422884659047,-36.01133164735911,0.9869,0.0259,2.0,-8.942379746835444,-8.434077922077922,0.0001,3.0,-8.682636277302944,0.0,-35.19143925646936,1.0,0.248,
H1,confirmation,1.0,unc_le10,CMF,ticks,78.0,3.0,-1.710717948717949,1.594103875588779,-1.512,0.11538461538461539,0.0,0.2527422569759913,-6.768626541466926,0.9583,0.0812,2.0,-1.9803544303797473,-1.4340779220779223,0.0001,3.0,-1.7018670465337131,0.0,-6.58286300952681,1.0,0.248,
H1,confirmation,1.0,unc_gt10,C0,ticks,470.0,17.0,-0.1276595744680851,2.674343243025835,0.0,0.3851063829787234,0.20212765957446807,0.12145612718776211,-1.0510756223169615,0.8395,0.3141,3.0,-0.3060616651133892,0.03959159707724429,0.2587,17.0,-0.1388089893601737,0.47058823529411764,-1.084843574629148,0.8451,0.3018,
H1,confirmation,1.0,unc_gt10,C2,ticks,470.0,17.0,-4.127659574468085,2.674343243025835,-4.0,0.031914893617021274,0.03404255319148936,0.12145612718776211,-33.984778454915094,1.0,0.0001,3.0,-4.30606166511339,-3.9604084029227558,0.0001,17.0,-4.138808989360173,0.0,-32.346322521479124,1.0,0.0001,
H1,confirmation,1.0,unc_gt10,C4,ticks,470.0,17.0,-8.127659574468085,2.674343243025835,-8.0,0.002127659574468085,0.002127659574468085,0.12145612718776211,-66.91848128751323,1.0,0.0001,3.0,-8.30606166511339,-7.960408402922756,0.0001,17.0,-8.138808989360175,0.0,-63.60780146832912,1.0,0.0001,
H1,confirmation,1.0,unc_gt10,CM,ticks,470.0,17.0,-1.1553191489361703,2.681636876454228,-1.0,0.20851063829787234,0.1723404255319149,0.12081580446346793,-9.562649142360456,1.0,0.0001,3.0,-1.3354852674207514,-0.98392616813353,0.0001,17.0,-1.1660411746270627,0.0,-9.15609943562065,1.0,0.0001,
H1,confirmation,1.0,unc_gt10,CQ,ticks,470.0,17.0,-1.1680851063829787,2.6540877578614763,-1.0,0.20638297872340425,0.16808510638297872,0.1077115085097078,-10.844571044863807,1.0,0.0001,3.0,-1.3253847520382975,-1.0168350435838023,0.0001,17.0,-1.1823749890513613,0.0,-10.519578252993599,1.0,0.0001,
H1,confirmation,1.0,unc_gt10,C2F,ticks,470.0,17.0,-4.639659574468085,2.6743432430258354,-4.5120000000000005,0.031914893617021274,0.0,0.12145612718776212,-38.200292417487645,1.0,0.0001,3.0,-4.81806166511339,-4.472408402922756,0.0001,17.0,-4.650808989360174,0.0,-36.34779182667592,1.0,0.0001,
H1,confirmation,1.0,unc_gt10,C4F,ticks,470.0,17.0,-8.639659574468086,2.674343243025835,-8.512,0.002127659574468085,0.0,0.12145612718776211,-71.13399525008579,1.0,0.0001,3.0,-8.81806166511339,-8.472408402922756,0.0001,17.0,-8.650808989360176,0.0,-67.60927077352592,1.0,0.0001,
H1,confirmation,1.0,unc_gt10,CMF,ticks,470.0,17.0,-1.6673191489361707,2.681636876454228,-1.512,0.20425531914893616,0.0,0.12081580446346789,-13.800505292669158,1.0,0.0001,3.0,-1.8474852674207518,-1.4959261681335305,0.0001,17.0,-1.6780411746270625,0.0,-13.176474541617328,1.0,0.0001,
H1,confirmation,5.0,all,C0,ticks,163.0,20.0,0.12883435582822086,5.832166274010136,0.0,0.4171779141104294,0.12269938650306748,0.2483916896471433,0.5186741795236327,0.3076,0.6112,3.0,-0.2606060606060606,0.5529295406891646,0.6155,20.0,0.1703373015873016,0.6,0.7106756455953608,0.2459,0.4831,
H1,confirmation,5.0,all,C2,ticks,163.0,20.0,-3.871165644171779,5.832166274010136,-4.0,0.15337423312883436,0.04294478527607362,0.24839168964714328,-15.584924156162488,1.0,0.0001,3.0,-4.260606060606061,-3.4470704593108352,0.0001,20.0,-3.8296626984126987,0.0,-15.97799181532773,1.0,0.0001,
H1,confirmation,5.0,all,C4,ticks,163.0,20.0,-7.871165644171779,5.832166274010136,-8.0,0.049079754601226995,0.018404907975460124,0.2483916896471433,-31.688522491848605,1.0,0.0001,3.0,-8.26060606060606,-7.447070459310836,0.0001,20.0,-7.829662698412697,0.0,-32.66665927625081,1.0,0.0001,
H1,confirmation,5.0,all,CM,ticks,163.0,20.0,-0.901840490797546,5.825089120206692,-1.0,0.3374233128834356,0.07975460122699386,0.24684447707891824,-3.653476478265382,0.9985,0.0025,3.0,-1.2857573149741826,-0.4845679012345679,0.0036,20.0,-0.8612103174603174,0.25,-3.617498539822366,0.9984,0.0025,
H1,confirmation,5.0,all,CQ,ticks,163.0,20.0,-0.9447852760736196,5.772702400883366,-1.0,0.3374233128834356,0.06748466257668712,0.27343834377099613,-3.455204061888536,0.9976,0.004,3.0,-1.3780487804878048,-0.46240384615384583,0.0053,20.0,-0.903373015873016,0.25,-3.387683011882653,0.9974,0.0045,
H1,confirmation,5.0,all,C2F,ticks,163.0,20.0,-4.38316564417178,5.832166274010136,-4.5120000000000005,0.15337423312883436,0.0,0.24839168964714328,-17.646184743130316,1.0,0.0001,3.0,-4.77260606060606,-3.9590704593108352,0.0001,20.0,-4.341662698412699,0.0,-18.114141250325886,1.0,0.0001,
H1,confirmation,5.0,all,C4F,ticks,163.0,20.0,-8.383165644171779,5.832166274010136,-8.512,0.049079754601226995,0.0,0.2483916896471433,-33.74978307881643,1.0,0.0001,3.0,-8.77260606060606,-7.959070459310836,0.0001,20.0,-8.341662698412698,0.0,-34.80280871124897,1.0,0.0001,
H1,confirmation,5.0,all,CMF,ticks,163.0,20.0,-1.4138404907975464,5.825089120206692,-1.512,0.3312883435582822,0.0,0.24684447707891824,-5.727656974660729,0.9999,0.0002,3.0,-1.797757314974183,-0.9965679012345684,0.0002,20.0,-1.3732103174603176,0.05,-5.7681453851260915,0.9999,0.0002,
H1,confirmation,5.0,unc_le10,C0,ticks,23.0,3.0,0.30434782608695654,3.4435022157509105,0.0,0.43478260869565216,0.2608695652173913,0.03860222657214015,7.884203920677707,0.0564,0.107,2.0,0.2608695652173913,0.34782608695652173,0.0001,3.0,0.30357142857142855,1.0,8.16653584405944,0.1279,0.248,
H1,confirmation,5.0,unc_le10,C2,ticks,23.0,3.0,-3.6956521739130435,3.4435022157509105,-4.0,0.08695652173913043,0.043478260869565216,0.03860222657214015,-95.73676189394358,0.9869,0.0259,2.0,-3.739130434782609,-3.652173913043478,0.0001,3.0,-3.6964285714285716,0.0,-99.43958351295908,1.0,0.248,
H1,confirmation,5.0,unc_le10,C4,ticks,23.0,3.0,-7.695652173913044,3.4435022157509105,-8.0,0.0,0.0,0.03860222657214015,-199.35772770856488,1.0,0.0001,2.0,-7.739130434782608,-7.6521739130434785,0.0001,3.0,-7.696428571428572,0.0,-207.0457028699776,1.0,0.248,
H1,confirmation,5.0,unc_le10,CM,ticks,23.0,3.0,-0.7391304347826086,3.450525537104955,-1.0,0.391304347826087,0.043478260869565216,0.06572906862273616,-11.24510738201664,0.9684,0.07,2.0,-0.8181818181818182,-0.6666666666666666,0.0001,3.0,-0.7440476190476191,0.0,-11.091956367701425,1.0,0.248,
H1,confirmation,5.0,unc_le10,CQ,ticks,23.0,3.0,-0.9130434782608695,3.3698265868285335,-1.0,0.391304347826087,0.043478260869565216,0.11146709253539189,-8.191148234811717,0.949,0.1016,2.0,-1.0454545454545454,-0.7916666666666666,0.0001,3.0,-0.9226190476190476,0.0,-7.9618152025314695,1.0,0.248,
H1,confirmation,5.0,unc_le10,C2F,ticks,23.0,3.0,-4.207652173913044,3.4435022157509105,-4.5120000000000005,0.08695652173913043,0.0,0.03860222657214017,-109.00024551821507,0.9949,0.0102,2.0,-4.251130434782609,-4.164173913043479,0.0001,3.0,-4.2084285714285725,0.0,-113.21316679065747,1.0,0.248,
H1,confirmation,5.0,unc_le10,C4F,ticks,23.0,3.0,-8.207652173913043,3.4435022157509105,-8.512,0.0,0.0,0.038602226572140144,-212.62121133283642,0.9965,0.0076,2.0,-8.25113043478261,-8.164173913043479,0.0001,3.0,-8.208428571428572,0.0,-220.81928614767637,1.0,0.248,
H1,confirmation,5.0,unc_le10,CMF,ticks,23.0,3.0,-1.251130434782609,3.450525537104955,-1.512,0.391304347826087,0.0,0.06572906862273627,-19.034659413230024,0.9778,0.0438,2.0,-1.3301818181818186,-1.1786666666666668,0.0001,3.0,-1.2560476190476193,0.0,-18.724642119095027,1.0,0.248,
H1,confirmation,5.0,unc_gt10,C0,ticks,140.0,17.0,0.1,6.144893182978516,0.0,0.4142857142857143,0.1,0.28960740491153164,0.34529503840051223,0.3736,0.7367,3.0,-0.3611111111111111,0.6015037593984962,0.7481,17.0,0.14682539682539683,0.5294117647058824,0.519113501788126,0.3071,0.608,
H1,confirmation,5.0,unc_gt10,C2,ticks,140.0,17.0,-3.9,6.144893182978516,-4.0,0.16428571428571428,0.04285714285714286,0.28960740491153164,-13.466506497619974,1.0,0.0001,3.0,-4.361111111111111,-3.398496240601504,0.0001,17.0,-3.8531746031746033,0.0,-13.623221898277578,1.0,0.0001,
H1,confirmation,5.0,unc_gt10,C4,ticks,140.0,17.0,-7.9,6.144893182978516,-8.0,0.05714285714285714,0.02142857142857143,0.28960740491153164,-27.278308033640464,1.0,0.0001,3.0,-8.36111111111111,-7.398496240601504,0.0001,17.0,-7.853174603174603,0.0,-27.76555729834328,1.0,0.0001,
H1,confirmation,5.0,unc_gt10,CM,ticks,140.0,17.0,-0.9285714285714286,6.13650810782901,-1.0,0.32857142857142857,0.08571428571428572,0.2877837091367082,-3.226629580100109,0.9965,0.0071,3.0,-1.3819444444444444,-0.43617021276595747,0.0113,17.0,-0.8818860877684406,0.29411764705882354,-3.139542131860384,0.9962,0.0081,
H1,confirmation,5.0,unc_gt10,CQ,ticks,140.0,17.0,-0.95,6.086102815596726,-1.5,0.32857142857142857,0.07142857142857142,0.31939984776937835,-2.974328280475401,0.9934,0.0123,3.0,-1.4539651837524177,-0.38571428571428573,0.0162,17.0,-0.8999766573295986,0.29411764705882354,-2.859687107956845,0.9925,0.0138,
H1,confirmation,5.0,unc_gt10,C2F,ticks,140.0,17.0,-4.412000000000001,6.144893182978516,-4.5120000000000005,0.16428571428571428,0.0,0.28960740491153164,-15.2344170942306,1.0,0.0001,3.0,-4.873111111111111,-3.910496240601504,0.0001,17.0,-4.365174603174603,0.0,-15.433440829485987,1.0,0.0001,
H1,confirmation,5.0,unc_gt10,C4F,ticks,140.0,17.0,-8.411999999999999,6.144893182978516,-8.512,0.05714285714285714,0.0,0.28960740491153164,-29.046218630251083,1.0,0.0001,3.0,-8.873111111111111,-7.910496240601503,0.0001,17.0,-8.365174603174603,0.0,-29.57577622955169,1.0,0.0001,
H1,confirmation,5.0,unc_gt10,CMF,ticks,140.0,17.0,-1.440571428571429,6.13650810782901,-1.512,0.32142857142857145,0.0,0.2877837091367082,-5.0057434901122315,1.0,0.0001,3.0,-1.8939444444444449,-0.9481702127659579,0.0015,17.0,-1.3938860877684411,0.058823529411764705,-4.962278190187443,0.9999,0.0002,
H1,confirmation,15.0,all,C0,ticks,62.0,20.0,0.1774193548387097,8.86977589224416,0.5,0.5,0.03225806451612903,1.1379100099191015,0.15591685923504894,0.4442,0.8832,3.0,-1.5,1.9678427419354843,0.8742,20.0,0.26666666666666655,0.45,0.22981333239818788,0.4167,0.8274,
H1,confirmation,15.0,all,C2,ticks,62.0,20.0,-3.8225806451612905,8.86977589224416,-3.5,0.24193548387096775,0.04838709677419355,1.1379100099191015,-3.3592996035187817,0.998,0.0036,3.0,-5.5,-2.0321572580645157,0.0036,20.0,-3.733333333333333,0.2,-3.217386653574631,0.9978,0.0051,
H1,confirmation,15.0,all,C4,ticks,62.0,20.0,-7.82258064516129,8.869775892244158,-7.5,0.12903225806451613,0.016129032258064516,1.1379100099191015,-6.874516066272611,1.0,0.0001,3.0,-9.5,-6.032157258064515,0.0001,20.0,-7.7333333333333325,0.05,-6.6645866395474505,1.0,0.0001,
H1,confirmation,15.0,all,CM,ticks,62.0,20.0,-0.8629032258064516,8.895647008250679,-0.5,0.4032258064516129,0.0967741935483871,1.1407214762829665,-0.7564539142527729,0.7762,0.4459,3.0,-2.515873015873016,0.9180327868852459,0.4349,20.0,-0.775,0.45,-0.6659859340908363,0.7453,0.515,
H1,confirmation,15.0,all,CQ,ticks,62.0,20.0,-0.8548387096774194,8.85372344417974,-0.5,0.4032258064516129,0.0967741935483871,1.1494354999334977,-0.7437030696606094,0.7719,0.4564,3.0,-2.4604395604395606,0.8852459016393442,0.4284,20.0,-0.7708333333333335,0.45,-0.6558810140112671,0.7441,0.52,
H1,confirmation,15.0,all,C2F,ticks,62.0,20.0,-4.3345806451612905,8.869775892244158,-4.0120000000000005,0.24193548387096775,0.0,1.1379100099191015,-3.809247310751272,0.999,0.0016,3.0,-6.0120000000000005,-2.544157258064516,0.0013,20.0,-4.245333333333334,0.2,-3.658628251779153,0.9987,0.0022,
H1,confirmation,15.0,all,C4F,ticks,62.0,20.0,-8.33458064516129,8.869775892244158,-8.012,0.12903225806451613,0.0,1.1379100099191015,-7.324463773505102,1.0,0.0001,3.0,-10.012000000000002,-6.544157258064516,0.0001,20.0,-8.245333333333331,0.05,-7.105828237751972,1.0,0.0001,
H1,confirmation,15.0,all,CMF,ticks,62.0,20.0,-1.374903225806452,8.895647008250679,-1.012,0.4032258064516129,0.0,1.1407214762829665,-1.2052926629264185,0.8846,0.2325,3.0,-3.0278730158730163,0.40603278688524547,0.2251,20.0,-1.2870000000000001,0.35,-1.105966318935363,0.8641,0.2716,
H1,confirmation,15.0,unc_le10,C0,ticks,9.0,3.0,0.7777777777777778,8.56997342145496,1.0,0.5555555555555556,0.0,2.995881947269503,0.2596156295432994,0.3451,0.6901,2.0,-2.6666666666666665,4.222222222222222,0.67,3.0,0.7777777777777777,0.6666666666666666,0.25961562954329936,0.3751,0.7424,
H1,confirmation,15.0,unc_le10,C2,ticks,9.0,3.0,-3.2222222222222223,8.56997342145496,-3.0,0.3333333333333333,0.1111111111111111,2.995881947269503,-1.0755504652508119,0.827,0.3616,2.0,-6.666666666666667,0.2222222222222222,0.3318,3.0,-3.222222222222222,0.3333333333333333,-1.0755504652508117,0.8787,0.4917,
H1,confirmation,15.0,unc_le10,C4,ticks,9.0,3.0,-7.222222222222222,8.56997342145496,-7.0,0.1111111111111111,0.1111111111111111,2.995881947269503,-2.410716560044923,0.9487,0.1279,2.0,-10.666666666666666,-3.7777777777777777,0.0001,3.0,-7.222222222222222,0.0,-2.410716560044923,1.0,0.248,
H1,confirmation,15.0,unc_le10,CM,ticks,9.0,3.0,-0.2222222222222222,8.56997342145496,0.0,0.4444444444444444,0.1111111111111111,2.995881947269503,-0.0741758941552284,0.5562,0.8881,2.0,-3.6666666666666665,3.2222222222222223,0.67,3.0,-0.22222222222222224,0.6666666666666666,-0.0741758941552284,0.6237,1.0,
H1,confirmation,15.0,unc_le10,CQ,ticks,9.0,3.0,-0.1111111111111111,8.268077836541641,0.0,0.4444444444444444,0.1111111111111111,3.08720977543329,-0.035990787537434725,0.5294,0.9441,2.0,-3.6666666666666665,3.4444444444444446,0.67,3.0,-0.11111111111111122,0.6666666666666666,-0.03599078753743476,0.6237,1.0,
H1,confirmation,15.0,unc_le10,C2F,ticks,9.0,3.0,-3.7342222222222228,8.56997342145496,-3.512,0.3333333333333333,0.0,2.9958819472695026,-1.2464517253844585,0.8207,0.3628,2.0,-7.178666666666667,-0.2897777777777782,0.3318,3.0,-3.7342222222222223,0.3333333333333333,-1.246451725384458,0.8787,0.4917,
H1,confirmation,15.0,unc_le10,C4F,ticks,9.0,3.0,-7.734222222222223,8.56997342145496,-7.5120000000000005,0.1111111111111111,0.0,2.995881947269503,-2.5816178201785696,0.9487,0.1279,2.0,-11.178666666666667,-4.289777777777778,0.0001,3.0,-7.734222222222223,0.0,-2.5816178201785696,1.0,0.248,
H1,confirmation,15.0,unc_le10,CMF,ticks,9.0,3.0,-0.7342222222222224,8.56997342145496,-0.512,0.4444444444444444,0.0,2.995881947269503,-0.24507715428887472,0.6449,0.7169,2.0,-4.178666666666667,2.710222222222222,0.67,3.0,-0.7342222222222224,0.3333333333333333,-0.24507715428887472,0.7528,0.7424,
H1,confirmation,15.0,unc_gt10,C0,ticks,53.0,17.0,0.07547169811320754,8.99540279297361,0.0,0.49056603773584906,0.03773584905660377,1.264632223060576,0.05967877200737154,0.4799,0.9575,3.0,-1.882579185520362,2.170137880986939,0.9552,17.0,0.17647058823529413,0.4117647058823529,0.13616292269067146,0.453,0.9073,
H1,confirmation,15.0,unc_gt10,C2,ticks,53.0,17.0,-3.9245283018867925,8.99540279297361,-4.0,0.22641509433962265,0.03773584905660377,1.264632223060576,-3.1032961443833202,0.9954,0.0091,3.0,-5.882579185520362,-1.8298621190130613,0.013,17.0,-3.823529411764706,0.17647058823529413,-2.950196658297881,0.9944,0.0126,
H1,confirmation,15.0,unc_gt10,C4,ticks,53.0,17.0,-7.9245283018867925,8.99540279297361,-8.0,0.1320754716981132,0.0,1.264632223060576,-6.266271060774012,1.0,0.0002,3.0,-9.882579185520362,-5.829862119013061,0.0001,17.0,-7.823529411764706,0.058823529411764705,-6.036556239286433,1.0,0.0002,
H1,confirmation,15.0,unc_gt10,CM,ticks,53.0,17.0,-0.9716981132075472,9.024760328343064,-1.0,0.39622641509433965,0.09433962264150944,1.2678587128113115,-0.7664088304073987,0.765,0.4639,3.0,-2.905835080363382,1.0945210449927438,0.4524,17.0,-0.872549019607843,0.4117647058823529,-0.6712102353714778,0.7336,0.5319,
H1,confirmation,15.0,unc_gt10,CQ,ticks,53.0,17.0,-0.9811320754716981,9.01812398629674,-1.0,0.39622641509433965,0.09433962264150944,1.2734999520137522,-0.7704217608491147,0.766,0.4637,3.0,-2.830188679245283,1.0196078431372548,0.432,17.0,-0.8872549019607844,0.4117647058823529,-0.6777493375926844,0.7351,0.5283,
H1,confirmation,15.0,unc_gt10,C2F,ticks,53.0,17.0,-4.436528301886793,8.99540279297361,-4.5120000000000005,0.22641509433962265,0.0,1.264632223060576,-3.508156933681329,0.9978,0.0043,3.0,-6.394579185520363,-2.3418621190130615,0.0069,17.0,-4.335529411764706,0.17647058823529413,-3.345250684664416,0.9973,0.0061,
H1,confirmation,15.0,unc_gt10,C4F,ticks,53.0,17.0,-8.436528301886792,8.99540279297361,-8.512,0.1320754716981132,0.0,1.264632223060576,-6.67113185007202,1.0,0.0002,3.0,-10.394579185520362,-6.3418621190130615,0.0001,17.0,-8.335529411764707,0.058823529411764705,-6.431610265652969,1.0,0.0002,
H1,confirmation,15.0,unc_gt10,CMF,ticks,53.0,17.0,-1.4836981132075475,9.024760328343064,-1.512,0.39622641509433965,0.0,1.2678587128113115,-1.1702393162702178,0.8677,0.2626,3.0,-3.4178350803633823,0.5825210449927433,0.2571,17.0,-1.3845490196078434,0.35294117647058826,-1.0650673514618159,0.842,0.3095,
H1,warsh,1.0,all,C0,ticks,59.0,3.0,0.06779661016949153,2.638340693142521,0.0,0.4576271186440678,0.13559322033898305,0.460596798817051,0.14719296865200387,0.3885,0.7709,2.0,-0.43548387096774194,0.625,0.67,3.0,0.1117753623188406,0.6666666666666666,0.2655546316523775,0.3751,0.7424,
H1,warsh,1.0,all,C2,ticks,59.0,3.0,-3.9322033898305087,2.638340693142521,-4.0,0.05084745762711865,0.03389830508474576,0.460596798817051,-8.537192181816225,0.956,0.0916,2.0,-4.435483870967742,-3.375,0.0001,3.0,-3.88822463768116,0.0,-9.237599771726059,1.0,0.248,
H1,warsh,1.0,all,C4,ticks,59.0,3.0,-7.932203389830509,2.638340693142521,-8.0,0.0,0.0,0.460596798817051,-17.221577332284454,0.9798,0.037,2.0,-8.435483870967742,-7.375,0.0001,3.0,-7.88822463768116,0.0,-18.74075417510449,1.0,0.248,
H1,warsh,1.0,all,CM,ticks,59.0,3.0,-0.9661016949152542,2.635736510920065,-1.0,0.3220338983050847,0.13559322033898305,0.47532596873868665,-2.03250349960655,0.9381,0.1254,2.0,-1.4838709677419355,-0.39285714285714285,0.1074,3.0,-0.9182971014492755,0.0,-2.1156397525253796,1.0,0.248,
H1,warsh,1.0,all,CQ,ticks,59.0,3.0,-0.9322033898305084,2.4834931376623324,-1.0,0.288135593220339,0.13559322033898305,0.44949001050864007,-2.073913475353174,0.9397,0.1254,2.0,-1.4193548387096775,-0.39285714285714285,0.2239,3.0,-0.8840579710144928,0.0,-2.1547406516767764,1.0,0.248,
H1,warsh,1.0,all,C2F,ticks,59.0,3.0,-4.444203389830509,2.6383406931425215,-4.5120000000000005,0.05084745762711865,0.0,0.460596798817051,-9.64879348107616,0.9773,0.0533,2.0,-4.9474838709677424,-3.8870000000000005,0.0001,3.0,-4.40022463768116,0.0,-10.454003535358499,1.0,0.248,
H1,warsh,1.0,all,C4F,ticks,59.0,3.0,-8.444203389830509,2.638340693142521,-8.512,0.0,0.0,0.460596798817051,-18.33317863154439,0.9843,0.0288,2.0,-8.947483870967742,-7.8870000000000005,0.0001,3.0,-8.400224637681161,0.0,-19.957157938736938,1.0,0.248,
H1,warsh,1.0,all,CMF,ticks,59.0,3.0,-1.4781016949152548,2.635736510920065,-1.512,0.3050847457627119,0.0,0.47532596873868654,-3.1096590384857565,0.9477,0.0996,2.0,-1.995870967741936,-0.904857142857143,0.1074,3.0,-1.4302971014492754,0.0,-3.2952226474114186,1.0,0.248,
H1,warsh,1.0,unc_le10,C0,ticks,16.0,1.0,0.1875,,,0.3125,,,,,,,,,,,,,,,,
H1,warsh,1.0,unc_le10,C2,ticks,16.0,1.0,-3.8125,,,0.0625,,,,,,,,,,,,,,,,
H1,warsh,1.0,unc_le10,C4,ticks,16.0,1.0,-7.8125,,,0.0,,,,,,,,,,,,,,,,
H1,warsh,1.0,unc_le10,CM,ticks,16.0,1.0,-0.8125,,,0.25,,,,,,,,,,,,,,,,
H1,warsh,1.0,unc_le10,CQ,ticks,16.0,1.0,-0.75,,,0.25,,,,,,,,,,,,,,,,
H1,warsh,1.0,unc_le10,C2F,ticks,16.0,1.0,-4.3245000000000005,,,0.0625,,,,,,,,,,,,,,,,
H1,warsh,1.0,unc_le10,C4F,ticks,16.0,1.0,-8.3245,,,0.0,,,,,,,,,,,,,,,,
H1,warsh,1.0,unc_le10,CMF,ticks,16.0,1.0,-1.3245,,,0.25,,,,,,,,,,,,,,,,
H1,warsh,1.0,unc_gt10,C0,ticks,43.0,2.0,0.023255813953488372,,,0.5116279069767442,,,,,,,,,,,,,,,,
H1,warsh,1.0,unc_gt10,C2,ticks,43.0,2.0,-3.9767441860465116,,,0.046511627906976744,,,,,,,,,,,,,,,,
H1,warsh,1.0,unc_gt10,C4,ticks,43.0,2.0,-7.976744186046512,,,0.0,,,,,,,,,,,,,,,,
H1,warsh,1.0,unc_gt10,CM,ticks,43.0,2.0,-1.0232558139534884,,,0.3488372093023256,,,,,,,,,,,,,,,,
H1,warsh,1.0,unc_gt10,CQ,ticks,43.0,2.0,-1.0,,,0.3023255813953488,,,,,,,,,,,,,,,,
H1,warsh,1.0,unc_gt10,C2F,ticks,43.0,2.0,-4.488744186046512,,,0.046511627906976744,,,,,,,,,,,,,,,,
H1,warsh,1.0,unc_gt10,C4F,ticks,43.0,2.0,-8.488744186046512,,,0.0,,,,,,,,,,,,,,,,
H1,warsh,1.0,unc_gt10,CMF,ticks,43.0,2.0,-1.5352558139534889,,,0.32558139534883723,,,,,,,,,,,,,,,,
H1,warsh,5.0,all,C0,ticks,19.0,3.0,0.47368421052631576,5.113907193489703,1.0,0.5263157894736842,0.10526315789473684,1.6208679172911735,0.2922410922402278,0.3363,0.6686,2.0,-1.368421052631579,2.3157894736842106,0.67,3.0,0.5428571428571429,0.6666666666666666,0.3667206610128603,0.3751,0.7424,
H1,warsh,5.0,all,C2,ticks,19.0,3.0,-3.526315789473684,5.113907193489703,-3.0,0.21052631578947367,0.10526315789473684,1.6208679172911735,-2.1755725755661404,0.9432,0.1254,2.0,-5.368421052631579,-1.6842105263157894,0.2239,3.0,-3.457142857142857,0.0,-2.3354315780292683,1.0,0.248,
H1,warsh,5.0,all,C4,ticks,19.0,3.0,-7.526315789473684,5.113907193489703,-7.0,0.05263157894736842,0.0,1.6208679172911735,-4.643386243372508,0.9482,0.1184,2.0,-9.368421052631579,-5.684210526315789,0.0001,3.0,-7.457142857142858,0.0,-5.037583817071395,1.0,0.248,
H1,warsh,5.0,all,CM,ticks,19.0,3.0,-0.5789473684210527,5.180795621799204,0.0,0.42105263157894735,0.10526315789473684,1.6694502834905225,-0.34678922406157375,0.5958,0.8034,2.0,-2.473684210526316,1.3157894736842106,0.5602,3.0,-0.5047619047619047,0.6666666666666666,-0.3308044892581815,0.6237,1.0,
H1,warsh,5.0,all,CQ,ticks,19.0,3.0,-0.47368421052631576,5.026246899500346,-1.0,0.42105263157894735,0.05263157894736842,1.543179956589458,-0.30695331967192796,0.5901,0.833,2.0,-2.210526315789474,1.263157894736842,0.5602,3.0,-0.3904761904761904,0.6666666666666666,-0.2755403722243472,0.6237,1.0,
H1,warsh,5.0,all,C2F,ticks,19.0,3.0,-4.0383157894736845,5.113907193489704,-3.512,0.21052631578947367,0.0,1.620867917291174,-2.491452725045355,0.9391,0.1254,2.0,-5.880421052631579,-2.19621052631579,0.1074,3.0,-3.9691428571428573,0.0,-2.6813070646266604,1.0,0.248,
H1,warsh,5.0,all,C4F,ticks,19.0,3.0,-8.038315789473685,5.113907193489703,-7.5120000000000005,0.05263157894736842,0.0,1.6208679172911735,-4.959266392851725,0.9526,0.1004,2.0,-9.88042105263158,-6.19621052631579,0.0001,3.0,-7.969142857142859,0.0,-5.383459303668788,1.0,0.248,
H1,warsh,5.0,all,CMF,ticks,19.0,3.0,-1.090947368421053,5.180795621799204,-0.512,0.42105263157894735,0.0,1.669450283490522,-0.6534770033043914,0.6793,0.659,2.0,-2.9856842105263164,0.80378947368421,0.4481,3.0,-1.016761904761905,0.3333333333333333,-0.6663525900604428,0.7528,0.7424,
H1,warsh,5.0,unc_le10,C0,ticks,5.0,1.0,1.2,,,0.4,,,,,,,,,,,,,,,,
H1,warsh,5.0,unc_le10,C2,ticks,5.0,1.0,-2.8,,,0.2,,,,,,,,,,,,,,,,
H1,warsh,5.0,unc_le10,C4,ticks,5.0,1.0,-6.8,,,0.2,,,,,,,,,,,,,,,,
H1,warsh,5.0,unc_le10,CM,ticks,5.0,1.0,0.2,,,0.4,,,,,,,,,,,,,,,,
H1,warsh,5.0,unc_le10,CQ,ticks,5.0,1.0,0.4,,,0.4,,,,,,,,,,,,,,,,
H1,warsh,5.0,unc_le10,C2F,ticks,5.0,1.0,-3.3120000000000003,,,0.2,,,,,,,,,,,,,,,,
H1,warsh,5.0,unc_le10,C4F,ticks,5.0,1.0,-7.312,,,0.2,,,,,,,,,,,,,,,,
H1,warsh,5.0,unc_le10,CMF,ticks,5.0,1.0,-0.3120000000000003,,,0.4,,,,,,,,,,,,,,,,
H1,warsh,5.0,unc_gt10,C0,ticks,14.0,2.0,0.21428571428571427,,,0.5714285714285714,,,,,,,,,,,,,,,,
H1,warsh,5.0,unc_gt10,C2,ticks,14.0,2.0,-3.7857142857142856,,,0.21428571428571427,,,,,,,,,,,,,,,,
H1,warsh,5.0,unc_gt10,C4,ticks,14.0,2.0,-7.785714285714286,,,0.0,,,,,,,,,,,,,,,,
H1,warsh,5.0,unc_gt10,CM,ticks,14.0,2.0,-0.8571428571428571,,,0.42857142857142855,,,,,,,,,,,,,,,,
H1,warsh,5.0,unc_gt10,CQ,ticks,14.0,2.0,-0.7857142857142857,,,0.42857142857142855,,,,,,,,,,,,,,,,
H1,warsh,5.0,unc_gt10,C2F,ticks,14.0,2.0,-4.297714285714286,,,0.21428571428571427,,,,,,,,,,,,,,,,
H1,warsh,5.0,unc_gt10,C4F,ticks,14.0,2.0,-8.297714285714287,,,0.0,,,,,,,,,,,,,,,,
H1,warsh,5.0,unc_gt10,CMF,ticks,14.0,2.0,-1.3691428571428577,,,0.42857142857142855,,,,,,,,,,,,,,,,
H1,warsh,15.0,all,C0,ticks,8.0,3.0,-0.5,10.198039027185569,0.5,0.5,0.125,5.537866805007141,-0.0902874730659679,0.532,0.9467,2.0,-5.875,6.0,0.4481,3.0,0.3888888888888887,0.6666666666666666,0.07128398278287769,0.5036,1.0,
H1,warsh,15.0,all,C2,ticks,8.0,3.0,-4.5,10.198039027185569,-3.5,0.375,0.0,5.537866805007141,-0.8125872575937112,0.6622,0.8352,2.0,-9.875,2.0,0.4481,3.0,-3.611111111111111,0.3333333333333333,-0.6619226972695789,0.7485,1.0,
H1,warsh,15.0,all,C4,ticks,8.0,3.0,-8.5,10.198039027185569,-7.5,0.25,0.0,5.537866805007141,-1.5348870421214544,0.8956,0.2225,2.0,-13.875,-2.0,0.2239,3.0,-7.611111111111111,0.0,-1.3951293773220355,1.0,0.248,
H1,warsh,15.0,all,CM,ticks,8.0,3.0,-1.5,10.198039027185569,-0.5,0.375,0.125,5.537866805007141,-0.2708624191979037,0.5663,0.8814,2.0,-6.875,5.0,0.4481,3.0,-0.6111111111111113,0.6666666666666666,-0.11201768723023646,0.6237,1.0,
H1,warsh,15.0,all,CQ,ticks,8.0,3.0,-1.375,10.336309095334064,-0.5,0.5,0.0,5.615291100256958,-0.24486709156308556,0.5628,0.8814,2.0,-6.75,5.285714285714286,0.4481,3.0,-0.44444444444444464,0.6666666666666666,-0.07985638763726233,0.6237,1.0,
H1,warsh,15.0,all,C2F,ticks,8.0,3.0,-5.0120000000000005,10.198039027185569,-4.0120000000000005,0.375,0.0,5.537866805007141,-0.9050416300132624,0.6869,0.64,2.0,-10.387,1.4879999999999995,0.4481,3.0,-4.123111111111112,0.3333333333333333,-0.7557731523162935,0.7485,0.7493,
H1,warsh,15.0,all,C4F,ticks,8.0,3.0,-9.012,10.198039027185569,-8.012,0.25,0.0,5.537866805007141,-1.6273414145410057,0.9252,0.1566,2.0,-14.387,-2.5120000000000005,0.2239,3.0,-8.123111111111111,0.0,-1.48897983236875,1.0,0.248,
H1,warsh,15.0,all,CMF,ticks,8.0,3.0,-2.0120000000000005,10.198039027185569,-1.012,0.375,0.0,5.537866805007141,-0.36331679161745495,0.5628,0.8896,2.0,-7.3870000000000005,4.4879999999999995,0.4481,3.0,-1.1231111111111118,0.6666666666666666,-0.20586814227695102,0.6237,1.0,
H1,warsh,15.0,unc_le10,C0,ticks,2.0,1.0,7.5,,,1.0,,,,,,,,,,,,,,,,
H1,warsh,15.0,unc_le10,C2,ticks,2.0,1.0,3.5,,,1.0,,,,,,,,,,,,,,,,
H1,warsh,15.0,unc_le10,C4,ticks,2.0,1.0,-0.5,,,0.5,,,,,,,,,,,,,,,,
H1,warsh,15.0,unc_le10,CM,ticks,2.0,1.0,6.5,,,1.0,,,,,,,,,,,,,,,,
H1,warsh,15.0,unc_le10,CQ,ticks,2.0,1.0,7.0,,,1.0,,,,,,,,,,,,,,,,
H1,warsh,15.0,unc_le10,C2F,ticks,2.0,1.0,2.9879999999999995,,,1.0,,,,,,,,,,,,,,,,
H1,warsh,15.0,unc_le10,C4F,ticks,2.0,1.0,-1.012,,,0.5,,,,,,,,,,,,,,,,
H1,warsh,15.0,unc_le10,CMF,ticks,2.0,1.0,5.9879999999999995,,,1.0,,,,,,,,,,,,,,,,
H1,warsh,15.0,unc_gt10,C0,ticks,6.0,2.0,-3.1666666666666665,,,0.3333333333333333,,,,,,,,,,,,,,,,
H1,warsh,15.0,unc_gt10,C2,ticks,6.0,2.0,-7.166666666666667,,,0.16666666666666666,,,,,,,,,,,,,,,,
H1,warsh,15.0,unc_gt10,C4,ticks,6.0,2.0,-11.166666666666666,,,0.16666666666666666,,,,,,,,,,,,,,,,
H1,warsh,15.0,unc_gt10,CM,ticks,6.0,2.0,-4.166666666666667,,,0.16666666666666666,,,,,,,,,,,,,,,,
H1,warsh,15.0,unc_gt10,CQ,ticks,6.0,2.0,-4.166666666666667,,,0.3333333333333333,,,,,,,,,,,,,,,,
H1,warsh,15.0,unc_gt10,C2F,ticks,6.0,2.0,-7.678666666666667,,,0.16666666666666666,,,,,,,,,,,,,,,,
H1,warsh,15.0,unc_gt10,C4F,ticks,6.0,2.0,-11.678666666666667,,,0.16666666666666666,,,,,,,,,,,,,,,,
H1,warsh,15.0,unc_gt10,CMF,ticks,6.0,2.0,-4.678666666666667,,,0.16666666666666666,,,,,,,,,,,,,,,,
lexH1raw,2016-2022,1.0,all,C0,usd,685.0,31.0,-0.18248175182481752,19.948544431504384,0.0,0.310948905109489,0.3781021897810219,0.7122254763093759,-0.25621345752809216,0.5952,0.8096,3.0,-1.4962971074084668,0.9219797888991254,0.8224,31.0,-0.1441826438077915,0.4838709677419355,-0.20211526888988018,0.5779,0.8479,
lexH1raw,2016-2022,1.0,all,C2,usd,685.0,31.0,-35.62956204379562,22.648954177978275,-31.25,0.032116788321167884,0.013138686131386862,2.117919643145554,-16.82290551443126,1.0,0.0001,3.0,-41.09480920521884,-31.051386658519508,0.0038,31.0,-35.42644070832392,0.0,-17.23736845259557,1.0,0.0001,
lexH1raw,2016-2022,1.0,all,C4,usd,685.0,31.0,-71.07664233576642,29.247638809889608,-62.5,0.01167883211678832,0.0,4.044804551883382,-17.572330485701965,1.0,0.0001,3.0,-81.71256164278009,-62.335426785572096,0.0266,31.0,-70.70869877284004,0.0,-18.103382368469823,1.0,0.0001,
lexH1raw,2016-2022,1.0,all,CM,usd,685.0,31.0,-9.346487226277372,20.26302048084281,-7.8125,0.13284671532846715,0.16642335766423358,0.9037802417477291,-10.341548525339684,1.0,0.0001,3.0,-11.380414863629555,-7.552728677012914,0.0004,31.0,-9.245532427831494,0.03225806451612903,-10.29228961031807,1.0,0.0001,
lexH1raw,2016-2022,1.0,all,CQ,usd,685.0,31.0,-9.477645985401459,20.411194298309333,-7.8125,0.13138686131386862,0.14014598540145987,0.9662903923222844,-9.808279230246557,1.0,0.0001,3.0,-11.641657545542044,-7.537047775915169,0.0012,31.0,-9.3494228035922,0.03225806451612903,-9.694925964432096,1.0,0.0001,
lexH1raw,2016-2022,1.0,all,C2F,usd,685.0,31.0,-39.62956204379562,22.648954177978275,-35.25,0.032116788321167884,0.0,2.117919643145554,-18.711551296128228,1.0,0.0001,3.0,-45.09480920521884,-35.051386658519505,0.0022,31.0,-39.42644070832392,0.0,-19.183640006604143,1.0,0.0001,
lexH1raw,2016-2022,1.0,all,C4F,usd,685.0,31.0,-75.07664233576642,29.247638809889608,-66.5,0.01167883211678832,0.0,4.044804551883382,-18.561253423433897,1.0,0.0001,3.0,-85.71256164278009,-66.33542678557211,0.0251,31.0,-74.70869877284005,0.0,-19.127492990368214,1.0,0.0001,
lexH1raw,2016-2022,1.0,all,CMF,usd,685.0,31.0,-13.346487226277372,20.26302048084281,-11.8125,0.12846715328467154,0.0,0.9037802417477291,-14.767403191364254,1.0,0.0001,3.0,-15.380414863629555,-11.552728677012913,0.0001,31.0,-13.245532427831494,0.0,-14.745160092643376,1.0,0.0001,
lexH1raw,2016-2022,1.0,unc_le10,C0,usd,666.0,30.0,-0.19941816816816818,20.224573981992005,0.0,0.31681681681681684,0.36486486486486486,0.7327119739359793,-0.2721644728923078,0.5926,0.8024,3.0,-1.5461790486189704,0.9550386200612414,0.8076,30.0,-0.16269487228559504,0.4666666666666667,-0.22066041883462428,0.577,0.8352,
lexH1raw,2016-2022,1.0,unc_le10,C2,usd,666.0,30.0,-35.76623498498498,22.94965324374712,-31.25,0.03303303303303303,0.013513513513513514,2.174709485577543,-16.44644271898527,1.0,0.0001,3.0,-41.47813485768775,-31.042415415605408,0.0046,30.0,-35.57936153895227,0.0,-16.790563845839845,1.0,0.0001,
lexH1raw,2016-2022,1.0,unc_le10,C4,usd,666.0,30.0,-71.3330518018018,29.617911514595527,-62.5,0.012012012012012012,0.0,4.153635668196008,-17.173641960943318,1.0,0.0001,3.0,-82.32838761540282,-62.34253710368127,0.0285,30.0,-70.99602820561894,0.0,-17.628583306409404,1.0,0.0001,
lexH1raw,2016-2022,1.0,unc_le10,CM,usd,666.0,30.0,-9.401980105105105,20.541164434717327,-7.8125,0.13663663663663664,0.16816816816816818,0.9281456946714142,-10.129853706247737,1.0,0.0001,3.0,-11.51015632945858,-7.527100580743515,0.0002,30.0,-9.307006315776755,0.03333333333333333,-10.0444824083169,1.0,0.0001,
lexH1raw,2016-2022,1.0,unc_le10,CQ,usd,666.0,30.0,-9.53688063063063,20.695568369405127,-7.8125,0.13513513513513514,0.14264264264264265,0.9923231933784223,-9.610659807478411,1.0,0.0001,3.0,-11.765969742744666,-7.511037902271442,0.0009,30.0,-9.414359704062814,0.03333333333333333,-9.463580240972256,1.0,0.0001,
lexH1raw,2016-2022,1.0,unc_le10,C2F,usd,666.0,30.0,-39.76623498498498,22.94965324374712,-35.25,0.03303303303303303,0.0,2.174709485577543,-18.285768857270682,1.0,0.0001,3.0,-45.47813485768775,-35.042415415605404,0.0026,30.0,-39.57936153895226,0.0,-18.678238398679415,1.0,0.0001,
lexH1raw,2016-2022,1.0,unc_le10,C4F,usd,666.0,30.0,-75.3330518018018,29.617911514595527,-66.5,0.012012012012012012,0.0,4.153635668196008,-18.136653722092138,1.0,0.0001,3.0,-86.32838761540282,-66.34253710368128,0.0279,30.0,-74.99602820561894,0.0,-18.62179849052384,1.0,0.0001,
lexH1raw,2016-2022,1.0,unc_le10,CMF,usd,666.0,30.0,-13.401980105105105,20.541164434717327,-11.8125,0.13213213213213212,0.0,0.9281456946714142,-14.43952192209406,1.0,0.0001,3.0,-15.51015632945858,-11.527100580743516,0.0001,30.0,-13.307006315776755,0.0,-14.361437642908292,1.0,0.0001,
lexH1raw,2016-2022,1.0,unc_gt10,C0,usd,19.0,1.0,0.41118421052631576,,,0.10526315789473684,,,,,,,,,,,,,,,,
lexH1raw,2016-2022,1.0,unc_gt10,C2,usd,19.0,1.0,-30.838815789473685,,,0.0,,,,,,,,,,,,,,,,
lexH1raw,2016-2022,1.0,unc_gt10,C4,usd,19.0,1.0,-62.088815789473685,,,0.0,,,,,,,,,,,,,,,,
lexH1raw,2016-2022,1.0,unc_gt10,CM,usd,19.0,1.0,-7.401315789473684,,,0.0,,,,,,,,,,,,,,,,
lexH1raw,2016-2022,1.0,unc_gt10,CQ,usd,19.0,1.0,-7.401315789473684,,,0.0,,,,,,,,,,,,,,,,
lexH1raw,2016-2022,1.0,unc_gt10,C2F,usd,19.0,1.0,-34.838815789473685,,,0.0,,,,,,,,,,,,,,,,
lexH1raw,2016-2022,1.0,unc_gt10,C4F,usd,19.0,1.0,-66.08881578947368,,,0.0,,,,,,,,,,,,,,,,
lexH1raw,2016-2022,1.0,unc_gt10,CMF,usd,19.0,1.0,-11.401315789473685,,,0.0,,,,,,,,,,,,,,,,
lexH1raw,2016-2022,5.0,all,C0,usd,249.0,31.0,-0.25100401606425704,45.49414958450507,0.0,0.36947791164658633,0.24096385542168675,4.542563970937707,-0.055256022297126416,0.521,0.9645,3.0,-6.875373505976095,6.243609170287709,0.9525,31.0,0.400325620839734,0.3548387096774194,0.08122315964056985,0.4788,0.9543,
lexH1raw,2016-2022,5.0,all,C2,usd,249.0,31.0,-35.39156626506024,46.75941335501406,-31.25,0.09236947791164658,0.020080321285140562,4.915383883103215,-7.200163223613084,1.0,0.0001,3.0,-44.116005777310924,-27.087175546448087,0.0001,31.0,-34.8819324436764,0.06451612903225806,-6.526852339697078,1.0,0.0001,
lexH1raw,2016-2022,5.0,all,C4,usd,249.0,31.0,-70.53212851405623,50.168849255514424,-62.5,0.04417670682730924,0.020080321285140562,5.88636295699135,-11.982293485705602,1.0,0.0001,3.0,-83.17473399696345,-59.36175979853022,0.0001,31.0,-70.16419050819253,0.03225806451612903,-11.073323506941545,1.0,0.0001,
lexH1raw,2016-2022,5.0,all,CM,usd,249.0,31.0,-9.349899598393574,45.88096041902059,-7.8125,0.20883534136546184,0.15261044176706828,4.607085263691182,-2.0294609418412333,0.9777,0.0476,3.0,-16.366932271920625,-2.5200584265964445,0.0748,31.0,-8.731308803763442,0.16129032258064516,-1.7439249238216858,0.9583,0.0882,
lexH1raw,2016-2022,5.0,all,CQ,usd,249.0,31.0,-8.6910140562249,45.7453004863174,-7.8125,0.22088353413654618,0.14056224899598393,4.540049374084498,-1.914299458026807,0.9687,0.0634,3.0,-15.811827689243028,-1.8190512048192744,0.0875,31.0,-8.077216941884283,0.16129032258064516,-1.634678037395618,0.945,0.1127,
lexH1raw,2016-2022,5.0,all,C2F,usd,249.0,31.0,-39.39156626506024,46.75941335501406,-35.25,0.09236947791164658,0.0,4.915383883103215,-8.013934862843566,1.0,0.0001,3.0,-48.116005777310924,-31.087175546448087,0.0001,31.0,-38.88193244367639,0.03225806451612903,-7.275303114347929,1.0,0.0001,
lexH1raw,2016-2022,5.0,all,C4F,usd,249.0,31.0,-74.53212851405623,50.168849255514424,-66.5,0.04417670682730924,0.0,5.88636295699135,-12.661830243670742,1.0,0.0001,3.0,-87.17473399696345,-63.36175979853022,0.0001,31.0,-74.16419050819253,0.03225806451612903,-11.704604131815204,1.0,0.0001,
lexH1raw,2016-2022,5.0,all,CMF,usd,249.0,31.0,-13.349899598393574,45.88096041902059,-11.8125,0.20481927710843373,0.0,4.607085263691182,-2.897688849738734,0.9978,0.0049,3.0,-20.366932271920625,-6.520058426596445,0.0192,31.0,-12.73130880376344,0.16129032258064516,-2.5428543686581824,0.9945,0.0135,
lexH1raw,2016-2022,5.0,unc_le10,C0,usd,241.0,30.0,-0.29175311203319504,46.23770308160593,0.0,0.37344398340248963,0.22821576763485477,4.6955748251893095,-0.062133630683104395,0.5146,0.9576,3.0,-7.169759411050395,6.572251654148785,0.9474,30.0,0.38111772486772466,0.3333333333333333,0.07479061273610675,0.472,0.9547,
lexH1raw,2016-2022,5.0,unc_le10,C2,usd,241.0,30.0,-35.56146265560166,47.51516444025019,-31.25,0.0954356846473029,0.02074688796680498,5.077736042375226,-7.00340907026884,1.0,0.0001,3.0,-44.59314932020628,-26.789321654087733,0.0002,30.0,-35.03554894179894,0.06666666666666667,-6.343220514217295,1.0,0.0001,
lexH1raw,2016-2022,5.0,unc_le10,C4,usd,241.0,30.0,-70.83117219917013,50.9635593632272,-62.5,0.04564315352697095,0.02074688796680498,6.076650720762568,-11.656284926358483,1.0,0.0001,3.0,-83.96925272444214,-58.934128630705395,0.0001,30.0,-70.45221560846561,0.03333333333333333,-10.765257539376533,1.0,0.0001,
lexH1raw,2016-2022,5.0,unc_le10,CM,usd,241.0,30.0,-9.433350622406639,46.62920189848946,-7.8125,0.2157676348547718,0.14937759336099585,4.761499050050381,-1.981172425584507,0.9714,0.0513,3.0,-16.672716293964395,-2.2742563622159833,0.0807,30.0,-8.794487847222221,0.16666666666666666,-1.6990717611111765,0.9486,0.0961,
lexH1raw,2016-2022,5.0,unc_le10,CQ,usd,241.0,30.0,-8.752593360995851,46.49780523512863,-7.8125,0.22821576763485477,0.14107883817427386,4.692643971790374,-1.86517311213288,0.9628,0.0677,3.0,-16.111868113427942,-1.5172083682044841,0.0987,30.0,-8.118592923280422,0.16666666666666666,-1.589222206267003,0.9351,0.1238,
lexH1raw,2016-2022,5.0,unc_le10,C2F,usd,241.0,30.0,-39.56146265560166,47.51516444025019,-35.25,0.0954356846473029,0.0,5.077736042375226,-7.791161715664112,1.0,0.0001,3.0,-48.59314932020628,-30.789321654087733,0.0001,30.0,-39.03554894179894,0.03333333333333333,-7.06742443917987,1.0,0.0001,
lexH1raw,2016-2022,5.0,unc_le10,C4F,usd,241.0,30.0,-74.83117219917013,50.9635593632272,-66.5,0.04564315352697095,0.0,6.076650720762568,-12.314542276305039,1.0,0.0001,3.0,-87.96925272444214,-62.934128630705395,0.0001,30.0,-74.45221560846562,0.03333333333333333,-11.376466566454058,1.0,0.0001,
lexH1raw,2016-2022,5.0,unc_le10,CMF,usd,241.0,30.0,-13.433350622406639,46.62920189848946,-11.8125,0.21161825726141079,0.0,4.761499050050381,-2.8212439992536598,0.9956,0.0076,3.0,-20.672716293964395,-6.274256362215983,0.023,30.0,-12.794487847222221,0.16666666666666666,-2.4718611676701205,0.9909,0.0159,
lexH1raw,2016-2022,5.0,unc_gt10,C0,usd,8.0,1.0,0.9765625,,,0.25,,,,,,,,,,,,,,,,
lexH1raw,2016-2022,5.0,unc_gt10,C2,usd,8.0,1.0,-30.2734375,,,0.0,,,,,,,,,,,,,,,,
lexH1raw,2016-2022,5.0,unc_gt10,C4,usd,8.0,1.0,-61.5234375,,,0.0,,,,,,,,,,,,,,,,
lexH1raw,2016-2022,5.0,unc_gt10,CM,usd,8.0,1.0,-6.8359375,,,0.0,,,,,,,,,,,,,,,,
lexH1raw,2016-2022,5.0,unc_gt10,CQ,usd,8.0,1.0,-6.8359375,,,0.0,,,,,,,,,,,,,,,,
lexH1raw,2016-2022,5.0,unc_gt10,C2F,usd,8.0,1.0,-34.2734375,,,0.0,,,,,,,,,,,,,,,,
lexH1raw,2016-2022,5.0,unc_gt10,C4F,usd,8.0,1.0,-65.5234375,,,0.0,,,,,,,,,,,,,,,,
lexH1raw,2016-2022,5.0,unc_gt10,CMF,usd,8.0,1.0,-10.8359375,,,0.0,,,,,,,,,,,,,,,,
lexH1raw,2016-2022,15.0,all,C0,usd,100.0,31.0,0.859375,90.13505420625496,0.0,0.36,0.2,9.622460314962117,0.08930927973418026,0.4713,0.9335,3.0,-13.257575757575758,16.263412581527458,0.9283,31.0,2.562163978494623,0.3870967741935484,0.2544726448611226,0.4061,0.8074,
lexH1raw,2016-2022,15.0,all,C2,usd,100.0,31.0,-34.453125,91.06188639579948,-31.25,0.15,0.02,9.893702835352942,-3.4823286663603277,0.9989,0.0023,3.0,-50.30389030612245,-17.57619121287128,0.0146,31.0,-32.72009408602151,0.0967741935483871,-3.160073955486401,0.9982,0.0044,
lexH1raw,2016-2022,15.0,all,C4,usd,100.0,31.0,-69.765625,93.18441954536684,-66.40625,0.11,0.0,10.522343801431354,-6.630236220803751,1.0,0.0001,3.0,-88.54166666666667,-50.78125,0.0002,31.0,-68.00235215053762,0.0967741935483871,-6.198418736392986,1.0,0.0001,
lexH1raw,2016-2022,15.0,all,CM,usd,100.0,31.0,-8.3984375,90.35161103235453,-7.8125,0.27,0.09,9.669154178166716,-0.868580368587354,0.8006,0.4027,3.0,-22.892728365384613,7.294847389713463,0.3848,31.0,-6.688928091397851,0.2903225806451613,-0.6609695878052955,0.7399,0.5241,
lexH1raw,2016-2022,15.0,all,CQ,usd,100.0,31.0,-9.21875,90.19990753392594,-7.8125,0.24,0.13,9.653477757393965,-0.9549667209766977,0.8249,0.3538,3.0,-23.973651960784313,6.719832920792083,0.3497,31.0,-7.602486559139786,0.2903225806451613,-0.7504816115328986,0.7682,0.4703,
lexH1raw,2016-2022,15.0,all,C2F,usd,100.0,31.0,-38.453125,91.06188639579948,-35.25,0.15,0.0,9.893702835352942,-3.886626234881073,0.9996,0.0011,3.0,-54.30389030612245,-21.57619121287128,0.0083,31.0,-36.72009408602152,0.0967741935483871,-3.546389954111409,0.999,0.002,
lexH1raw,2016-2022,15.0,all,C4F,usd,100.0,31.0,-73.765625,93.18441954536684,-70.40625,0.11,0.0,10.522343801431354,-7.010379663698658,1.0,0.0001,3.0,-92.54166666666667,-54.78125,0.0001,31.0,-72.00235215053762,0.0967741935483871,-6.56301899155307,1.0,0.0001,
lexH1raw,2016-2022,15.0,all,CMF,usd,100.0,31.0,-12.3984375,90.35161103235453,-11.8125,0.27,0.0,9.669154178166716,-1.2822670185564007,0.8949,0.2162,3.0,-26.892728365384613,3.294847389713463,0.2117,31.0,-10.688928091397852,0.1935483870967742,-1.0562314765705947,0.8509,0.306,
lexH1raw,2016-2022,15.0,unc_le10,C0,usd,97.0,30.0,0.9664948453608248,91.52815369297737,0.0,0.3711340206185567,0.18556701030927836,9.925714859350217,0.09737281989824317,0.4576,0.9274,3.0,-13.452605591205554,16.809919990723568,0.9231,30.0,2.734375,0.4,0.26270839040013483,0.3985,0.8056,
lexH1raw,2016-2022,15.0,unc_le10,C2,usd,97.0,30.0,-34.47164948453608,92.47142850399018,-31.25,0.15463917525773196,0.020618556701030927,10.205218327205793,-3.3778453707981058,0.9987,0.0027,3.0,-50.78125,-17.08984375,0.0171,30.0,-32.68229166666667,0.1,-3.0529258110543243,0.9973,0.0054,
lexH1raw,2016-2022,15.0,unc_le10,C4,usd,97.0,30.0,-69.90979381443299,94.62328679417708,-70.3125,0.1134020618556701,0.0,10.85183239506348,-6.442210980537728,1.0,0.0001,3.0,-89.42017004434818,-50.18817361761949,0.0005,30.0,-68.09895833333333,0.1,-6.0038859802445135,1.0,0.0001,
lexH1raw,2016-2022,15.0,unc_le10,CM,usd,97.0,30.0,-8.336018041237113,91.74946981094858,-7.8125,0.27835051546391754,0.09278350515463918,9.973972562329154,-0.8357771178077573,0.7847,0.427,3.0,-23.07506443298969,7.816569010416681,0.4041,30.0,-6.564670138888889,0.3,-0.627463909899251,0.7211,0.5521,
lexH1raw,2016-2022,15.0,unc_le10,CQ,usd,97.0,30.0,-9.262242268041238,91.59809134733402,-7.8125,0.24742268041237114,0.13402061855670103,9.957182705133322,-0.9302071220673881,0.8108,0.3741,3.0,-24.25215871710526,7.023358585858586,0.3661,30.0,-7.5954861111111125,0.3,-0.7252007159745157,0.7509,0.4916,
lexH1raw,2016-2022,15.0,unc_le10,C2F,usd,97.0,30.0,-38.47164948453608,92.47142850399018,-35.25,0.15463917525773196,0.0,10.205218327205793,-3.769801708403987,0.9993,0.0014,3.0,-54.78125,-21.08984375,0.0106,30.0,-36.68229166666667,0.1,-3.4265747390048773,0.9987,0.0029,
lexH1raw,2016-2022,15.0,unc_le10,C4F,usd,97.0,30.0,-73.90979381443299,94.62328679417708,-74.3125,0.1134020618556701,0.0,10.85183239506348,-6.810812324014025,1.0,0.0001,3.0,-93.42017004434818,-54.18817361761949,0.0004,30.0,-72.09895833333331,0.1,-6.356542533424456,1.0,0.0001,
lexH1raw,2016-2022,15.0,unc_le10,CMF,usd,97.0,30.0,-12.336018041237113,91.74946981094858,-11.8125,0.27835051546391754,0.0,9.973972562329154,-1.2368209320957233,0.8859,0.2284,3.0,-27.07506443298969,3.8165690104166816,0.2238,30.0,-10.564670138888891,0.2,-1.0097916714616644,0.8326,0.3336,
lexH1raw,2016-2022,15.0,unc_gt10,C0,usd,3.0,1.0,-2.6041666666666665,,,0.0,,,,,,,,,,,,,,,,
lexH1raw,2016-2022,15.0,unc_gt10,C2,usd,3.0,1.0,-33.854166666666664,,,0.0,,,,,,,,,,,,,,,,
lexH1raw,2016-2022,15.0,unc_gt10,C4,usd,3.0,1.0,-65.10416666666667,,,0.0,,,,,,,,,,,,,,,,
lexH1raw,2016-2022,15.0,unc_gt10,CM,usd,3.0,1.0,-10.416666666666666,,,0.0,,,,,,,,,,,,,,,,
lexH1raw,2016-2022,15.0,unc_gt10,CQ,usd,3.0,1.0,-7.8125,,,0.0,,,,,,,,,,,,,,,,
lexH1raw,2016-2022,15.0,unc_gt10,C2F,usd,3.0,1.0,-37.854166666666664,,,0.0,,,,,,,,,,,,,,,,
lexH1raw,2016-2022,15.0,unc_gt10,C4F,usd,3.0,1.0,-69.10416666666667,,,0.0,,,,,,,,,,,,,,,,
lexH1raw,2016-2022,15.0,unc_gt10,CMF,usd,3.0,1.0,-14.416666666666666,,,0.0,,,,,,,,,,,,,,,,
lexH1raw,confirmation,1.0,all,C0,ticks,548.0,20.0,0.029197080291970802,2.5531043034879555,0.0,0.3704379562043796,0.21715328467153286,0.11366080798406607,0.2568790492503264,0.4089,0.8028,3.0,-0.10826151757029776,0.18875146293061046,0.7601,20.0,0.04613993092198042,0.4,0.40034411112847795,0.3577,0.7032,
lexH1raw,confirmation,1.0,all,C2,ticks,548.0,20.0,-3.9708029197080292,2.5531043034879555,-4.0,0.03832116788321168,0.02737226277372263,0.11366080798406607,-34.935550698044395,1.0,0.0001,3.0,-4.108261517570298,-3.8112485370693894,0.0001,20.0,-3.9538600690780186,0.0,-34.30660955167031,1.0,0.0001,
lexH1raw,confirmation,1.0,all,C4,ticks,548.0,20.0,-7.970802919708029,2.5531043034879555,-8.0,0.010948905109489052,0.0,0.11366080798406611,-70.12798044533909,1.0,0.0001,3.0,-8.108261517570298,-7.81124853706939,0.0001,20.0,-7.95386006907802,0.0,-69.01356321446909,1.0,0.0001,
lexH1raw,confirmation,1.0,all,CM,ticks,548.0,20.0,-0.9972627737226277,2.5585451669667174,-1.0,0.19343065693430658,0.17335766423357665,0.11074677890126543,-9.004891913034527,1.0,0.0001,3.0,-1.1267909663865545,-0.8492647058823529,0.0001,20.0,-0.9798920419394905,0.05,-8.741427511117655,1.0,0.0001,
lexH1raw,confirmation,1.0,all,CQ,ticks,548.0,20.0,-0.9762773722627737,2.5456316692884875,-1.0,0.20802919708029197,0.16605839416058393,0.10176996156398471,-9.592981634850766,1.0,0.0001,3.0,-1.0886147599713398,-0.8612514578368237,0.0001,20.0,-0.9556070456908886,0.05,-9.391357070896241,1.0,0.0001,
lexH1raw,confirmation,1.0,all,C2F,ticks,548.0,20.0,-4.482802919708029,2.5531043034879555,-4.5120000000000005,0.03832116788321168,0.0,0.11366080798406608,-39.440181705698116,1.0,0.0001,3.0,-4.620261517570298,-4.32324853706939,0.0001,20.0,-4.465860069078019,0.0,-38.74909962050856,1.0,0.0001,
lexH1raw,confirmation,1.0,all,C4F,ticks,548.0,20.0,-8.482802919708028,2.553104303487955,-8.512,0.010948905109489052,0.0,0.11366080798406611,-74.6326114529928,1.0,0.0001,3.0,-8.620261517570297,-8.32324853706939,0.0001,20.0,-8.465860069078023,0.0,-73.45605328330737,1.0,0.0001,
lexH1raw,confirmation,1.0,all,CMF,ticks,548.0,20.0,-1.5092627737226283,2.5585451669667174,-1.512,0.19160583941605838,0.0,0.11074677890126543,-13.628051205608319,1.0,0.0001,3.0,-1.6387909663865552,-1.3612647058823535,0.0001,20.0,-1.4918920419394905,0.0,-13.308880550978767,1.0,0.0001,
lexH1raw,confirmation,1.0,unc_le10,C0,ticks,78.0,3.0,0.28205128205128205,1.6027365874542727,0.0,0.41025641025641024,0.3076923076923077,0.20864534560356018,1.3518215862202743,0.116,0.2228,2.0,0.05194805194805195,0.5063291139240507,0.2245,3.0,0.2801519468186135,0.6666666666666666,1.3310859506468569,0.2492,0.4917,
lexH1raw,confirmation,1.0,unc_le10,C2,ticks,78.0,3.0,-3.717948717948718,1.6027365874542727,-4.0,0.01282051282051282,0.02564102564102564,0.2086453456035604,-17.819466363812687,0.9763,0.0445,2.0,-3.948051948051948,-3.4936708860759493,0.0001,3.0,-3.7198480531813867,0.0,-17.674114131131315,1.0,0.248,
lexH1raw,confirmation,1.0,unc_le10,C4,ticks,78.0,3.0,-7.717948717948718,1.6027365874542727,-8.0,0.0,0.0,0.2086453456035604,-36.99075431384565,0.9869,0.0259,2.0,-7.9480519480519485,-7.493670886075949,0.0001,3.0,-7.719848053181386,0.0,-36.67931421290947,1.0,0.248,
lexH1raw,confirmation,1.0,unc_le10,CM,ticks,78.0,3.0,-0.7371794871794872,1.609074023815938,-1.0,0.1794871794871795,0.23076923076923078,0.18985763105814607,-3.8828014606045387,0.9538,0.0975,2.0,-0.948051948051948,-0.5316455696202531,0.1124,3.0,-0.7390788224121557,0.0,-3.8558158046696147,1.0,0.248,
lexH1raw,confirmation,1.0,unc_le10,CQ,ticks,78.0,3.0,-0.6794871794871795,1.7017453969197023,-1.0,0.21794871794871795,0.19230769230769232,0.2440566067494133,-2.7841376168310306,0.9684,0.0619,2.0,-0.935064935064935,-0.43037974683544306,0.2245,3.0,-0.6803988603988603,0.0,-2.7781879766374207,1.0,0.248,
lexH1raw,confirmation,1.0,unc_le10,C2F,ticks,78.0,3.0,-4.2299487179487185,1.602736587454273,-4.5120000000000005,0.01282051282051282,0.0,0.2086453456035604,-20.273391221416908,0.9817,0.0355,2.0,-4.460051948051949,-4.00567088607595,0.0001,3.0,-4.231848053181387,0.0,-20.106779741598913,1.0,0.248,
lexH1raw,confirmation,1.0,unc_le10,C4F,ticks,78.0,3.0,-8.229948717948714,1.602736587454273,-8.512,0.0,0.0,0.20864534560356018,-39.44467917144989,0.992,0.0158,2.0,-8.460051948051948,-8.00567088607595,0.0001,3.0,-8.231848053181386,0.0,-39.11197982337709,1.0,0.248,
lexH1raw,confirmation,1.0,unc_le10,CMF,ticks,78.0,3.0,-1.2491794871794875,1.6090740238159382,-1.512,0.1794871794871795,0.0,0.18985763105814601,-6.579559010703722,0.9684,0.0619,2.0,-1.4600519480519485,-1.0436455696202533,0.0001,3.0,-1.2510788224121558,0.0,-6.526948615034352,1.0,0.248,
lexH1raw,confirmation,1.0,unc_gt10,C0,ticks,470.0,17.0,-0.01276595744680851,2.677364409199627,0.0,0.3638297872340426,0.20212765957446807,0.1266790060296097,-0.10077405757213331,0.5371,0.9214,3.0,-0.18619246861924685,0.19008579947853652,0.9158,17.0,0.004843692822574592,0.35294117647058826,0.03729336887676044,0.487,0.9724,
lexH1raw,confirmation,1.0,unc_gt10,C2,ticks,470.0,17.0,-4.012765957446809,2.6773644091996274,-4.0,0.0425531914893617,0.027659574468085105,0.12667900602960966,-31.676645430173917,1.0,0.0001,3.0,-4.186192468619247,-3.809914200521464,0.0001,17.0,-3.9951563071774254,0.0,-30.760174796693423,1.0,0.0001,
lexH1raw,confirmation,1.0,unc_gt10,C4,ticks,470.0,17.0,-8.012765957446808,2.677364409199627,-8.0,0.01276595744680851,0.0,0.12667900602960971,-63.252516802775666,1.0,0.0001,3.0,-8.186192468619247,-7.8099142005214635,0.0001,17.0,-7.995156307177425,0.0,-61.55764296226358,1.0,0.0001,
lexH1raw,confirmation,1.0,unc_gt10,CM,ticks,470.0,17.0,-1.0404255319148936,2.6826584827283564,-1.0,0.19574468085106383,0.16382978723404254,0.1234872353939211,-8.425369056129266,1.0,0.0001,3.0,-1.2031949210706931,-0.8494413919413919,0.0001,17.0,-1.0223884924443143,0.058823529411764705,-8.084639259161536,1.0,0.0001,
lexH1raw,confirmation,1.0,unc_gt10,CQ,ticks,470.0,17.0,-1.025531914893617,2.658090444738874,-1.0,0.20638297872340425,0.16170212765957448,0.10913424808297882,-9.396976044713911,1.0,0.0001,3.0,-1.15625,-0.8835122927919538,0.0001,17.0,-1.004173196036541,0.058823529411764705,-9.10664161351707,1.0,0.0001,
lexH1raw,confirmation,1.0,unc_gt10,C2F,ticks,470.0,17.0,-4.524765957446808,2.677364409199627,-4.5120000000000005,0.0425531914893617,0.0,0.12667900602960971,-35.718356965866924,1.0,0.0001,3.0,-4.698192468619246,-4.321914200521464,0.0001,17.0,-4.507156307177425,0.0,-34.702250721886394,1.0,0.0001,
lexH1raw,confirmation,1.0,unc_gt10,C4F,ticks,470.0,17.0,-8.524765957446808,2.677364409199627,-8.512,0.01276595744680851,0.0,0.12667900602960971,-67.2942283384687,1.0,0.0001,3.0,-8.698192468619247,-8.321914200521464,0.0001,17.0,-8.507156307177427,0.0,-65.49971888745658,1.0,0.0001,
lexH1raw,confirmation,1.0,unc_gt10,CMF,ticks,470.0,17.0,-1.5524255319148939,2.6826584827283564,-1.512,0.19361702127659575,0.0,0.12348723539392112,-12.571546581010548,1.0,0.0001,3.0,-1.7151949210706936,-1.3614413919413924,0.0001,17.0,-1.5343884924443143,0.0,-12.13333046732883,1.0,0.0001,
lexH1raw,confirmation,5.0,all,C0,ticks,163.0,20.0,0.5337423312883436,5.8089779477455865,0.0,0.4601226993865031,0.12269938650306748,0.3489890393704731,1.5293956860397087,0.0727,0.1462,3.0,0.012121212121212121,1.0575803806399948,0.1155,20.0,0.562797619047619,0.65,1.6168069272147958,0.0646,0.1254,
lexH1raw,confirmation,5.0,all,C2,ticks,163.0,20.0,-3.4662576687116564,5.8089779477455865,-4.0,0.15950920245398773,0.018404907975460124,0.3489890393704731,-9.932282328878568,1.0,0.0001,3.0,-3.987878787878788,-2.942419619360005,0.0001,20.0,-3.437202380952381,0.0,-9.874406770176455,1.0,0.0001,
lexH1raw,confirmation,5.0,all,C4,ticks,163.0,20.0,-7.466257668711656,5.8089779477455865,-8.0,0.049079754601226995,0.012269938650306749,0.3489890393704731,-21.39396034379684,1.0,0.0001,3.0,-7.987878787878788,-6.942419619360005,0.0001,20.0,-7.43720238095238,0.0,-21.3656204675677,1.0,0.0001,
lexH1raw,confirmation,5.0,all,CM,ticks,163.0,20.0,-0.49693251533742333,5.836902858271602,-1.0,0.3803680981595092,0.0736196319018405,0.3475282468242405,-1.429905395830293,0.9114,0.1754,3.0,-1.01250786163522,0.02202651062813475,0.1371,20.0,-0.46875,0.4,-1.3557264298193112,0.9034,0.1921,
lexH1raw,confirmation,5.0,all,CQ,ticks,163.0,20.0,-0.5214723926380368,5.787745060073566,-1.0,0.3558282208588957,0.1165644171779141,0.3175021754875603,-1.6424214789623324,0.9412,0.1201,3.0,-0.9878122690317812,-0.04819277108433735,0.0913,20.0,-0.49900793650793657,0.35,-1.5875054378300753,0.9356,0.1288,
lexH1raw,confirmation,5.0,all,C2F,ticks,163.0,20.0,-3.9782576687116573,5.8089779477455865,-4.5120000000000005,0.15950920245398773,0.0,0.348989039370473,-11.399377114788113,1.0,0.0001,3.0,-4.499878787878788,-3.454419619360005,0.0001,20.0,-3.9492023809523813,0.0,-11.345282123442535,1.0,0.0001,
lexH1raw,confirmation,5.0,all,C4F,ticks,163.0,20.0,-7.978257668711656,5.8089779477455865,-8.512,0.049079754601226995,0.0,0.34898903937047304,-22.861055129706383,1.0,0.0001,3.0,-8.499878787878789,-7.4544196193600065,0.0001,20.0,-7.94920238095238,0.0,-22.836495820833782,1.0,0.0001,
lexH1raw,confirmation,5.0,all,CMF,ticks,163.0,20.0,-1.0089325153374238,5.836902858271602,-1.512,0.37423312883435583,0.0,0.3475282468242405,-2.9031669355144043,0.995,0.0093,3.0,-1.5245078616352206,-0.4899734893718657,0.0059,20.0,-0.9807500000000001,0.3,-2.836541218229951,0.9939,0.0115,
lexH1raw,confirmation,5.0,unc_le10,C0,ticks,23.0,3.0,0.8260869565217391,3.352775972141233,0.0,0.43478260869565216,0.2608695652173913,0.42092233302110044,1.962563854934084,0.0694,0.1367,2.0,0.375,1.3181818181818181,0.2245,3.0,0.8630952380952381,1.0,1.9653904211694107,0.1279,0.248,
lexH1raw,confirmation,5.0,unc_le10,C2,ticks,23.0,3.0,-3.1739130434782608,3.352775972141233,-4.0,0.17391304347826086,0.0,0.42092233302110044,-7.540376916325691,0.963,0.0826,2.0,-3.625,-2.6818181818181817,0.0001,3.0,-3.1369047619047614,0.0,-7.1431775996984745,1.0,0.248,
lexH1raw,confirmation,5.0,unc_le10,C4,ticks,23.0,3.0,-7.173913043478261,3.352775972141233,-8.0,0.0,0.0,0.42092233302110044,-17.043317687585464,0.9854,0.0467,2.0,-7.625,-6.681818181818182,0.0001,3.0,-7.136904761904762,0.0,-16.25174562056636,1.0,0.248,
lexH1raw,confirmation,5.0,unc_le10,CM,ticks,23.0,3.0,-0.21739130434782608,3.3670397267836223,-1.0,0.391304347826087,0.043478260869565216,0.3774143621620001,-0.5760016738698295,0.6975,0.6265,2.0,-0.625,0.22727272727272727,0.4416,3.0,-0.18452380952380953,0.3333333333333333,-0.4693200273848488,0.7467,0.7563,
lexH1raw,confirmation,5.0,unc_le10,CQ,ticks,23.0,3.0,-0.30434782608695654,3.295103565880961,-1.0,0.34782608695652173,0.13043478260869565,0.40158009957827845,-0.7578757672667771,0.8008,0.4049,2.0,-0.7083333333333334,0.13636363636363635,0.4416,3.0,-0.26785714285714285,0.3333333333333333,-0.6359510930018389,0.8752,0.4987,
lexH1raw,confirmation,5.0,unc_le10,C2F,ticks,23.0,3.0,-3.685913043478261,3.352775972141233,-4.5120000000000005,0.17391304347826086,0.0,0.42092233302110055,-8.756753335046941,0.9585,0.0826,2.0,-4.1370000000000005,-3.193818181818182,0.0001,3.0,-3.648904761904762,0.0,-8.309074306369565,1.0,0.248,
lexH1raw,confirmation,5.0,unc_le10,C4F,ticks,23.0,3.0,-7.685913043478261,3.352775972141233,-8.512,0.0,0.0,0.4209223330211006,-18.25969410630671,0.9769,0.0447,2.0,-8.137,-7.193818181818182,0.0001,3.0,-7.648904761904762,0.0,-17.417642327237452,1.0,0.248,
lexH1raw,confirmation,5.0,unc_le10,CMF,ticks,23.0,3.0,-0.7293913043478265,3.3670397267836223,-1.512,0.391304347826087,0.0,0.3774143621619999,-1.932600816168054,0.832,0.3347,2.0,-1.1370000000000002,-0.2847272727272731,0.2245,3.0,-0.6965238095238098,0.3333333333333333,-1.7715468491763062,0.8752,0.4987,
lexH1raw,confirmation,5.0,unc_gt10,C0,ticks,140.0,17.0,0.4857142857142857,6.126350345097283,0.0,0.4642857142857143,0.1,0.4029373356488679,1.2054338050657887,0.1166,0.2364,3.0,-0.0596270396270395,1.0359712230215827,0.1693,17.0,0.5098039215686274,0.5882352941176471,1.2594289602015436,0.108,0.2184,
lexH1raw,confirmation,5.0,unc_gt10,C2,ticks,140.0,17.0,-3.5142857142857142,6.126350345097283,-4.0,0.15714285714285714,0.02142857142857143,0.40293733564886786,-8.721668119005413,1.0,0.0001,3.0,-4.059627039627039,-2.964028776978417,0.0001,17.0,-3.4901960784313726,0.0,-8.622244419841339,1.0,0.0001,
lexH1raw,confirmation,5.0,unc_gt10,C4,ticks,140.0,17.0,-7.514285714285714,6.126350345097283,-8.0,0.05714285714285714,0.014285714285714285,0.40293733564886786,-18.648770043076617,1.0,0.0001,3.0,-8.059627039627038,-6.9640287769784175,0.0001,17.0,-7.490196078431373,0.0,-18.50391779988422,1.0,0.0001,
lexH1raw,confirmation,5.0,unc_gt10,CM,ticks,140.0,17.0,-0.5428571428571428,6.156088906678252,-1.0,0.37857142857142856,0.07857142857142857,0.40210675544417834,-1.3500323869403479,0.9041,0.1925,3.0,-1.0874125874125875,0.0072992700729927005,0.1294,17.0,-0.51890756302521,0.4117647058823529,-1.2870299000339107,0.8939,0.2102,
lexH1raw,confirmation,5.0,unc_gt10,CQ,ticks,140.0,17.0,-0.5571428571428572,6.108457904009532,-1.0,0.35714285714285715,0.11428571428571428,0.3665904377395376,-1.5197964807219195,0.9264,0.1471,3.0,-1.0579710144927537,-0.051094890510948905,0.089,17.0,-0.5397992530345471,0.35294117647058826,-1.4777568550445135,0.9225,0.1565,
lexH1raw,confirmation,5.0,unc_gt10,C2F,ticks,140.0,17.0,-4.026285714285715,6.126350345097283,-4.5120000000000005,0.15714285714285714,0.0,0.40293733564886786,-9.992337165286528,1.0,0.0001,3.0,-4.57162703962704,-3.4760287769784175,0.0001,17.0,-4.002196078431373,0.0,-9.887098612486827,1.0,0.0001,
lexH1raw,confirmation,5.0,unc_gt10,C4F,ticks,140.0,17.0,-8.026285714285713,6.126350345097283,-8.512,0.05714285714285714,0.0,0.40293733564886786,-19.919439089357727,1.0,0.0001,3.0,-8.571627039627039,-7.476028776978418,0.0001,17.0,-8.002196078431373,0.0,-19.76877199252971,1.0,0.0001,
lexH1raw,confirmation,5.0,unc_gt10,CMF,ticks,140.0,17.0,-1.0548571428571434,6.156088906678252,-1.512,0.37142857142857144,0.0,0.4021067554441784,-2.623326090833561,0.9884,0.0202,3.0,-1.599412587412588,-0.5047007299270078,0.0072,17.0,-1.0309075630252105,0.29411764705882354,-2.5569271915200025,0.9864,0.0242,
lexH1raw,confirmation,15.0,all,C0,ticks,62.0,20.0,1.2419354838709677,8.7827802533922,0.0,0.4838709677419355,0.03225806451612903,1.048933644158076,1.1839981401948492,0.1237,0.25,3.0,-0.5,2.9375,0.2602,20.0,1.1583333333333334,0.55,1.0851134228696273,0.1453,0.2885,
lexH1raw,confirmation,15.0,all,C2,ticks,62.0,20.0,-2.7580645161290325,8.7827802533922,-4.0,0.3064516129032258,0.04838709677419355,1.048933644158076,-2.629398467185964,0.9939,0.0135,3.0,-4.5,-1.0625,0.0203,20.0,-2.841666666666667,0.3,-2.662040843154985,0.9932,0.0148,
lexH1raw,confirmation,15.0,all,C4,ticks,62.0,20.0,-6.758064516129032,8.7827802533922,-8.0,0.16129032258064516,0.016129032258064516,1.048933644158076,-6.442795074566776,1.0,0.0001,3.0,-8.5,-5.0625,0.0002,20.0,-6.841666666666666,0.05,-6.4091951091795965,1.0,0.0001,
lexH1raw,confirmation,15.0,all,CM,ticks,62.0,20.0,0.20161290322580644,8.81385816294726,-1.25,0.43548387096774194,0.04838709677419355,1.055272379414792,0.1910529519758796,0.4321,0.8504,3.0,-1.540388683236383,1.9,0.8549,20.0,0.11666666666666661,0.5,0.10865521726116967,0.4647,0.9167,
lexH1raw,confirmation,15.0,all,CQ,ticks,62.0,20.0,0.11290322580645161,8.783562962622291,-1.5,0.45161290322580644,0.03225806451612903,1.0348070034899897,0.10910558725025463,0.4635,0.9152,3.0,-1.5166666666666666,1.703125,0.9114,20.0,0.03749999999999996,0.5,0.035522802331326,0.4888,0.9699,
lexH1raw,confirmation,15.0,all,C2F,ticks,62.0,20.0,-3.270064516129033,8.7827802533922,-4.5120000000000005,0.3064516129032258,0.0,1.0489336441580763,-3.1175132329307074,0.9975,0.0047,3.0,-5.0120000000000005,-1.5745000000000005,0.0081,20.0,-3.3536666666666677,0.3,-3.1416765892061362,0.9977,0.0048,
lexH1raw,confirmation,15.0,all,C4F,ticks,62.0,20.0,-7.2700645161290325,8.7827802533922,-8.512,0.16129032258064516,0.0,1.048933644158076,-6.930909840311521,1.0,0.0001,3.0,-9.012,-5.5745000000000005,0.0002,20.0,-7.353666666666667,0.05,-6.888830855230748,1.0,0.0001,
lexH1raw,confirmation,15.0,all,CMF,ticks,62.0,20.0,-0.310387096774194,8.81385816294726,-1.762,0.43548387096774194,0.0,1.055272379414792,-0.2941298406259066,0.6196,0.7731,3.0,-2.0523886832363836,1.3879999999999995,0.7753,20.0,-0.39533333333333387,0.5,-0.3681859647764213,0.6492,0.7126,
lexH1raw,confirmation,15.0,unc_le10,C0,ticks,9.0,3.0,4.777777777777778,6.9602043392737,5.0,0.6666666666666666,0.0,3.3017017684674728,1.4470652144925387,0.194,0.3844,2.0,1.0,8.555555555555555,0.3339,3.0,4.777777777777778,0.6666666666666666,1.4470652144925387,0.257,0.5056,
lexH1raw,confirmation,15.0,unc_le10,C2,ticks,9.0,3.0,0.7777777777777778,6.9602043392737,1.0,0.5555555555555556,0.0,3.3017017684674728,0.23556875584762257,0.3535,0.7087,2.0,-3.0,4.555555555555555,0.67,3.0,0.777777777777778,0.6666666666666666,0.23556875584762266,0.3829,0.7563,
lexH1raw,confirmation,15.0,unc_le10,C4,ticks,9.0,3.0,-3.2222222222222223,6.9602043392737,-3.0,0.2222222222222222,0.1111111111111111,3.3017017684674728,-0.9759277027972936,0.7866,0.4367,2.0,-7.0,0.5555555555555556,0.3339,3.0,-3.2222222222222228,0.3333333333333333,-0.9759277027972936,0.8752,0.4987,
lexH1raw,confirmation,15.0,unc_le10,CM,ticks,9.0,3.0,3.7777777777777777,6.9602043392737,4.0,0.5555555555555556,0.1111111111111111,3.3017017684674728,1.1441910998313096,0.199,0.3948,2.0,0.0,7.555555555555555,0.3339,3.0,3.777777777777778,0.6666666666666666,1.1441910998313098,0.257,0.5056,
lexH1raw,confirmation,15.0,unc_le10,CQ,ticks,9.0,3.0,3.6666666666666665,6.689544080129826,4.0,0.6666666666666666,0.0,3.150543750835072,1.1638202661666872,0.1946,0.3863,2.0,0.1111111111111111,7.222222222222222,0.3339,3.0,3.6666666666666665,0.6666666666666666,1.1638202661666868,0.257,0.5056,
lexH1raw,confirmation,15.0,unc_le10,C2F,ticks,9.0,3.0,0.2657777777777774,6.9602043392737,0.488,0.5555555555555556,0.0,3.3017017684674728,0.0804972091410732,0.4368,0.8735,2.0,-3.5120000000000005,4.043555555555555,0.67,3.0,0.2657777777777775,0.6666666666666666,0.08049720914107324,0.5053,1.0,
lexH1raw,confirmation,15.0,unc_le10,C4F,ticks,9.0,3.0,-3.7342222222222228,6.9602043392737,-3.512,0.2222222222222222,0.0,3.3017017684674728,-1.130999249503843,0.8192,0.38,2.0,-7.5120000000000005,0.0435555555555551,0.3339,3.0,-3.734222222222223,0.3333333333333333,-1.130999249503843,0.8752,0.4987,
lexH1raw,confirmation,15.0,unc_le10,CMF,ticks,9.0,3.0,3.2657777777777772,6.9602043392737,3.488,0.5555555555555556,0.0,3.3017017684674723,0.9891195531247604,0.1895,0.3762,2.0,-0.5120000000000005,7.043555555555555,0.3339,3.0,3.2657777777777777,0.6666666666666666,0.9891195531247604,0.257,0.5056,
lexH1raw,confirmation,15.0,unc_gt10,C0,ticks,53.0,17.0,0.6415094339622641,8.97238142563192,-1.0,0.4528301886792453,0.03773584905660377,1.0760844382731898,0.5961515761641389,0.2807,0.5692,3.0,-1.0378084179970972,2.188776837996097,0.5286,17.0,0.5196078431372548,0.5294117647058824,0.4780337078084777,0.3191,0.6509,
lexH1raw,confirmation,15.0,unc_gt10,C2,ticks,53.0,17.0,-3.358490566037736,8.97238142563192,-5.0,0.2641509433962264,0.05660377358490566,1.0760844382731898,-3.1210288399181394,0.9976,0.005,3.0,-5.037808417997097,-1.8112231620039034,0.0071,17.0,-3.480392156862745,0.23529411764705882,-3.2019238919247095,0.9971,0.0054,
lexH1raw,confirmation,15.0,unc_gt10,C4,ticks,53.0,17.0,-7.3584905660377355,8.97238142563192,-9.0,0.1509433962264151,0.0,1.0760844382731898,-6.838209256000416,1.0,0.0001,3.0,-9.037808417997098,-5.811223162003903,0.0001,17.0,-7.480392156862745,0.0,-6.881881491657897,1.0,0.0001,
lexH1raw,confirmation,15.0,unc_gt10,CM,ticks,53.0,17.0,-0.4056603773584906,9.004836629755822,-2.0,0.41509433962264153,0.03773584905660377,1.0831585354374147,-0.3745161618420629,0.6331,0.7204,3.0,-2.0784313725490198,1.1388888888888888,0.6847,17.0,-0.5294117647058826,0.47058823529411764,-0.4840355123871584,0.6736,0.638,
lexH1raw,confirmation,15.0,unc_gt10,CQ,ticks,53.0,17.0,-0.49056603773584906,9.003466515116518,-2.0,0.41509433962264153,0.03773584905660377,1.0652980421236555,-0.4604965167850239,0.6634,0.6591,3.0,-2.0392156862745097,0.9285714285714286,0.6007,17.0,-0.6029411764705882,0.47058823529411764,-0.5581231047885676,0.6958,0.5983,
lexH1raw,confirmation,15.0,unc_gt10,C2F,ticks,53.0,17.0,-3.8704905660377364,8.97238142563192,-5.5120000000000005,0.2641509433962264,0.0,1.0760844382731898,-3.5968279331766713,0.999,0.0018,3.0,-5.549808417997098,-2.3232231620039037,0.0029,17.0,-3.9923921568627456,0.23529411764705882,-3.672958464690558,0.9989,0.0022,
lexH1raw,confirmation,15.0,unc_gt10,C4F,ticks,53.0,17.0,-7.870490566037736,8.97238142563192,-9.512,0.1509433962264151,0.0,1.0760844382731898,-7.314008349258949,1.0,0.0001,3.0,-9.549808417997099,-6.323223162003903,0.0001,17.0,-7.9923921568627465,0.0,-7.352916064423746,1.0,0.0001,
lexH1raw,confirmation,15.0,unc_gt10,CMF,ticks,53.0,17.0,-0.917660377358491,9.004836629755822,-2.512,0.41509433962264153,0.0,1.0831585354374147,-0.8472078161558408,0.7886,0.4148,3.0,-2.5904313725490202,0.6268888888888884,0.3758,17.0,-1.0414117647058827,0.47058823529411764,-0.9521516345891391,0.8172,0.3584,
lexH1raw,warsh,1.0,all,C0,ticks,59.0,3.0,0.06779661016949153,2.6383406931425215,0.0,0.4067796610169492,0.13559322033898305,0.39333717455576933,0.17236257988088788,0.3734,0.7457,2.0,-0.4107142857142857,0.5,0.67,3.0,0.03822463768115943,0.6666666666666666,0.10568774930795356,0.3751,0.7424,
lexH1raw,warsh,1.0,all,C2,ticks,59.0,3.0,-3.9322033898305087,2.638340693142521,-4.0,0.05084745762711865,0.03389830508474576,0.39333717455576933,-9.997029633091497,0.9725,0.0625,2.0,-4.410714285714286,-3.5,0.0001,3.0,-3.9617753623188405,0.0,-10.95395919249117,1.0,0.248,
lexH1raw,warsh,1.0,all,C4,ticks,59.0,3.0,-7.932203389830509,2.638340693142521,-8.0,0.0,0.0,0.39333717455576933,-20.16642184606388,0.9829,0.0337,2.0,-8.410714285714286,-7.5,0.0001,3.0,-7.96177536231884,0.0,-22.013606134290285,1.0,0.248,
lexH1raw,warsh,1.0,all,CM,ticks,59.0,3.0,-0.9661016949152542,2.6357365109200646,-1.0,0.3389830508474576,0.06779661016949153,0.3803235953794148,-2.5402097231213356,0.9393,0.1367,2.0,-1.4285714285714286,-0.5483870967741935,0.1124,3.0,-0.9918478260869565,0.0,-2.826458288645823,1.0,0.248,
lexH1raw,warsh,1.0,all,CQ,ticks,59.0,3.0,-0.9830508474576272,2.48784303074889,-1.0,0.3050847457627119,0.1016949152542373,0.36884173588602454,-2.665237558044133,0.9438,0.1266,2.0,-1.4285714285714286,-0.5806451612903226,0.1124,3.0,-1.001086956521739,0.0,-2.909486716335659,1.0,0.248,
lexH1raw,warsh,1.0,all,C2F,ticks,59.0,3.0,-4.444203389830509,2.6383406931425215,-4.5120000000000005,0.05084745762711865,0.0,0.39333717455576933,-11.298711836351963,0.977,0.0618,2.0,-4.922714285714286,-4.0120000000000005,0.0001,3.0,-4.4737753623188405,0.0,-12.369594001041458,1.0,0.248,
lexH1raw,warsh,1.0,all,C4F,ticks,59.0,3.0,-8.444203389830509,2.638340693142521,-8.512,0.0,0.0,0.39333717455576933,-21.468104049324346,0.9874,0.0255,2.0,-8.922714285714287,-8.012,0.0001,3.0,-8.473775362318841,0.0,-23.429240942840575,1.0,0.248,
lexH1raw,warsh,1.0,all,CMF,ticks,59.0,3.0,-1.4781016949152548,2.6357365109200646,-1.512,0.3220338983050847,0.0,0.3803235953794148,-3.886431746209922,0.9487,0.1117,2.0,-1.940571428571429,-1.060387096774194,0.0001,3.0,-1.5038478260869566,0.0,-4.285499288408815,1.0,0.248,
lexH1raw,warsh,1.0,unc_le10,C0,ticks,16.0,1.0,0.0625,,,0.3125,,,,,,,,,,,,,,,,
lexH1raw,warsh,1.0,unc_le10,C2,ticks,16.0,1.0,-3.9375,,,0.0625,,,,,,,,,,,,,,,,
lexH1raw,warsh,1.0,unc_le10,C4,ticks,16.0,1.0,-7.9375,,,0.0,,,,,,,,,,,,,,,,
lexH1raw,warsh,1.0,unc_le10,CM,ticks,16.0,1.0,-0.9375,,,0.1875,,,,,,,,,,,,,,,,
lexH1raw,warsh,1.0,unc_le10,CQ,ticks,16.0,1.0,-0.875,,,0.1875,,,,,,,,,,,,,,,,
lexH1raw,warsh,1.0,unc_le10,C2F,ticks,16.0,1.0,-4.4495000000000005,,,0.0625,,,,,,,,,,,,,,,,
lexH1raw,warsh,1.0,unc_le10,C4F,ticks,16.0,1.0,-8.4495,,,0.0,,,,,,,,,,,,,,,,
lexH1raw,warsh,1.0,unc_le10,CMF,ticks,16.0,1.0,-1.4495000000000002,,,0.1875,,,,,,,,,,,,,,,,
lexH1raw,warsh,1.0,unc_gt10,C0,ticks,43.0,2.0,0.06976744186046512,,,0.4418604651162791,,,,,,,,,,,,,,,,
lexH1raw,warsh,1.0,unc_gt10,C2,ticks,43.0,2.0,-3.9302325581395348,,,0.046511627906976744,,,,,,,,,,,,,,,,
lexH1raw,warsh,1.0,unc_gt10,C4,ticks,43.0,2.0,-7.930232558139535,,,0.0,,,,,,,,,,,,,,,,
lexH1raw,warsh,1.0,unc_gt10,CM,ticks,43.0,2.0,-0.9767441860465116,,,0.3953488372093023,,,,,,,,,,,,,,,,
lexH1raw,warsh,1.0,unc_gt10,CQ,ticks,43.0,2.0,-1.0232558139534884,,,0.3488372093023256,,,,,,,,,,,,,,,,
lexH1raw,warsh,1.0,unc_gt10,C2F,ticks,43.0,2.0,-4.442232558139535,,,0.046511627906976744,,,,,,,,,,,,,,,,
lexH1raw,warsh,1.0,unc_gt10,C4F,ticks,43.0,2.0,-8.442232558139535,,,0.0,,,,,,,,,,,,,,,,
lexH1raw,warsh,1.0,unc_gt10,CMF,ticks,43.0,2.0,-1.488744186046512,,,0.37209302325581395,,,,,,,,,,,,,,,,
lexH1raw,warsh,5.0,all,C0,ticks,19.0,3.0,0.15789473684210525,5.134449639388355,0.0,0.42105263157894735,0.10526315789473684,1.6474916425220265,0.0958394766727894,0.4395,0.8808,2.0,-1.6842105263157894,2.0,0.67,3.0,0.25714285714285706,0.6666666666666666,0.1693497397582595,0.5036,1.0,
lexH1raw,warsh,5.0,all,C2,ticks,19.0,3.0,-3.8421052631578947,5.134449639388354,-4.0,0.21052631578947367,0.0,1.6474916425220265,-2.3320939323712087,0.9487,0.1197,2.0,-5.684210526315789,-2.0,0.2245,3.0,-3.7428571428571424,0.0,-2.464979545370223,1.0,0.248,
lexH1raw,warsh,5.0,all,C4,ticks,19.0,3.0,-7.842105263157895,5.134449639388354,-8.0,0.10526315789473684,0.0,1.6474916425220265,-4.760027341415207,0.9487,0.1204,2.0,-9.68421052631579,-6.0,0.1124,3.0,-7.742857142857143,0.0,-5.099308830498706,1.0,0.248,
lexH1raw,warsh,5.0,all,CM,ticks,19.0,3.0,-0.8947368421052632,5.078765563512733,-1.0,0.3157894736842105,0.05263157894736842,1.6088508160880999,-0.5561341257735781,0.5994,0.8033,2.0,-2.6842105263157894,0.8947368421052632,0.4416,3.0,-0.7904761904761904,0.6666666666666666,-0.5315818554494018,0.6237,1.0,
lexH1raw,warsh,5.0,all,CQ,ticks,19.0,3.0,-0.8947368421052632,4.942949376436268,-1.0,0.3157894736842105,0.05263157894736842,1.5025779521536218,-0.5954678363427672,0.578,0.8622,2.0,-2.526315789473684,0.7368421052631579,0.4416,3.0,-0.7714285714285715,0.6666666666666666,-0.5485886416336578,0.6237,1.0,
lexH1raw,warsh,5.0,all,C2F,ticks,19.0,3.0,-4.354105263157895,5.134449639388354,-4.5120000000000005,0.21052631578947367,0.0,1.6474916425220267,-2.6428694087288407,0.9391,0.1279,2.0,-6.19621052631579,-2.5120000000000005,0.2245,3.0,-4.254857142857143,0.0,-2.8021736938666684,1.0,0.248,
lexH1raw,warsh,5.0,all,C4F,ticks,19.0,3.0,-8.354105263157896,5.134449639388355,-8.512,0.10526315789473684,0.0,1.6474916425220265,-5.07080281777284,0.9536,0.1029,2.0,-10.19621052631579,-6.5120000000000005,0.1124,3.0,-8.254857142857142,0.0,-5.436502978995152,1.0,0.248,
lexH1raw,warsh,5.0,all,CMF,ticks,19.0,3.0,-1.4067368421052635,5.078765563512733,-1.512,0.3157894736842105,0.0,1.6088508160880999,-0.8743737008044824,0.691,0.6296,2.0,-3.19621052631579,0.38273684210526276,0.3318,3.0,-1.3024761904761908,0.3333333333333333,-0.8758931873645809,0.7528,0.7424,
lexH1raw,warsh,5.0,unc_le10,C0,ticks,5.0,1.0,1.2,,,0.4,,,,,,,,,,,,,,,,
lexH1raw,warsh,5.0,unc_le10,C2,ticks,5.0,1.0,-2.8,,,0.2,,,,,,,,,,,,,,,,
lexH1raw,warsh,5.0,unc_le10,C4,ticks,5.0,1.0,-6.8,,,0.2,,,,,,,,,,,,,,,,
lexH1raw,warsh,5.0,unc_le10,CM,ticks,5.0,1.0,0.2,,,0.4,,,,,,,,,,,,,,,,
lexH1raw,warsh,5.0,unc_le10,CQ,ticks,5.0,1.0,0.4,,,0.4,,,,,,,,,,,,,,,,
lexH1raw,warsh,5.0,unc_le10,C2F,ticks,5.0,1.0,-3.3120000000000003,,,0.2,,,,,,,,,,,,,,,,
lexH1raw,warsh,5.0,unc_le10,C4F,ticks,5.0,1.0,-7.312,,,0.2,,,,,,,,,,,,,,,,
lexH1raw,warsh,5.0,unc_le10,CMF,ticks,5.0,1.0,-0.3120000000000003,,,0.4,,,,,,,,,,,,,,,,
lexH1raw,warsh,5.0,unc_gt10,C0,ticks,14.0,2.0,-0.21428571428571427,,,0.42857142857142855,,,,,,,,,,,,,,,,
lexH1raw,warsh,5.0,unc_gt10,C2,ticks,14.0,2.0,-4.214285714285714,,,0.21428571428571427,,,,,,,,,,,,,,,,
lexH1raw,warsh,5.0,unc_gt10,C4,ticks,14.0,2.0,-8.214285714285714,,,0.07142857142857142,,,,,,,,,,,,,,,,
lexH1raw,warsh,5.0,unc_gt10,CM,ticks,14.0,2.0,-1.2857142857142858,,,0.2857142857142857,,,,,,,,,,,,,,,,
lexH1raw,warsh,5.0,unc_gt10,CQ,ticks,14.0,2.0,-1.3571428571428572,,,0.2857142857142857,,,,,,,,,,,,,,,,
lexH1raw,warsh,5.0,unc_gt10,C2F,ticks,14.0,2.0,-4.726285714285715,,,0.21428571428571427,,,,,,,,,,,,,,,,
lexH1raw,warsh,5.0,unc_gt10,C4F,ticks,14.0,2.0,-8.726285714285714,,,0.07142857142857142,,,,,,,,,,,,,,,,
lexH1raw,warsh,5.0,unc_gt10,CMF,ticks,14.0,2.0,-1.7977142857142863,,,0.2857142857142857,,,,,,,,,,,,,,,,
lexH1raw,warsh,15.0,all,C0,ticks,8.0,3.0,4.25,9.145646895810987,5.0,0.625,0.125,4.8117897203119755,0.8832472420936235,0.2182,0.4326,2.0,-1.125,9.625,0.3318,3.0,4.611111111111112,0.6666666666666666,1.0521512897362493,0.2527,0.4987,
lexH1raw,warsh,15.0,all,C2,ticks,8.0,3.0,0.25,9.145646895810987,1.0,0.625,0.0,4.8117897203119755,0.05195572012315432,0.4639,0.9293,2.0,-5.125,5.625,0.67,3.0,0.611111111111111,0.6666666666666666,0.13944173719396072,0.5036,1.0,
lexH1raw,warsh,15.0,all,C4,ticks,8.0,3.0,-3.75,9.145646895810987,-3.0,0.25,0.0,4.8117897203119755,-0.7793358018473148,0.6624,0.6889,2.0,-9.125,1.625,0.3318,3.0,-3.388888888888889,0.3333333333333333,-0.7732678153483277,0.7528,0.7424,
lexH1raw,warsh,15.0,all,CM,ticks,8.0,3.0,3.25,9.145646895810987,4.0,0.625,0.0,4.8117897203119755,0.6754243616010062,0.2931,0.5838,2.0,-2.125,8.625,0.4416,3.0,3.611111111111111,0.6666666666666666,0.8239739016006771,0.2527,0.4987,
lexH1raw,warsh,15.0,all,CQ,ticks,8.0,3.0,3.375,9.226321043622967,4.0,0.625,0.125,4.849316358067908,0.6959743911912332,0.2769,0.5506,2.0,-2.0,8.75,0.4416,3.0,3.777777777777778,0.6666666666666666,0.8507979973592923,0.2527,0.4987,
lexH1raw,warsh,15.0,all,C2F,ticks,8.0,3.0,-0.26200000000000045,9.145646895810987,0.488,0.625,0.0,4.8117897203119755,-0.05444959468906582,0.5282,0.9477,2.0,-5.6370000000000005,5.1129999999999995,0.67,3.0,0.09911111111111055,0.6666666666666666,0.022614914468547687,0.5036,1.0,
lexH1raw,warsh,15.0,all,C4F,ticks,8.0,3.0,-4.2620000000000005,9.145646895810987,-3.512,0.25,0.0,4.8117897203119755,-0.8857411166595349,0.6916,0.6221,2.0,-9.637,1.1129999999999995,0.3318,3.0,-3.9008888888888893,0.3333333333333333,-0.8900946380737407,0.7528,0.7424,
lexH1raw,warsh,15.0,all,CMF,ticks,8.0,3.0,2.7379999999999995,9.145646895810987,3.488,0.625,0.0,4.8117897203119755,0.569019046788786,0.3128,0.6218,2.0,-2.6370000000000005,8.113,0.4416,3.0,3.0991111111111107,0.6666666666666666,0.7071470788752641,0.2527,0.4987,
lexH1raw,warsh,15.0,unc_le10,C0,ticks,2.0,1.0,7.5,,,1.0,,,,,,,,,,,,,,,,
lexH1raw,warsh,15.0,unc_le10,C2,ticks,2.0,1.0,3.5,,,1.0,,,,,,,,,,,,,,,,
lexH1raw,warsh,15.0,unc_le10,C4,ticks,2.0,1.0,-0.5,,,0.5,,,,,,,,,,,,,,,,
lexH1raw,warsh,15.0,unc_le10,CM,ticks,2.0,1.0,6.5,,,1.0,,,,,,,,,,,,,,,,
lexH1raw,warsh,15.0,unc_le10,CQ,ticks,2.0,1.0,7.0,,,1.0,,,,,,,,,,,,,,,,
lexH1raw,warsh,15.0,unc_le10,C2F,ticks,2.0,1.0,2.9879999999999995,,,1.0,,,,,,,,,,,,,,,,
lexH1raw,warsh,15.0,unc_le10,C4F,ticks,2.0,1.0,-1.012,,,0.5,,,,,,,,,,,,,,,,
lexH1raw,warsh,15.0,unc_le10,CMF,ticks,2.0,1.0,5.9879999999999995,,,1.0,,,,,,,,,,,,,,,,
lexH1raw,warsh,15.0,unc_gt10,C0,ticks,6.0,2.0,3.1666666666666665,,,0.5,,,,,,,,,,,,,,,,
lexH1raw,warsh,15.0,unc_gt10,C2,ticks,6.0,2.0,-0.8333333333333334,,,0.5,,,,,,,,,,,,,,,,
lexH1raw,warsh,15.0,unc_gt10,C4,ticks,6.0,2.0,-4.833333333333333,,,0.16666666666666666,,,,,,,,,,,,,,,,
lexH1raw,warsh,15.0,unc_gt10,CM,ticks,6.0,2.0,2.1666666666666665,,,0.5,,,,,,,,,,,,,,,,
lexH1raw,warsh,15.0,unc_gt10,CQ,ticks,6.0,2.0,2.1666666666666665,,,0.5,,,,,,,,,,,,,,,,
lexH1raw,warsh,15.0,unc_gt10,C2F,ticks,6.0,2.0,-1.3453333333333337,,,0.5,,,,,,,,,,,,,,,,
lexH1raw,warsh,15.0,unc_gt10,C4F,ticks,6.0,2.0,-5.3453333333333335,,,0.16666666666666666,,,,,,,,,,,,,,,,
lexH1raw,warsh,15.0,unc_gt10,CMF,ticks,6.0,2.0,1.6546666666666663,,,0.5,,,,,,,,,,,,,,,,
lexH1,,,,,,,,,,,,,,,,,,,,,,,,,,,not estimable
