answer_id,meeting,date,answer_no,sample_role,start_unc_s,tau_k_upper,t0,lexH1raw__a,lexH1raw__shat,lexH1raw__resid,lexH1raw__pos
20180321_a00,20180321,2018-03-21,0,contaminated_2016_2022,9.3,2018-03-21 14:38:32.466000-04:00,2018-03-21 14:39:00-04:00,-0.13333333333333341,-0.23316095363400946,0.09982762030067605,-1.0
20180321_a05,20180321,2018-03-21,5,contaminated_2016_2022,9.3,2018-03-21 14:44:40.745999999-04:00,2018-03-21 14:45:00-04:00,-0.19047619047619047,-0.23316095363400946,0.042684763157818995,-1.0
20180321_a09,20180321,2018-03-21,9,contaminated_2016_2022,9.3,2018-03-21 14:49:53.425999999-04:00,2018-03-21 14:50:00-04:00,0.6666666666666666,-0.23316095363400946,0.8998276203006761,-1.0
20180321_a13,20180321,2018-03-21,13,contaminated_2016_2022,9.3,2018-03-21 14:54:40.926000-04:00,2018-03-21 14:55:00-04:00,0.16666666666666663,-0.23316095363400946,0.3998276203006761,-1.0
20180321_a16,20180321,2018-03-21,16,contaminated_2016_2022,9.3,2018-03-21 14:59:30.835999999-04:00,2018-03-21 15:00:00-04:00,0.6666666666666666,-0.23316095363400946,0.8998276203006761,-1.0
20180321_a18,20180321,2018-03-21,18,contaminated_2016_2022,9.3,2018-03-21 15:04:43.465999999-04:00,2018-03-21 15:05:00-04:00,0.6666666666666666,-0.23316095363400946,0.8998276203006761,-1.0
20180321_a22,20180321,2018-03-21,22,contaminated_2016_2022,9.3,2018-03-21 15:09:41.076000-04:00,2018-03-21 15:10:00-04:00,0.6666666666666666,-0.23316095363400946,0.8998276203006761,-1.0
20180321_a25,20180321,2018-03-21,25,contaminated_2016_2022,9.3,2018-03-21 15:14:13.456000-04:00,2018-03-21 15:15:00-04:00,1.1666666666666665,-0.23316095363400946,1.3998276203006759,-1.0
20180613_a00,20180613,2018-06-13,0,contaminated_2016_2022,8.5,2018-06-13 14:42:52.885999999-04:00,2018-06-13 14:43:00-04:00,0.6666666666666666,-0.2708819514448613,0.937548618111528,-1.0
20180613_a03,20180613,2018-06-13,3,contaminated_2016_2022,8.5,2018-06-13 14:48:01.685999999-04:00,2018-06-13 14:49:00-04:00,0.6666666666666666,-0.2708819514448613,0.937548618111528,-1.0
20180613_a08,20180613,2018-06-13,8,contaminated_2016_2022,8.5,2018-06-13 14:54:44.476000-04:00,2018-06-13 14:55:00-04:00,0.0,-0.2708819514448613,0.2708819514448613,-1.0
20180613_a10,20180613,2018-06-13,10,contaminated_2016_2022,8.5,2018-06-13 14:59:34.436000-04:00,2018-06-13 15:00:00-04:00,0.6666666666666666,-0.2708819514448613,0.937548618111528,-1.0
20180613_a14,20180613,2018-06-13,14,contaminated_2016_2022,8.5,2018-06-13 15:06:19.106000-04:00,2018-06-13 15:08:00-04:00,0.6666666666666666,-0.2708819514448613,0.937548618111528,-1.0
20180613_a17,20180613,2018-06-13,17,contaminated_2016_2022,8.5,2018-06-13 15:12:14.526000-04:00,2018-06-13 15:13:00-04:00,0.16666666666666663,-0.2708819514448613,0.43754861811152795,-1.0
20180613_a20,20180613,2018-06-13,20,contaminated_2016_2022,8.5,2018-06-13 15:18:45.396000-04:00,2018-06-13 15:19:00-04:00,0.6666666666666666,-0.2708819514448613,0.937548618111528,-1.0
20180926_a00,20180926,2018-09-26,0,contaminated_2016_2022,9.6,2018-09-26 14:38:20.925999999-04:00,2018-09-26 14:39:00-04:00,1.0,-0.12582470011219427,1.1258247001121942,-1.0
20180926_a03,20180926,2018-09-26,3,contaminated_2016_2022,9.6,2018-09-26 14:43:35.996000-04:00,2018-09-26 14:44:00-04:00,-0.25,-0.12582470011219427,-0.12417529988780573,1.0
20180926_a07,20180926,2018-09-26,7,contaminated_2016_2022,9.6,2018-09-26 14:50:17.826000-04:00,2018-09-26 14:51:00-04:00,0.5,-0.12582470011219427,0.6258247001121943,-1.0
20180926_a11,20180926,2018-09-26,11,contaminated_2016_2022,9.6,2018-09-26 14:56:17.375999999-04:00,2018-09-26 14:57:00-04:00,-0.16666666666666663,-0.12582470011219427,-0.040841966554472364,1.0
20180926_a16,20180926,2018-09-26,16,contaminated_2016_2022,9.6,2018-09-26 15:03:36.466000-04:00,2018-09-26 15:05:00-04:00,1.0,-0.12582470011219427,1.1258247001121942,-1.0
20180926_a19,20180926,2018-09-26,19,contaminated_2016_2022,9.6,2018-09-26 15:09:45.316000-04:00,2018-09-26 15:10:00-04:00,0.5,-0.12582470011219427,0.6258247001121943,-1.0
20180926_a22,20180926,2018-09-26,22,contaminated_2016_2022,9.6,2018-09-26 15:14:35.276000-04:00,2018-09-26 15:16:00-04:00,-0.16666666666666663,-0.12582470011219427,-0.040841966554472364,1.0
20180926_a25,20180926,2018-09-26,25,contaminated_2016_2022,9.6,2018-09-26 15:21:02.506000-04:00,2018-09-26 15:22:00-04:00,0.5,-0.12582470011219427,0.6258247001121943,-1.0
20180926_a30,20180926,2018-09-26,30,contaminated_2016_2022,9.6,2018-09-26 15:26:47.286000-04:00,2018-09-26 15:27:00-04:00,0.5,-0.12582470011219427,0.6258247001121943,-1.0
20181219_a00,20181219,2018-12-19,0,contaminated_2016_2022,8.8,2018-12-19 14:41:05.265999999-05:00,2018-12-19 14:42:00-05:00,-0.16666666666666663,-0.12240653365781548,-0.04426013300885115,1.0
20181219_a03,20181219,2018-12-19,3,contaminated_2016_2022,8.8,2018-12-19 14:46:49.456000-05:00,2018-12-19 14:47:00-05:00,0.75,-0.12240653365781548,0.8724065336578155,-1.0
20181219_a06,20181219,2018-12-19,6,contaminated_2016_2022,8.8,2018-12-19 14:51:51.006000-05:00,2018-12-19 14:52:00-05:00,0.5,-0.12240653365781548,0.6224065336578155,-1.0
20181219_a09,20181219,2018-12-19,9,contaminated_2016_2022,8.8,2018-12-19 14:57:00.346000-05:00,2018-12-19 14:58:00-05:00,0.5,-0.12240653365781548,0.6224065336578155,-1.0
20181219_a14,20181219,2018-12-19,14,contaminated_2016_2022,8.8,2018-12-19 15:03:08.106000-05:00,2018-12-19 15:04:00-05:00,-0.25,-0.12240653365781548,-0.12759346634218452,1.0
20181219_a18,20181219,2018-12-19,18,contaminated_2016_2022,8.8,2018-12-19 15:08:04.526000-05:00,2018-12-19 15:09:00-05:00,0.0,-0.12240653365781548,0.12240653365781548,-1.0
20181219_a21,20181219,2018-12-19,21,contaminated_2016_2022,8.8,2018-12-19 15:13:16.946000-05:00,2018-12-19 15:14:00-05:00,0.5,-0.12240653365781548,0.6224065336578155,-1.0
20190130_a00,20190130,2019-01-30,0,contaminated_2016_2022,9.3,2019-01-30 14:40:50.536000-05:00,2019-01-30 14:41:00-05:00,0.6666666666666666,0.05358235369116028,0.6130843129755064,-1.0
20190130_a05,20190130,2019-01-30,5,contaminated_2016_2022,9.3,2019-01-30 14:45:16.075999999-05:00,2019-01-30 14:46:00-05:00,0.6666666666666666,0.05358235369116028,0.6130843129755064,-1.0
20190130_a09,20190130,2019-01-30,9,contaminated_2016_2022,9.3,2019-01-30 14:51:10.735999999-05:00,2019-01-30 14:52:00-05:00,1.1666666666666665,0.05358235369116028,1.1130843129755061,-1.0
20190130_a13,20190130,2019-01-30,13,contaminated_2016_2022,9.3,2019-01-30 14:56:39.696000-05:00,2019-01-30 14:57:00-05:00,0.16666666666666663,0.05358235369116028,0.11308431297550635,-1.0
20190130_a18,20190130,2019-01-30,18,contaminated_2016_2022,9.3,2019-01-30 15:02:22.746000-05:00,2019-01-30 15:03:00-05:00,0.6666666666666666,0.05358235369116028,0.6130843129755064,-1.0
20190130_a22,20190130,2019-01-30,22,contaminated_2016_2022,9.3,2019-01-30 15:07:20.376000-05:00,2019-01-30 15:08:00-05:00,0.6666666666666666,0.05358235369116028,0.6130843129755064,-1.0
20190130_a26,20190130,2019-01-30,26,contaminated_2016_2022,9.3,2019-01-30 15:13:40.956000-05:00,2019-01-30 15:14:00-05:00,0.6666666666666666,0.05358235369116028,0.6130843129755064,-1.0
20190130_a29,20190130,2019-01-30,29,contaminated_2016_2022,9.3,2019-01-30 15:18:02.045999999-05:00,2019-01-30 15:19:00-05:00,1.4166666666666665,0.05358235369116028,1.3630843129755061,-1.0
20190320_a00,20190320,2019-03-20,0,contaminated_2016_2022,9.4,2019-03-20 14:40:02.566000-04:00,2019-03-20 14:41:00-04:00,0.0,0.2743641203681795,-0.2743641203681795,1.0
20190320_a04,20190320,2019-03-20,4,contaminated_2016_2022,9.4,2019-03-20 14:46:44.795999999-04:00,2019-03-20 14:47:00-04:00,0.16666666666666663,0.2743641203681795,-0.10769745370151285,1.0
20190320_a08,20190320,2019-03-20,8,contaminated_2016_2022,9.4,2019-03-20 14:52:15.856000-04:00,2019-03-20 14:53:00-04:00,0.6666666666666666,0.2743641203681795,0.39230254629848715,-1.0
20190320_a12,20190320,2019-03-20,12,contaminated_2016_2022,9.4,2019-03-20 14:58:02.326000-04:00,2019-03-20 14:59:00-04:00,0.6666666666666666,0.2743641203681795,0.39230254629848715,-1.0
20190320_a16,20190320,2019-03-20,16,contaminated_2016_2022,9.4,2019-03-20 15:04:21.875999999-04:00,2019-03-20 15:05:00-04:00,0.0,0.2743641203681795,-0.2743641203681795,1.0
20190320_a22,20190320,2019-03-20,22,contaminated_2016_2022,9.4,2019-03-20 15:10:41.920615384-04:00,2019-03-20 15:11:00-04:00,1.1666666666666665,0.2743641203681795,0.892302546298487,-1.0
20190320_a26,20190320,2019-03-20,26,contaminated_2016_2022,9.4,2019-03-20 15:15:17.456000-04:00,2019-03-20 15:16:00-04:00,0.6666666666666666,0.2743641203681795,0.39230254629848715,-1.0
20190619_a00,20190619,2019-06-19,0,contaminated_2016_2022,8.8,2019-06-19 14:39:34.436000-04:00,2019-06-19 14:40:00-04:00,-0.16666666666666663,0.17118456177988028,-0.3378512284465469,1.0
20190619_a05,20190619,2019-06-19,5,contaminated_2016_2022,8.8,2019-06-19 14:44:22.476000-04:00,2019-06-19 14:45:00-04:00,0.0,0.17118456177988028,-0.17118456177988028,1.0
20190619_a11,20190619,2019-06-19,11,contaminated_2016_2022,8.8,2019-06-19 14:49:40.076000-04:00,2019-06-19 14:50:00-04:00,-0.16666666666666663,0.17118456177988028,-0.3378512284465469,1.0
20190619_a14,20190619,2019-06-19,14,contaminated_2016_2022,8.8,2019-06-19 14:54:26.256000-04:00,2019-06-19 14:55:00-04:00,0.5,0.17118456177988028,0.3288154382201197,-1.0
20190619_a17,20190619,2019-06-19,17,contaminated_2016_2022,8.8,2019-06-19 14:59:46.855999999-04:00,2019-06-19 15:00:00-04:00,0.5,0.17118456177988028,0.3288154382201197,-1.0
20190619_a21,20190619,2019-06-19,21,contaminated_2016_2022,8.8,2019-06-19 15:06:00.306000-04:00,2019-06-19 15:07:00-04:00,0.0,0.17118456177988028,-0.17118456177988028,1.0
20190619_a24,20190619,2019-06-19,24,contaminated_2016_2022,8.8,2019-06-19 15:11:45.616000-04:00,2019-06-19 15:12:00-04:00,0.5,0.17118456177988028,0.3288154382201197,-1.0
20190731_a00,20190731,2019-07-31,0,contaminated_2016_2022,9.7,2019-07-31 14:38:05.356000-04:00,2019-07-31 14:39:00-04:00,0.09999999999999998,-0.028671627415089974,0.12867162741508995,-1.0
20190731_a04,20190731,2019-07-31,4,contaminated_2016_2022,9.7,2019-07-31 14:44:04.745999999-04:00,2019-07-31 14:45:00-04:00,0.5,-0.028671627415089974,0.52867162741509,-1.0
20190731_a08,20190731,2019-07-31,8,contaminated_2016_2022,9.7,2019-07-31 14:49:33.785999999-04:00,2019-07-31 14:50:00-04:00,-0.16666666666666663,-0.028671627415089974,-0.13799503925157666,1.0
20190731_a11,20190731,2019-07-31,11,contaminated_2016_2022,9.7,2019-07-31 14:54:08.326000-04:00,2019-07-31 14:55:00-04:00,-0.16666666666666663,-0.028671627415089974,-0.13799503925157666,1.0
20190731_a15,20190731,2019-07-31,15,contaminated_2016_2022,9.7,2019-07-31 15:01:18.205999999-04:00,2019-07-31 15:02:00-04:00,0.5,-0.028671627415089974,0.52867162741509,-1.0
20190731_a19,20190731,2019-07-31,19,contaminated_2016_2022,9.7,2019-07-31 15:06:07.016000-04:00,2019-07-31 15:07:00-04:00,0.5,-0.028671627415089974,0.52867162741509,-1.0
20190731_a24,20190731,2019-07-31,24,contaminated_2016_2022,9.7,2019-07-31 15:11:35.726000-04:00,2019-07-31 15:12:00-04:00,0.6666666666666666,-0.028671627415089974,0.6953382940817566,-1.0
20190731_a27,20190731,2019-07-31,27,contaminated_2016_2022,9.7,2019-07-31 15:16:05.586000-04:00,2019-07-31 15:17:00-04:00,1.0,-0.028671627415089974,1.02867162741509,-1.0
20190918_a00,20190918,2019-09-18,0,contaminated_2016_2022,9.4,2019-09-18 14:40:02.026000-04:00,2019-09-18 14:41:00-04:00,0.0,-0.05813394320952758,0.05813394320952758,-1.0
20190918_a04,20190918,2019-09-18,4,contaminated_2016_2022,9.4,2019-09-18 14:45:19.446000-04:00,2019-09-18 14:46:00-04:00,-0.25,-0.05813394320952758,-0.19186605679047242,1.0
20190918_a07,20190918,2019-09-18,7,contaminated_2016_2022,9.4,2019-09-18 14:51:27.196000-04:00,2019-09-18 14:52:00-04:00,0.5,-0.05813394320952758,0.5581339432095276,-1.0
20190918_a13,20190918,2019-09-18,13,contaminated_2016_2022,9.4,2019-09-18 14:56:38.086000-04:00,2019-09-18 14:57:00-04:00,0.5,-0.05813394320952758,0.5581339432095276,-1.0
20190918_a17,20190918,2019-09-18,17,contaminated_2016_2022,9.4,2019-09-18 15:02:24.576000-04:00,2019-09-18 15:03:00-04:00,0.5,-0.05813394320952758,0.5581339432095276,-1.0
20190918_a21,20190918,2019-09-18,21,contaminated_2016_2022,9.4,2019-09-18 15:09:05.296000-04:00,2019-09-18 15:10:00-04:00,0.5,-0.05813394320952758,0.5581339432095276,-1.0
20190918_a24,20190918,2019-09-18,24,contaminated_2016_2022,9.4,2019-09-18 15:15:15.346000-04:00,2019-09-18 15:16:00-04:00,-0.16666666666666663,-0.05813394320952758,-0.10853272345713905,1.0
20190918_a28,20190918,2019-09-18,28,contaminated_2016_2022,9.4,2019-09-18 15:20:57.986000-04:00,2019-09-18 15:21:00-04:00,0.5,-0.05813394320952758,0.5581339432095276,-1.0
20191030_a01,20191030,2019-10-30,1,contaminated_2016_2022,8.7,2019-10-30 14:39:38.036000-04:00,2019-10-30 14:40:00-04:00,0.5,-0.043122747882420855,0.5431227478824209,-1.0
20191030_a04,20191030,2019-10-30,4,contaminated_2016_2022,8.7,2019-10-30 14:44:48.205999999-04:00,2019-10-30 14:45:00-04:00,0.5,-0.043122747882420855,0.5431227478824209,-1.0
20191030_a10,20191030,2019-10-30,10,contaminated_2016_2022,8.7,2019-10-30 14:50:35.466000-04:00,2019-10-30 14:51:00-04:00,0.5,-0.043122747882420855,0.5431227478824209,-1.0
20191030_a13,20191030,2019-10-30,13,contaminated_2016_2022,8.7,2019-10-30 14:55:35.786000-04:00,2019-10-30 14:56:00-04:00,0.5,-0.043122747882420855,0.5431227478824209,-1.0
20191030_a18,20191030,2019-10-30,18,contaminated_2016_2022,8.7,2019-10-30 15:01:48.455999999-04:00,2019-10-30 15:02:00-04:00,0.5,-0.043122747882420855,0.5431227478824209,-1.0
20191030_a22,20191030,2019-10-30,22,contaminated_2016_2022,8.7,2019-10-30 15:06:39.536000-04:00,2019-10-30 15:07:00-04:00,0.5,-0.043122747882420855,0.5431227478824209,-1.0
20191030_a27,20191030,2019-10-30,27,contaminated_2016_2022,8.7,2019-10-30 15:12:23.565999999-04:00,2019-10-30 15:13:00-04:00,0.5,-0.043122747882420855,0.5431227478824209,-1.0
20191030_a30,20191030,2019-10-30,30,contaminated_2016_2022,8.7,2019-10-30 15:17:32.966000-04:00,2019-10-30 15:18:00-04:00,0.5,-0.043122747882420855,0.5431227478824209,-1.0
20191211_a00,20191211,2019-12-11,0,contaminated_2016_2022,8.8,2019-12-11 14:38:42.296000-05:00,2019-12-11 14:39:00-05:00,-0.30000000000000004,-0.029311027628015348,-0.2706889723719847,1.0
20191211_a03,20191211,2019-12-11,3,contaminated_2016_2022,8.8,2019-12-11 14:46:35.406000-05:00,2019-12-11 14:47:00-05:00,0.5,-0.029311027628015348,0.5293110276280153,-1.0
20191211_a08,20191211,2019-12-11,8,contaminated_2016_2022,8.8,2019-12-11 14:52:01.995999999-05:00,2019-12-11 14:53:00-05:00,-0.16666666666666663,-0.029311027628015348,-0.13735563903865128,1.0
20191211_a12,20191211,2019-12-11,12,contaminated_2016_2022,8.8,2019-12-11 14:58:40.185999999-05:00,2019-12-11 14:59:00-05:00,-0.30000000000000004,-0.029311027628015348,-0.2706889723719847,1.0
20191211_a15,20191211,2019-12-11,15,contaminated_2016_2022,8.8,2019-12-11 15:03:34.466000-05:00,2019-12-11 15:04:00-05:00,0.5,-0.029311027628015348,0.5293110276280153,-1.0
20191211_a18,20191211,2019-12-11,18,contaminated_2016_2022,8.8,2019-12-11 15:08:20.895999999-05:00,2019-12-11 15:09:00-05:00,0.5,-0.029311027628015348,0.5293110276280153,-1.0
20191211_a22,20191211,2019-12-11,22,contaminated_2016_2022,8.8,2019-12-11 15:13:59.655999999-05:00,2019-12-11 15:14:00-05:00,0.5,-0.029311027628015348,0.5293110276280153,-1.0
20191211_a26,20191211,2019-12-11,26,contaminated_2016_2022,8.8,2019-12-11 15:18:59.585999999-05:00,2019-12-11 15:19:00-05:00,-0.25,-0.029311027628015348,-0.22068897237198465,1.0
20200129_a00,20200129,2020-01-29,0,contaminated_2016_2022,8.7,2020-01-29 14:39:26.666000-05:00,2020-01-29 14:40:00-05:00,0.0,-0.07219000764544486,0.07219000764544486,-1.0
20200129_a02,20200129,2020-01-29,2,contaminated_2016_2022,8.7,2020-01-29 14:45:54.466000-05:00,2020-01-29 14:46:00-05:00,0.5,-0.07219000764544486,0.5721900076454449,-1.0
20200129_a04,20200129,2020-01-29,4,contaminated_2016_2022,8.7,2020-01-29 14:51:32.516000-05:00,2020-01-29 14:52:00-05:00,-0.16666666666666663,-0.07219000764544486,-0.09447665902122176,1.0
20200129_a06,20200129,2020-01-29,6,contaminated_2016_2022,8.7,2020-01-29 14:56:47.965999999-05:00,2020-01-29 14:57:00-05:00,0.5,-0.07219000764544486,0.5721900076454449,-1.0
20200129_a11,20200129,2020-01-29,11,contaminated_2016_2022,8.7,2020-01-29 15:02:40.306000-05:00,2020-01-29 15:03:00-05:00,0.5,-0.07219000764544486,0.5721900076454449,-1.0
20200129_a14,20200129,2020-01-29,14,contaminated_2016_2022,8.7,2020-01-29 15:08:44.965999999-05:00,2020-01-29 15:09:00-05:00,0.5,-0.07219000764544486,0.5721900076454449,-1.0
20200129_a18,20200129,2020-01-29,18,contaminated_2016_2022,8.7,2020-01-29 15:13:03.056000-05:00,2020-01-29 15:14:00-05:00,0.5,-0.07219000764544486,0.5721900076454449,-1.0
20200129_a21,20200129,2020-01-29,21,contaminated_2016_2022,8.7,2020-01-29 15:18:45.856000-05:00,2020-01-29 15:19:00-05:00,0.5,-0.07219000764544486,0.5721900076454449,-1.0
20200129_a24,20200129,2020-01-29,24,contaminated_2016_2022,8.7,2020-01-29 15:24:47.886000-05:00,2020-01-29 15:25:00-05:00,0.5,-0.07219000764544486,0.5721900076454449,-1.0
20200429_a00,20200429,2020-04-29,0,contaminated_2016_2022,8.8,2020-04-29 14:39:28.386000-04:00,2020-04-29 14:40:00-04:00,-0.5,-0.08925556989584223,-0.4107444301041578,1.0
20200429_a02,20200429,2020-04-29,2,contaminated_2016_2022,8.8,2020-04-29 14:44:58.385999999-04:00,2020-04-29 14:45:00-04:00,0.0,-0.08925556989584223,0.08925556989584223,-1.0
20200429_a03,20200429,2020-04-29,3,contaminated_2016_2022,8.8,2020-04-29 14:50:11.496000-04:00,2020-04-29 14:51:00-04:00,-0.6666666666666666,-0.08925556989584223,-0.5774110967708244,1.0
20200429_a05,20200429,2020-04-29,5,contaminated_2016_2022,8.8,2020-04-29 14:57:26.245999999-04:00,2020-04-29 14:58:00-04:00,-0.75,-0.08925556989584223,-0.6607444301041577,1.0
20200429_a07,20200429,2020-04-29,7,contaminated_2016_2022,8.8,2020-04-29 15:02:32.065999999-04:00,2020-04-29 15:03:00-04:00,0.0,-0.08925556989584223,0.08925556989584223,-1.0
20200429_a11,20200429,2020-04-29,11,contaminated_2016_2022,8.8,2020-04-29 15:09:11.616000-04:00,2020-04-29 15:10:00-04:00,0.0,-0.08925556989584223,0.08925556989584223,-1.0
20200429_a13,20200429,2020-04-29,13,contaminated_2016_2022,8.8,2020-04-29 15:16:18.686000-04:00,2020-04-29 15:17:00-04:00,0.0,-0.08925556989584223,0.08925556989584223,-1.0
20200610_a00,20200610,2020-06-10,0,contaminated_2016_2022,9.1,2020-06-10 14:44:31.026000-04:00,2020-06-10 14:45:00-04:00,0.0,-0.09066342723387154,0.09066342723387154,-1.0
20200610_a02,20200610,2020-06-10,2,contaminated_2016_2022,9.1,2020-06-10 14:49:42.885999999-04:00,2020-06-10 14:50:00-04:00,-0.75,-0.09066342723387154,-0.6593365727661284,1.0
20200610_a04,20200610,2020-06-10,4,contaminated_2016_2022,9.1,2020-06-10 14:55:54.956000-04:00,2020-06-10 14:56:00-04:00,-0.75,-0.09066342723387154,-0.6593365727661284,1.0
20200610_a06,20200610,2020-06-10,6,contaminated_2016_2022,9.1,2020-06-10 15:00:54.476000-04:00,2020-06-10 15:01:00-04:00,0.0,-0.09066342723387154,0.09066342723387154,-1.0
20200610_a08,20200610,2020-06-10,8,contaminated_2016_2022,9.1,2020-06-10 15:10:14.546000-04:00,2020-06-10 15:11:00-04:00,-0.8333333333333334,-0.09066342723387154,-0.7426699060994618,1.0
20200610_a10,20200610,2020-06-10,10,contaminated_2016_2022,9.1,2020-06-10 15:16:35.596000-04:00,2020-06-10 15:17:00-04:00,-0.75,-0.09066342723387154,-0.6593365727661284,1.0
20200610_a12,20200610,2020-06-10,12,contaminated_2016_2022,9.1,2020-06-10 15:21:06.396000-04:00,2020-06-10 15:22:00-04:00,0.0,-0.09066342723387154,0.09066342723387154,-1.0
20200610_a14,20200610,2020-06-10,14,contaminated_2016_2022,9.1,2020-06-10 15:28:39.696000-04:00,2020-06-10 15:29:00-04:00,0.0,-0.09066342723387154,0.09066342723387154,-1.0
20200729_a00,20200729,2020-07-29,0,contaminated_2016_2022,13.1,2020-07-29 14:42:13.575999999-04:00,2020-07-29 14:43:00-04:00,0.0,-0.16133302196228394,0.16133302196228394,-1.0
20200729_a03,20200729,2020-07-29,3,contaminated_2016_2022,13.1,2020-07-29 14:51:18.596000-04:00,2020-07-29 14:52:00-04:00,-0.6666666666666666,-0.16133302196228394,-0.5053336447043827,1.0
20200729_a06,20200729,2020-07-29,6,contaminated_2016_2022,13.1,2020-07-29 14:57:43.056000-04:00,2020-07-29 14:58:00-04:00,0.0,-0.16133302196228394,0.16133302196228394,-1.0
20200729_a08,20200729,2020-07-29,8,contaminated_2016_2022,13.1,2020-07-29 15:03:18.726000-04:00,2020-07-29 15:04:00-04:00,0.0,-0.16133302196228394,0.16133302196228394,-1.0
20200729_a11,20200729,2020-07-29,11,contaminated_2016_2022,13.1,2020-07-29 15:09:13.756000-04:00,2020-07-29 15:10:00-04:00,0.0,-0.16133302196228394,0.16133302196228394,-1.0
20200729_a14,20200729,2020-07-29,14,contaminated_2016_2022,13.1,2020-07-29 15:16:57.296000-04:00,2020-07-29 15:17:00-04:00,-0.8571428571428571,-0.16133302196228394,-0.6958098351805732,1.0
20200729_a17,20200729,2020-07-29,17,contaminated_2016_2022,13.1,2020-07-29 15:21:06.996000-04:00,2020-07-29 15:22:00-04:00,0.0,-0.16133302196228394,0.16133302196228394,-1.0
20200729_a20,20200729,2020-07-29,20,contaminated_2016_2022,13.1,2020-07-29 15:28:37.796000-04:00,2020-07-29 15:29:00-04:00,0.0,-0.16133302196228394,0.16133302196228394,-1.0
20200916_a00,20200916,2020-09-16,0,contaminated_2016_2022,8.6,2020-09-16 14:43:15.155999999-04:00,2020-09-16 14:44:00-04:00,-0.08333333333333337,-0.2010375670573171,0.11770423372398373,-1.0
20200916_a04,20200916,2020-09-16,4,contaminated_2016_2022,8.6,2020-09-16 14:49:35.276000-04:00,2020-09-16 14:50:00-04:00,0.6666666666666666,-0.2010375670573171,0.8677042337239838,-1.0
20200916_a07,20200916,2020-09-16,7,contaminated_2016_2022,8.6,2020-09-16 14:54:58.956000-04:00,2020-09-16 14:55:00-04:00,0.6666666666666666,-0.2010375670573171,0.8677042337239838,-1.0
20200916_a09,20200916,2020-09-16,9,contaminated_2016_2022,8.6,2020-09-16 15:01:16.845999999-04:00,2020-09-16 15:02:00-04:00,-0.08333333333333337,-0.2010375670573171,0.11770423372398373,-1.0
20200916_a12,20200916,2020-09-16,12,contaminated_2016_2022,8.6,2020-09-16 15:08:45.146000-04:00,2020-09-16 15:09:00-04:00,0.6666666666666666,-0.2010375670573171,0.8677042337239838,-1.0
20200916_a13,20200916,2020-09-16,13,contaminated_2016_2022,8.6,2020-09-16 15:13:23.656000-04:00,2020-09-16 15:14:00-04:00,0.6666666666666666,-0.2010375670573171,0.8677042337239838,-1.0
20200916_a16,20200916,2020-09-16,16,contaminated_2016_2022,8.6,2020-09-16 15:18:39.116000-04:00,2020-09-16 15:19:00-04:00,0.0,-0.2010375670573171,0.2010375670573171,-1.0
20200916_a18,20200916,2020-09-16,18,contaminated_2016_2022,8.6,2020-09-16 15:23:25.976000-04:00,2020-09-16 15:24:00-04:00,-0.13333333333333341,-0.2010375670573171,0.06770423372398368,-1.0
20200916_a21,20200916,2020-09-16,21,contaminated_2016_2022,8.6,2020-09-16 15:29:49.646000-04:00,2020-09-16 15:30:00-04:00,0.16666666666666663,-0.2010375670573171,0.36770423372398375,-1.0
20200916_a23,20200916,2020-09-16,23,contaminated_2016_2022,8.6,2020-09-16 15:34:17.216000-04:00,2020-09-16 15:35:00-04:00,1.1666666666666665,-0.2010375670573171,1.3677042337239835,-1.0
20201105_a00,20201105,2020-11-05,0,contaminated_2016_2022,9.0,2020-11-05 14:42:34.695999999-05:00,2020-11-05 14:43:00-05:00,0.75,-0.18654305592021597,0.9365430559202159,-1.0
20201105_a03,20201105,2020-11-05,3,contaminated_2016_2022,9.0,2020-11-05 14:49:29.095999999-05:00,2020-11-05 14:50:00-05:00,0.25,-0.18654305592021597,0.43654305592021597,-1.0
20201105_a06,20201105,2020-11-05,6,contaminated_2016_2022,9.0,2020-11-05 14:58:07.536000-05:00,2020-11-05 14:59:00-05:00,0.0,-0.18654305592021597,0.18654305592021597,-1.0
20201105_a10,20201105,2020-11-05,10,contaminated_2016_2022,9.0,2020-11-05 15:05:29.446000-05:00,2020-11-05 15:06:00-05:00,0.75,-0.18654305592021597,0.9365430559202159,-1.0
20201105_a13,20201105,2020-11-05,13,contaminated_2016_2022,9.0,2020-11-05 15:10:45.036000-05:00,2020-11-05 15:11:00-05:00,0.75,-0.18654305592021597,0.9365430559202159,-1.0
20201105_a16,20201105,2020-11-05,16,contaminated_2016_2022,9.0,2020-11-05 15:17:03.926000-05:00,2020-11-05 15:18:00-05:00,0.75,-0.18654305592021597,0.9365430559202159,-1.0
20201216_a00,20201216,2020-12-16,0,contaminated_2016_2022,8.7,2020-12-16 14:43:10.246000-05:00,2020-12-16 14:44:00-05:00,0.35,-0.1815031663883972,0.5315031663883971,-1.0
20201216_a04,20201216,2020-12-16,4,contaminated_2016_2022,8.7,2020-12-16 14:49:54.166000-05:00,2020-12-16 14:50:00-05:00,0.75,-0.1815031663883972,0.9315031663883973,-1.0
20201216_a06,20201216,2020-12-16,6,contaminated_2016_2022,8.7,2020-12-16 14:55:31.146000-05:00,2020-12-16 14:56:00-05:00,0.75,-0.1815031663883972,0.9315031663883973,-1.0
20201216_a08,20201216,2020-12-16,8,contaminated_2016_2022,8.7,2020-12-16 15:01:39.716000-05:00,2020-12-16 15:02:00-05:00,0.5833333333333334,-0.1815031663883972,0.7648364997217305,-1.0
20201216_a10,20201216,2020-12-16,10,contaminated_2016_2022,8.7,2020-12-16 15:07:15.806000-05:00,2020-12-16 15:08:00-05:00,0.75,-0.1815031663883972,0.9315031663883973,-1.0
20201216_a12,20201216,2020-12-16,12,contaminated_2016_2022,8.7,2020-12-16 15:14:10.845999999-05:00,2020-12-16 15:15:00-05:00,0.0,-0.1815031663883972,0.1815031663883972,-1.0
20201216_a17,20201216,2020-12-16,17,contaminated_2016_2022,8.7,2020-12-16 15:20:16.965999999-05:00,2020-12-16 15:21:00-05:00,0.08333333333333337,-0.1815031663883972,0.26483649972173057,-1.0
20201216_a19,20201216,2020-12-16,19,contaminated_2016_2022,8.7,2020-12-16 15:25:10.696000-05:00,2020-12-16 15:26:00-05:00,0.75,-0.1815031663883972,0.9315031663883973,-1.0
20210127_a00,20210127,2021-01-27,0,contaminated_2016_2022,8.9,2021-01-27 14:41:37.475999999-05:00,2021-01-27 14:42:00-05:00,0.8,-0.1620976374755954,0.9620976374755954,-1.0
20210127_a02,20210127,2021-01-27,2,contaminated_2016_2022,8.9,2021-01-27 14:47:34.096000-05:00,2021-01-27 14:48:00-05:00,0.050000000000000044,-0.1620976374755954,0.21209763747559546,-1.0
20210127_a04,20210127,2021-01-27,4,contaminated_2016_2022,8.9,2021-01-27 14:52:24.786000-05:00,2021-01-27 14:53:00-05:00,0.13333333333333341,-0.1620976374755954,0.29543097080892883,-1.0
20210127_a07,20210127,2021-01-27,7,contaminated_2016_2022,8.9,2021-01-27 14:59:03.776000-05:00,2021-01-27 15:00:00-05:00,1.4666666666666668,-0.1620976374755954,1.6287643041422621,-1.0
20210127_a10,20210127,2021-01-27,10,contaminated_2016_2022,8.9,2021-01-27 15:05:36.675999999-05:00,2021-01-27 15:06:00-05:00,0.30000000000000004,-0.1620976374755954,0.46209763747559546,-1.0
20210127_a13,20210127,2021-01-27,13,contaminated_2016_2022,8.9,2021-01-27 15:11:14.056000-05:00,2021-01-27 15:12:00-05:00,0.8,-0.1620976374755954,0.9620976374755954,-1.0
20210127_a16,20210127,2021-01-27,16,contaminated_2016_2022,8.9,2021-01-27 15:18:18.226000-05:00,2021-01-27 15:19:00-05:00,0.8,-0.1620976374755954,0.9620976374755954,-1.0
20210127_a18,20210127,2021-01-27,18,contaminated_2016_2022,8.9,2021-01-27 15:25:36.256000-05:00,2021-01-27 15:26:00-05:00,0.8,-0.1620976374755954,0.9620976374755954,-1.0
20210428_a00,20210428,2021-04-28,0,contaminated_2016_2022,8.9,2021-04-28 14:37:58.225999999-04:00,2021-04-28 14:38:00-04:00,1.3,-0.11207363496372173,1.4120736349637217,-1.0
20210428_a02,20210428,2021-04-28,2,contaminated_2016_2022,8.9,2021-04-28 14:42:15.425999999-04:00,2021-04-28 14:43:00-04:00,0.30000000000000004,-0.11207363496372173,0.4120736349637218,-1.0
20210428_a05,20210428,2021-04-28,5,contaminated_2016_2022,8.9,2021-04-28 14:49:06.896000-04:00,2021-04-28 14:50:00-04:00,0.8,-0.11207363496372173,0.9120736349637217,-1.0
20210428_a07,20210428,2021-04-28,7,contaminated_2016_2022,8.9,2021-04-28 14:57:52.206000-04:00,2021-04-28 14:58:00-04:00,0.30000000000000004,-0.11207363496372173,0.4120736349637218,-1.0
20210428_a09,20210428,2021-04-28,9,contaminated_2016_2022,8.9,2021-04-28 15:02:00.246000-04:00,2021-04-28 15:03:00-04:00,0.8,-0.11207363496372173,0.9120736349637217,-1.0
20210428_a12,20210428,2021-04-28,12,contaminated_2016_2022,8.9,2021-04-28 15:07:14.476000-04:00,2021-04-28 15:08:00-04:00,0.8,-0.11207363496372173,0.9120736349637217,-1.0
20210428_a15,20210428,2021-04-28,15,contaminated_2016_2022,8.9,2021-04-28 15:13:58.446000-04:00,2021-04-28 15:14:00-04:00,0.13333333333333341,-0.11207363496372173,0.24540696829705516,-1.0
20210428_a17,20210428,2021-04-28,17,contaminated_2016_2022,8.9,2021-04-28 15:18:26.456000-04:00,2021-04-28 15:19:00-04:00,0.8,-0.11207363496372173,0.9120736349637217,-1.0
20210428_a22,20210428,2021-04-28,22,contaminated_2016_2022,8.9,2021-04-28 15:24:26.666000-04:00,2021-04-28 15:25:00-04:00,0.8,-0.11207363496372173,0.9120736349637217,-1.0
20210616_a00,20210616,2021-06-16,0,contaminated_2016_2022,8.6,2021-06-16 14:44:28.876000-04:00,2021-06-16 14:45:00-04:00,0.55,-0.16111430097700793,0.711114300977008,-1.0
20210616_a02,20210616,2021-06-16,2,contaminated_2016_2022,8.6,2021-06-16 14:49:23.016000-04:00,2021-06-16 14:50:00-04:00,0.8,-0.16111430097700793,0.961114300977008,-1.0
20210616_a04,20210616,2021-06-16,4,contaminated_2016_2022,8.6,2021-06-16 14:56:48.095999999-04:00,2021-06-16 14:57:00-04:00,1.6333333333333333,-0.16111430097700793,1.7944476343103413,-1.0
20210616_a08,20210616,2021-06-16,8,contaminated_2016_2022,8.6,2021-06-16 15:01:55.596000-04:00,2021-06-16 15:02:00-04:00,0.8,-0.16111430097700793,0.961114300977008,-1.0
20210616_a11,20210616,2021-06-16,11,contaminated_2016_2022,8.6,2021-06-16 15:07:15.886000-04:00,2021-06-16 15:08:00-04:00,0.13333333333333341,-0.16111430097700793,0.2944476343103414,-1.0
20210616_a13,20210616,2021-06-16,13,contaminated_2016_2022,8.6,2021-06-16 15:12:39.386000-04:00,2021-06-16 15:13:00-04:00,0.8,-0.16111430097700793,0.961114300977008,-1.0
20210616_a16,20210616,2021-06-16,16,contaminated_2016_2022,8.6,2021-06-16 15:17:54.916000-04:00,2021-06-16 15:18:00-04:00,1.05,-0.16111430097700793,1.211114300977008,-1.0
20210616_a19,20210616,2021-06-16,19,contaminated_2016_2022,8.6,2021-06-16 15:22:42.376000-04:00,2021-06-16 15:23:00-04:00,0.30000000000000004,-0.16111430097700793,0.461114300977008,-1.0
20210616_a21,20210616,2021-06-16,21,contaminated_2016_2022,8.6,2021-06-16 15:29:38.245999999-04:00,2021-06-16 15:30:00-04:00,1.05,-0.16111430097700793,1.211114300977008,-1.0
20210728_a00,20210728,2021-07-28,0,contaminated_2016_2022,8.6,2021-07-28 14:40:36.825999999-04:00,2021-07-28 14:41:00-04:00,0.13333333333333341,-0.05979450108228896,0.19312783441562237,-1.0
20210728_a04,20210728,2021-07-28,4,contaminated_2016_2022,8.6,2021-07-28 14:45:31.966000-04:00,2021-07-28 14:46:00-04:00,1.6,-0.05979450108228896,1.659794501082289,-1.0
20210728_a07,20210728,2021-07-28,7,contaminated_2016_2022,8.6,2021-07-28 14:50:47.636000-04:00,2021-07-28 14:51:00-04:00,1.3,-0.05979450108228896,1.359794501082289,-1.0
20210728_a09,20210728,2021-07-28,9,contaminated_2016_2022,8.6,2021-07-28 14:56:00.156000-04:00,2021-07-28 14:57:00-04:00,0.42500000000000004,-0.05979450108228896,0.484794501082289,-1.0
20210728_a11,20210728,2021-07-28,11,contaminated_2016_2022,8.6,2021-07-28 15:02:31.876000-04:00,2021-07-28 15:03:00-04:00,0.8,-0.05979450108228896,0.859794501082289,-1.0
20210728_a13,20210728,2021-07-28,13,contaminated_2016_2022,8.6,2021-07-28 15:08:30.776000-04:00,2021-07-28 15:09:00-04:00,1.4666666666666668,-0.05979450108228896,1.5264611677489557,-1.0
20210728_a16,20210728,2021-07-28,16,contaminated_2016_2022,8.6,2021-07-28 15:15:21.805999999-04:00,2021-07-28 15:16:00-04:00,1.3,-0.05979450108228896,1.359794501082289,-1.0
20210728_a20,20210728,2021-07-28,20,contaminated_2016_2022,8.6,2021-07-28 15:22:46.595999999-04:00,2021-07-28 15:23:00-04:00,1.3,-0.05979450108228896,1.359794501082289,-1.0
20210922_a00,20210922,2021-09-22,0,contaminated_2016_2022,8.6,2021-09-22 14:41:07.976000-04:00,2021-09-22 14:42:00-04:00,1.05,-0.008442905597086202,1.0584429055970863,-1.0
20210922_a03,20210922,2021-09-22,3,contaminated_2016_2022,8.6,2021-09-22 14:47:50.575999999-04:00,2021-09-22 14:48:00-04:00,1.2444444444444445,-0.008442905597086202,1.2528873500415307,-1.0
20210922_a05,20210922,2021-09-22,5,contaminated_2016_2022,8.6,2021-09-22 14:52:27.155999999-04:00,2021-09-22 14:53:00-04:00,0.8,-0.008442905597086202,0.8084429055970862,-1.0
20210922_a08,20210922,2021-09-22,8,contaminated_2016_2022,8.6,2021-09-22 14:57:37.786000-04:00,2021-09-22 14:58:00-04:00,1.3,-0.008442905597086202,1.3084429055970863,-1.0
20210922_a10,20210922,2021-09-22,10,contaminated_2016_2022,8.6,2021-09-22 15:02:11.695999999-04:00,2021-09-22 15:03:00-04:00,0.30000000000000004,-0.008442905597086202,0.30844290559708626,-1.0
20210922_a15,20210922,2021-09-22,15,contaminated_2016_2022,8.6,2021-09-22 15:08:34.096000-04:00,2021-09-22 15:09:00-04:00,0.8,-0.008442905597086202,0.8084429055970862,-1.0
20210922_a18,20210922,2021-09-22,18,contaminated_2016_2022,8.6,2021-09-22 15:14:39.956000-04:00,2021-09-22 15:15:00-04:00,0.8,-0.008442905597086202,0.8084429055970862,-1.0
20210922_a22,20210922,2021-09-22,22,contaminated_2016_2022,8.6,2021-09-22 15:19:09.336000-04:00,2021-09-22 15:20:00-04:00,0.8,-0.008442905597086202,0.8084429055970862,-1.0
20210922_a27,20210922,2021-09-22,27,contaminated_2016_2022,8.6,2021-09-22 15:24:54.825999999-04:00,2021-09-22 15:25:00-04:00,0.8,-0.008442905597086202,0.8084429055970862,-1.0
20211103_a00,20211103,2021-11-03,0,contaminated_2016_2022,8.6,2021-11-03 14:40:37.836000-04:00,2021-11-03 14:41:00-04:00,0.8333333333333334,0.024482000605237936,0.8088513327280954,-1.0
20211103_a04,20211103,2021-11-03,4,contaminated_2016_2022,8.6,2021-11-03 14:46:26.856000-04:00,2021-11-03 14:47:00-04:00,0.8333333333333334,0.024482000605237936,0.8088513327280954,-1.0
20211103_a07,20211103,2021-11-03,7,contaminated_2016_2022,8.6,2021-11-03 14:51:31.296000-04:00,2021-11-03 14:52:00-04:00,-0.04166666666666663,0.024482000605237936,-0.06614866727190456,1.0
20211103_a10,20211103,2021-11-03,10,contaminated_2016_2022,8.6,2021-11-03 14:56:29.526000-04:00,2021-11-03 14:57:00-04:00,0.8333333333333334,0.024482000605237936,0.8088513327280954,-1.0
20211103_a13,20211103,2021-11-03,13,contaminated_2016_2022,8.6,2021-11-03 15:02:20.885999999-04:00,2021-11-03 15:03:00-04:00,0.16666666666666674,0.024482000605237936,0.1421846660614288,-1.0
20211103_a16,20211103,2021-11-03,16,contaminated_2016_2022,8.6,2021-11-03 15:10:06.215999999-04:00,2021-11-03 15:11:00-04:00,0.8333333333333334,0.024482000605237936,0.8088513327280954,-1.0
20211103_a20,20211103,2021-11-03,20,contaminated_2016_2022,8.6,2021-11-03 15:16:27.466000-04:00,2021-11-03 15:17:00-04:00,0.8333333333333334,0.024482000605237936,0.8088513327280954,-1.0
20211103_a23,20211103,2021-11-03,23,contaminated_2016_2022,8.6,2021-11-03 15:26:09.586000-04:00,2021-11-03 15:27:00-04:00,0.8333333333333334,0.024482000605237936,0.8088513327280954,-1.0
20211215_a00,20211215,2021-12-15,0,contaminated_2016_2022,8.6,2021-12-15 14:40:14.856000-05:00,2021-12-15 14:41:00-05:00,0.30000000000000004,0.014415663766576187,0.28558433623342383,-1.0
20211215_a03,20211215,2021-12-15,3,contaminated_2016_2022,8.6,2021-12-15 14:45:09.806000-05:00,2021-12-15 14:46:00-05:00,0.8,0.014415663766576187,0.7855843362334238,-1.0
20211215_a06,20211215,2021-12-15,6,contaminated_2016_2022,8.6,2021-12-15 14:52:26.396000-05:00,2021-12-15 14:53:00-05:00,0.8,0.014415663766576187,0.7855843362334238,-1.0
20211215_a09,20211215,2021-12-15,9,contaminated_2016_2022,8.6,2021-12-15 14:57:41.196000-05:00,2021-12-15 14:58:00-05:00,0.8,0.014415663766576187,0.7855843362334238,-1.0
20211215_a11,20211215,2021-12-15,11,contaminated_2016_2022,8.6,2021-12-15 15:03:11.245999999-05:00,2021-12-15 15:04:00-05:00,0.13333333333333341,0.014415663766576187,0.11891766956675723,-1.0
20211215_a14,20211215,2021-12-15,14,contaminated_2016_2022,8.6,2021-12-15 15:09:44.206000-05:00,2021-12-15 15:10:00-05:00,0.8,0.014415663766576187,0.7855843362334238,-1.0
20211215_a17,20211215,2021-12-15,17,contaminated_2016_2022,8.6,2021-12-15 15:16:56.216000-05:00,2021-12-15 15:17:00-05:00,0.8,0.014415663766576187,0.7855843362334238,-1.0
20211215_a20,20211215,2021-12-15,20,contaminated_2016_2022,8.6,2021-12-15 15:22:31.596000-05:00,2021-12-15 15:23:00-05:00,0.5142857142857143,0.014415663766576187,0.49987005051913813,-1.0
20211215_a24,20211215,2021-12-15,24,contaminated_2016_2022,8.6,2021-12-15 15:28:43.196000-05:00,2021-12-15 15:29:00-05:00,0.30000000000000004,0.014415663766576187,0.28558433623342383,-1.0
20220126_a00,20220126,2022-01-26,0,contaminated_2016_2022,8.6,2022-01-26 14:40:15.336000-05:00,2022-01-26 14:41:00-05:00,0.8,0.07781738696234973,0.7221826130376503,-1.0
20220126_a02,20220126,2022-01-26,2,contaminated_2016_2022,8.6,2022-01-26 14:46:30.905999999-05:00,2022-01-26 14:47:00-05:00,0.8,0.07781738696234973,0.7221826130376503,-1.0
20220126_a05,20220126,2022-01-26,5,contaminated_2016_2022,8.6,2022-01-26 14:51:27.466000-05:00,2022-01-26 14:52:00-05:00,0.8,0.07781738696234973,0.7221826130376503,-1.0
20220126_a07,20220126,2022-01-26,7,contaminated_2016_2022,8.6,2022-01-26 14:58:01.006000-05:00,2022-01-26 14:59:00-05:00,0.30000000000000004,0.07781738696234973,0.2221826130376503,-1.0
20220126_a09,20220126,2022-01-26,9,contaminated_2016_2022,8.6,2022-01-26 15:06:14.316000-05:00,2022-01-26 15:07:00-05:00,1.05,0.07781738696234973,0.9721826130376503,-1.0
20220126_a12,20220126,2022-01-26,12,contaminated_2016_2022,8.6,2022-01-26 15:13:31.896000-05:00,2022-01-26 15:14:00-05:00,0.8,0.07781738696234973,0.7221826130376503,-1.0
20220126_a16,20220126,2022-01-26,16,contaminated_2016_2022,8.6,2022-01-26 15:20:22.256000-05:00,2022-01-26 15:21:00-05:00,0.8,0.07781738696234973,0.7221826130376503,-1.0
20220126_a20,20220126,2022-01-26,20,contaminated_2016_2022,8.6,2022-01-26 15:25:56.026000-05:00,2022-01-26 15:26:00-05:00,0.8,0.07781738696234973,0.7221826130376503,-1.0
20220316_a00,20220316,2022-03-16,0,contaminated_2016_2022,8.6,2022-03-16 14:39:30.016000-04:00,2022-03-16 14:40:00-04:00,0.5,0.03760685782507235,0.46239314217492766,-1.0
20220316_a04,20220316,2022-03-16,4,contaminated_2016_2022,8.6,2022-03-16 14:45:50.336000-04:00,2022-03-16 14:46:00-04:00,0.0,0.03760685782507235,-0.03760685782507235,1.0
20220316_a07,20220316,2022-03-16,7,contaminated_2016_2022,8.6,2022-03-16 14:51:10.355999999-04:00,2022-03-16 14:52:00-04:00,0.5,0.03760685782507235,0.46239314217492766,-1.0
20220316_a12,20220316,2022-03-16,12,contaminated_2016_2022,8.6,2022-03-16 14:59:06.796000-04:00,2022-03-16 15:00:00-04:00,-0.75,0.03760685782507235,-0.7876068578250723,1.0
20220316_a15,20220316,2022-03-16,15,contaminated_2016_2022,8.6,2022-03-16 15:05:43.016000-04:00,2022-03-16 15:06:00-04:00,-0.25,0.03760685782507235,-0.28760685782507234,1.0
20220316_a18,20220316,2022-03-16,18,contaminated_2016_2022,8.6,2022-03-16 15:11:29.656000-04:00,2022-03-16 15:12:00-04:00,-0.5,0.03760685782507235,-0.5376068578250723,1.0
20220316_a21,20220316,2022-03-16,21,contaminated_2016_2022,8.6,2022-03-16 15:16:15.946000-04:00,2022-03-16 15:17:00-04:00,0.5,0.03760685782507235,0.46239314217492766,-1.0
20220316_a24,20220316,2022-03-16,24,contaminated_2016_2022,8.6,2022-03-16 15:22:07.876000-04:00,2022-03-16 15:23:00-04:00,0.0,0.03760685782507235,-0.03760685782507235,1.0
20220504_a00,20220504,2022-05-04,0,contaminated_2016_2022,8.6,2022-05-04 14:41:16.915999999-04:00,2022-05-04 14:42:00-04:00,-0.16666666666666666,0.1297625424173529,-0.2964292090840196,1.0
20220504_a03,20220504,2022-05-04,3,contaminated_2016_2022,8.6,2022-05-04 14:46:33.275999999-04:00,2022-05-04 14:47:00-04:00,0.0,0.1297625424173529,-0.1297625424173529,1.0
20220504_a06,20220504,2022-05-04,6,contaminated_2016_2022,8.6,2022-05-04 14:52:17.855999999-04:00,2022-05-04 14:53:00-04:00,0.0,0.1297625424173529,-0.1297625424173529,1.0
20220504_a09,20220504,2022-05-04,9,contaminated_2016_2022,8.6,2022-05-04 14:58:41.645999999-04:00,2022-05-04 14:59:00-04:00,0.5,0.1297625424173529,0.3702374575826471,-1.0
20220504_a13,20220504,2022-05-04,13,contaminated_2016_2022,8.6,2022-05-04 15:06:41.696000-04:00,2022-05-04 15:07:00-04:00,0.16666666666666666,0.1297625424173529,0.03690412424931375,-1.0
20220504_a16,20220504,2022-05-04,16,contaminated_2016_2022,8.6,2022-05-04 15:12:00.266000-04:00,2022-05-04 15:13:00-04:00,0.6666666666666666,0.1297625424173529,0.5369041242493138,-1.0
20220504_a19,20220504,2022-05-04,19,contaminated_2016_2022,8.6,2022-05-04 15:18:25.976000-04:00,2022-05-04 15:19:00-04:00,-0.5,0.1297625424173529,-0.629762542417353,1.0
20220615_a00,20220615,2022-06-15,0,contaminated_2016_2022,8.6,2022-06-15 14:42:21.966000-04:00,2022-06-15 14:43:00-04:00,0.5,0.07898277460031562,0.4210172253996844,-1.0
20220615_a02,20220615,2022-06-15,2,contaminated_2016_2022,8.6,2022-06-15 14:48:28.956000-04:00,2022-06-15 14:49:00-04:00,0.5,0.07898277460031562,0.4210172253996844,-1.0
20220615_a06,20220615,2022-06-15,6,contaminated_2016_2022,8.6,2022-06-15 14:54:40.675999999-04:00,2022-06-15 14:55:00-04:00,1.0,0.07898277460031562,0.9210172253996843,-1.0
20220615_a09,20220615,2022-06-15,9,contaminated_2016_2022,8.6,2022-06-15 14:59:24.326000-04:00,2022-06-15 15:00:00-04:00,0.5,0.07898277460031562,0.4210172253996844,-1.0
20220615_a13,20220615,2022-06-15,13,contaminated_2016_2022,8.6,2022-06-15 15:05:50.736000-04:00,2022-06-15 15:06:00-04:00,0.5,0.07898277460031562,0.4210172253996844,-1.0
20220615_a17,20220615,2022-06-15,17,contaminated_2016_2022,8.6,2022-06-15 15:10:20.445999999-04:00,2022-06-15 15:11:00-04:00,0.5,0.07898277460031562,0.4210172253996844,-1.0
20220615_a21,20220615,2022-06-15,21,contaminated_2016_2022,8.6,2022-06-15 15:16:28.785999999-04:00,2022-06-15 15:17:00-04:00,1.0,0.07898277460031562,0.9210172253996843,-1.0
20220615_a25,20220615,2022-06-15,25,contaminated_2016_2022,8.6,2022-06-15 15:24:05.586000-04:00,2022-06-15 15:25:00-04:00,0.5,0.07898277460031562,0.4210172253996844,-1.0
20220727_a00,20220727,2022-07-27,0,contaminated_2016_2022,8.6,2022-07-27 14:39:05.716000-04:00,2022-07-27 14:40:00-04:00,0.5,0.11595020526317341,0.3840497947368266,-1.0
20220727_a02,20220727,2022-07-27,2,contaminated_2016_2022,8.6,2022-07-27 14:44:48.126000-04:00,2022-07-27 14:45:00-04:00,1.0,0.11595020526317341,0.8840497947368265,-1.0
20220727_a06,20220727,2022-07-27,6,contaminated_2016_2022,8.6,2022-07-27 14:49:54.286000-04:00,2022-07-27 14:50:00-04:00,0.5,0.11595020526317341,0.3840497947368266,-1.0
20220727_a10,20220727,2022-07-27,10,contaminated_2016_2022,8.6,2022-07-27 14:54:11.735999999-04:00,2022-07-27 14:55:00-04:00,0.5,0.11595020526317341,0.3840497947368266,-1.0
20220727_a13,20220727,2022-07-27,13,contaminated_2016_2022,8.6,2022-07-27 14:59:16.446000-04:00,2022-07-27 15:00:00-04:00,0.5,0.11595020526317341,0.3840497947368266,-1.0
20220727_a15,20220727,2022-07-27,15,contaminated_2016_2022,8.6,2022-07-27 15:04:32.566000-04:00,2022-07-27 15:05:00-04:00,0.5,0.11595020526317341,0.3840497947368266,-1.0
20220727_a19,20220727,2022-07-27,19,contaminated_2016_2022,8.6,2022-07-27 15:09:20.995999999-04:00,2022-07-27 15:10:00-04:00,0.5,0.11595020526317341,0.3840497947368266,-1.0
20220727_a22,20220727,2022-07-27,22,contaminated_2016_2022,8.6,2022-07-27 15:15:33.656000-04:00,2022-07-27 15:16:00-04:00,1.1666666666666665,0.11595020526317341,1.0507164614034932,-1.0
20220727_a25,20220727,2022-07-27,25,contaminated_2016_2022,8.6,2022-07-27 15:20:45.236000-04:00,2022-07-27 15:21:00-04:00,0.0,0.11595020526317341,-0.11595020526317341,1.0
20220727_a27,20220727,2022-07-27,27,contaminated_2016_2022,8.6,2022-07-27 15:25:10.745999999-04:00,2022-07-27 15:26:00-04:00,0.5,0.11595020526317341,0.3840497947368266,-1.0
20220921_a00,20220921,2022-09-21,0,contaminated_2016_2022,8.7,2022-09-21 14:41:28.776000-04:00,2022-09-21 14:42:00-04:00,1.0,0.1122014538843397,0.8877985461156603,-1.0
20220921_a04,20220921,2022-09-21,4,contaminated_2016_2022,8.7,2022-09-21 14:47:28.836000-04:00,2022-09-21 14:48:00-04:00,0.2142857142857143,0.1122014538843397,0.1020842604013746,-1.0
20220921_a08,20220921,2022-09-21,8,contaminated_2016_2022,8.7,2022-09-21 14:52:42.705999999-04:00,2022-09-21 14:53:00-04:00,0.5,0.1122014538843397,0.3877985461156603,-1.0
20220921_a13,20220921,2022-09-21,13,contaminated_2016_2022,8.7,2022-09-21 14:58:02.796000-04:00,2022-09-21 14:59:00-04:00,0.0,0.1122014538843397,-0.1122014538843397,1.0
20220921_a16,20220921,2022-09-21,16,contaminated_2016_2022,8.7,2022-09-21 15:03:47.056000-04:00,2022-09-21 15:04:00-04:00,0.5,0.1122014538843397,0.3877985461156603,-1.0
20220921_a18,20220921,2022-09-21,18,contaminated_2016_2022,8.7,2022-09-21 15:08:19.236000-04:00,2022-09-21 15:09:00-04:00,-0.16666666666666663,0.1122014538843397,-0.27886812055100635,1.0
20220921_a22,20220921,2022-09-21,22,contaminated_2016_2022,8.7,2022-09-21 15:14:02.295999999-04:00,2022-09-21 15:15:00-04:00,0.5,0.1122014538843397,0.3877985461156603,-1.0
20230322_a00,20230322,2023-03-22,0,confirmation_2023_2026_powell,10.4,2023-03-22 14:40:33.586000-04:00,2023-03-22 14:41:00-04:00,-0.4,0.14461379667579993,-0.5446137966758,1.0
20230322_a05,20230322,2023-03-22,5,confirmation_2023_2026_powell,10.4,2023-03-22 14:46:48.016000-04:00,2023-03-22 14:47:00-04:00,0.09999999999999998,0.14461379667579993,-0.044613796675799955,1.0
20230322_a11,20230322,2023-03-22,11,confirmation_2023_2026_powell,10.4,2023-03-22 14:53:40.456000-04:00,2023-03-22 14:54:00-04:00,-0.4,0.14461379667579993,-0.5446137966758,1.0
20230322_a17,20230322,2023-03-22,17,confirmation_2023_2026_powell,10.4,2023-03-22 14:58:25.016000-04:00,2023-03-22 14:59:00-04:00,-0.4,0.14461379667579993,-0.5446137966758,1.0
20230322_a21,20230322,2023-03-22,21,confirmation_2023_2026_powell,10.4,2023-03-22 15:04:27.696000-04:00,2023-03-22 15:05:00-04:00,-0.4,0.14461379667579993,-0.5446137966758,1.0
20230322_a26,20230322,2023-03-22,26,confirmation_2023_2026_powell,10.4,2023-03-22 15:09:28.126000-04:00,2023-03-22 15:10:00-04:00,-0.9,0.14461379667579993,-1.0446137966758,1.0
20230322_a32,20230322,2023-03-22,32,confirmation_2023_2026_powell,10.4,2023-03-22 15:14:15.736000-04:00,2023-03-22 15:15:00-04:00,-0.4,0.14461379667579993,-0.5446137966758,1.0
20230503_a00,20230503,2023-05-03,0,confirmation_2023_2026_powell,10.4,2023-05-03 14:41:08.286000-04:00,2023-05-03 14:42:00-04:00,-0.25,0.12278973639125922,-0.37278973639125923,1.0
20230503_a04,20230503,2023-05-03,4,confirmation_2023_2026_powell,10.4,2023-05-03 14:46:24.166000-04:00,2023-05-03 14:47:00-04:00,-0.25,0.12278973639125922,-0.37278973639125923,1.0
20230503_a08,20230503,2023-05-03,8,confirmation_2023_2026_powell,10.4,2023-05-03 14:51:25.236000-04:00,2023-05-03 14:52:00-04:00,0.5,0.12278973639125922,0.37721026360874077,-1.0
20230503_a12,20230503,2023-05-03,12,confirmation_2023_2026_powell,10.4,2023-05-03 14:56:42.516000-04:00,2023-05-03 14:57:00-04:00,0.25,0.12278973639125922,0.12721026360874077,-1.0
20230503_a16,20230503,2023-05-03,16,confirmation_2023_2026_powell,10.4,2023-05-03 15:01:22.476000-04:00,2023-05-03 15:02:00-04:00,-0.5,0.12278973639125922,-0.6227897363912592,1.0
20230503_a20,20230503,2023-05-03,20,confirmation_2023_2026_powell,10.4,2023-05-03 15:06:38.846000-04:00,2023-05-03 15:07:00-04:00,0.55,0.12278973639125922,0.4272102636087408,-1.0
20230503_a24,20230503,2023-05-03,24,confirmation_2023_2026_powell,10.4,2023-05-03 15:11:58.566000-04:00,2023-05-03 15:12:00-04:00,-0.25,0.12278973639125922,-0.37278973639125923,1.0
20230503_a26,20230503,2023-05-03,26,confirmation_2023_2026_powell,10.4,2023-05-03 15:16:19.045999999-04:00,2023-05-03 15:17:00-04:00,-0.25,0.12278973639125922,-0.37278973639125923,1.0
20230920_a01,20230920,2023-09-20,1,confirmation_2023_2026_powell,10.7,2023-09-20 14:41:39.486000-04:00,2023-09-20 14:42:00-04:00,-0.25,0.09792357774142518,-0.3479235777414252,1.0
20230920_a04,20230920,2023-09-20,4,confirmation_2023_2026_powell,10.7,2023-09-20 14:46:12.636000-04:00,2023-09-20 14:47:00-04:00,0.41666666666666663,0.09792357774142518,0.31874308892524145,-1.0
20230920_a07,20230920,2023-09-20,7,confirmation_2023_2026_powell,10.7,2023-09-20 14:52:01.076000-04:00,2023-09-20 14:53:00-04:00,-0.25,0.09792357774142518,-0.3479235777414252,1.0
20230920_a10,20230920,2023-09-20,10,confirmation_2023_2026_powell,10.7,2023-09-20 14:57:17.326000-04:00,2023-09-20 14:58:00-04:00,-0.9166666666666666,0.09792357774142518,-1.0145902444080919,1.0
20230920_a14,20230920,2023-09-20,14,confirmation_2023_2026_powell,10.7,2023-09-20 15:03:25.056666666-04:00,2023-09-20 15:04:00-04:00,0.0,0.09792357774142518,-0.09792357774142518,1.0
20230920_a19,20230920,2023-09-20,19,confirmation_2023_2026_powell,10.7,2023-09-20 15:09:23.485999999-04:00,2023-09-20 15:10:00-04:00,-0.25,0.09792357774142518,-0.3479235777414252,1.0
20230920_a24,20230920,2023-09-20,24,confirmation_2023_2026_powell,10.7,2023-09-20 15:15:31.906000-04:00,2023-09-20 15:16:00-04:00,-0.25,0.09792357774142518,-0.3479235777414252,1.0
20230920_a28,20230920,2023-09-20,28,confirmation_2023_2026_powell,10.7,2023-09-20 15:20:41.475999999-04:00,2023-09-20 15:21:00-04:00,0.25,0.09792357774142518,0.15207642225857482,-1.0
20230920_a30,20230920,2023-09-20,30,confirmation_2023_2026_powell,10.7,2023-09-20 15:25:00.636000-04:00,2023-09-20 15:26:00-04:00,-0.25,0.09792357774142518,-0.3479235777414252,1.0
20240131_a01,20240131,2024-01-31,1,confirmation_2023_2026_powell,10.5,2024-01-31 14:40:07.846000-05:00,2024-01-31 14:41:00-05:00,0.6666666666666666,0.12742319067943286,0.5392434759872338,-1.0
20240131_a05,20240131,2024-01-31,5,confirmation_2023_2026_powell,10.5,2024-01-31 14:45:37.876000-05:00,2024-01-31 14:46:00-05:00,0.6666666666666666,0.12742319067943286,0.5392434759872338,-1.0
20240131_a10,20240131,2024-01-31,10,confirmation_2023_2026_powell,10.5,2024-01-31 14:50:55.546000-05:00,2024-01-31 14:51:00-05:00,0.6666666666666666,0.12742319067943286,0.5392434759872338,-1.0
20240131_a13,20240131,2024-01-31,13,confirmation_2023_2026_powell,10.5,2024-01-31 14:55:09.235999999-05:00,2024-01-31 14:56:00-05:00,0.6666666666666666,0.12742319067943286,0.5392434759872338,-1.0
20240131_a17,20240131,2024-01-31,17,confirmation_2023_2026_powell,10.5,2024-01-31 15:00:46.286000-05:00,2024-01-31 15:01:00-05:00,0.41666666666666663,0.12742319067943286,0.28924347598723377,-1.0
20240131_a21,20240131,2024-01-31,21,confirmation_2023_2026_powell,10.5,2024-01-31 15:05:53.226000-05:00,2024-01-31 15:06:00-05:00,0.6666666666666666,0.12742319067943286,0.5392434759872338,-1.0
20240131_a26,20240131,2024-01-31,26,confirmation_2023_2026_powell,10.5,2024-01-31 15:10:17.986000-05:00,2024-01-31 15:11:00-05:00,1.3333333333333333,0.12742319067943286,1.2059101426539005,-1.0
20240131_a32,20240131,2024-01-31,32,confirmation_2023_2026_powell,10.5,2024-01-31 15:16:48.996000-05:00,2024-01-31 15:17:00-05:00,0.16666666666666663,0.12742319067943286,0.03924347598723377,-1.0
20240501_a00,20240501,2024-05-01,0,confirmation_2023_2026_powell,10.4,2024-05-01 14:40:23.615999999-04:00,2024-05-01 14:41:00-04:00,1.3333333333333333,0.15191667815503337,1.1814166551782999,-1.0
20240501_a08,20240501,2024-05-01,8,confirmation_2023_2026_powell,10.4,2024-05-01 14:45:13.345999999-04:00,2024-05-01 14:46:00-04:00,0.6666666666666666,0.15191667815503337,0.5147499885116332,-1.0
20240501_a12,20240501,2024-05-01,12,confirmation_2023_2026_powell,10.4,2024-05-01 14:50:39.938941176-04:00,2024-05-01 14:51:00-04:00,0.6666666666666666,0.15191667815503337,0.5147499885116332,-1.0
20240501_a15,20240501,2024-05-01,15,confirmation_2023_2026_powell,10.4,2024-05-01 14:55:58.066000-04:00,2024-05-01 14:56:00-04:00,0.41666666666666663,0.15191667815503337,0.2647499885116332,-1.0
20240501_a18,20240501,2024-05-01,18,confirmation_2023_2026_powell,10.4,2024-05-01 15:00:58.655999999-04:00,2024-05-01 15:01:00-04:00,1.1666666666666665,0.15191667815503337,1.0147499885116331,-1.0
20240501_a25,20240501,2024-05-01,25,confirmation_2023_2026_powell,10.4,2024-05-01 15:06:30.366000-04:00,2024-05-01 15:07:00-04:00,1.1666666666666665,0.15191667815503337,1.0147499885116331,-1.0
20240501_a28,20240501,2024-05-01,28,confirmation_2023_2026_powell,10.4,2024-05-01 15:11:15.036000-04:00,2024-05-01 15:12:00-04:00,0.6666666666666666,0.15191667815503337,0.5147499885116332,-1.0
20240501_a33,20240501,2024-05-01,33,confirmation_2023_2026_powell,10.4,2024-05-01 15:17:31.145999999-04:00,2024-05-01 15:18:00-04:00,0.6666666666666666,0.15191667815503337,0.5147499885116332,-1.0
20240612_a00,20240612,2024-06-12,0,confirmation_2023_2026_powell,10.4,2024-06-12 14:40:42.385999999-04:00,2024-06-12 14:41:00-04:00,0.6666666666666666,0.14302087284366188,0.5236457938230048,-1.0
20240612_a03,20240612,2024-06-12,3,confirmation_2023_2026_powell,10.4,2024-06-12 14:45:50.086000-04:00,2024-06-12 14:46:00-04:00,0.6666666666666666,0.14302087284366188,0.5236457938230048,-1.0
20240612_a06,20240612,2024-06-12,6,confirmation_2023_2026_powell,10.4,2024-06-12 14:50:50.185999999-04:00,2024-06-12 14:51:00-04:00,-0.08333333333333337,0.14302087284366188,-0.22635420617699525,1.0
20240612_a08,20240612,2024-06-12,8,confirmation_2023_2026_powell,10.4,2024-06-12 14:55:01.596000-04:00,2024-06-12 14:56:00-04:00,0.16666666666666663,0.14302087284366188,0.023645793823004746,-1.0
20240612_a12,20240612,2024-06-12,12,confirmation_2023_2026_powell,10.4,2024-06-12 15:01:27.426000-04:00,2024-06-12 15:02:00-04:00,1.3333333333333333,0.14302087284366188,1.1903124604896713,-1.0
20240612_a16,20240612,2024-06-12,16,confirmation_2023_2026_powell,10.4,2024-06-12 15:06:50.486000-04:00,2024-06-12 15:07:00-04:00,0.6666666666666666,0.14302087284366188,0.5236457938230048,-1.0
20240612_a18,20240612,2024-06-12,18,confirmation_2023_2026_powell,10.4,2024-06-12 15:11:39.955999999-04:00,2024-06-12 15:12:00-04:00,0.6666666666666666,0.14302087284366188,0.5236457938230048,-1.0
20240612_a23,20240612,2024-06-12,23,confirmation_2023_2026_powell,10.4,2024-06-12 15:16:56.996000-04:00,2024-06-12 15:17:00-04:00,0.6666666666666666,0.14302087284366188,0.5236457938230048,-1.0
20240612_a27,20240612,2024-06-12,27,confirmation_2023_2026_powell,10.4,2024-06-12 15:21:43.487904761-04:00,2024-06-12 15:22:00-04:00,0.6666666666666666,0.14302087284366188,0.5236457938230048,-1.0
20240731_a00,20240731,2024-07-31,0,confirmation_2023_2026_powell,10.4,2024-07-31 14:38:11.326000-04:00,2024-07-31 14:39:00-04:00,0.6666666666666666,0.1528737129405487,0.5137929537261179,-1.0
20240731_a05,20240731,2024-07-31,5,confirmation_2023_2026_powell,10.4,2024-07-31 14:44:43.556000-04:00,2024-07-31 14:45:00-04:00,0.6666666666666666,0.1528737129405487,0.5137929537261179,-1.0
20240731_a08,20240731,2024-07-31,8,confirmation_2023_2026_powell,10.4,2024-07-31 14:49:35.226000-04:00,2024-07-31 14:50:00-04:00,0.5,0.1528737129405487,0.3471262870594513,-1.0
20240731_a12,20240731,2024-07-31,12,confirmation_2023_2026_powell,10.4,2024-07-31 14:54:45.315999999-04:00,2024-07-31 14:55:00-04:00,0.6666666666666666,0.1528737129405487,0.5137929537261179,-1.0
20240731_a16,20240731,2024-07-31,16,confirmation_2023_2026_powell,10.4,2024-07-31 14:59:58.656000-04:00,2024-07-31 15:00:00-04:00,0.09523809523809523,0.1528737129405487,-0.05763561770245346,1.0
20240731_a19,20240731,2024-07-31,19,confirmation_2023_2026_powell,10.4,2024-07-31 15:04:17.056000-04:00,2024-07-31 15:05:00-04:00,0.16666666666666663,0.1528737129405487,0.01379295372611794,-1.0
20240731_a22,20240731,2024-07-31,22,confirmation_2023_2026_powell,10.4,2024-07-31 15:09:08.976000-04:00,2024-07-31 15:10:00-04:00,0.6666666666666666,0.1528737129405487,0.5137929537261179,-1.0
20240731_a29,20240731,2024-07-31,29,confirmation_2023_2026_powell,10.4,2024-07-31 15:14:15.686000-04:00,2024-07-31 15:15:00-04:00,0.2666666666666666,0.1528737129405487,0.11379295372611792,-1.0
20240918_a00,20240918,2024-09-18,0,confirmation_2023_2026_powell,10.4,2024-09-18 14:40:07.855999999-04:00,2024-09-18 14:41:00-04:00,0.5,0.2055802246511378,0.2944197753488622,-1.0
20240918_a04,20240918,2024-09-18,4,confirmation_2023_2026_powell,10.4,2024-09-18 14:45:47.246000-04:00,2024-09-18 14:46:00-04:00,0.5,0.2055802246511378,0.2944197753488622,-1.0
20240918_a09,20240918,2024-09-18,9,confirmation_2023_2026_powell,10.4,2024-09-18 14:51:33.896000-04:00,2024-09-18 14:52:00-04:00,0.5,0.2055802246511378,0.2944197753488622,-1.0
20240918_a13,20240918,2024-09-18,13,confirmation_2023_2026_powell,10.4,2024-09-18 14:56:36.056000-04:00,2024-09-18 14:57:00-04:00,-0.30000000000000004,0.2055802246511378,-0.5055802246511378,1.0
20240918_a17,20240918,2024-09-18,17,confirmation_2023_2026_powell,10.4,2024-09-18 15:01:48.276000-04:00,2024-09-18 15:02:00-04:00,0.5,0.2055802246511378,0.2944197753488622,-1.0
20240918_a21,20240918,2024-09-18,21,confirmation_2023_2026_powell,10.4,2024-09-18 15:06:51.125999999-04:00,2024-09-18 15:07:00-04:00,1.1666666666666665,0.2055802246511378,0.9610864420155287,-1.0
20240918_a24,20240918,2024-09-18,24,confirmation_2023_2026_powell,10.4,2024-09-18 15:11:44.736000-04:00,2024-09-18 15:12:00-04:00,1.0,0.2055802246511378,0.7944197753488622,-1.0
20240918_a27,20240918,2024-09-18,27,confirmation_2023_2026_powell,10.4,2024-09-18 15:16:01.376000-04:00,2024-09-18 15:17:00-04:00,0.5,0.2055802246511378,0.2944197753488622,-1.0
20241107_a00,20241107,2024-11-07,0,confirmation_2023_2026_powell,17.7,2024-11-07 14:38:31.116000-05:00,2024-11-07 14:39:00-05:00,0.6666666666666666,0.15685721344544526,0.5098094532212214,-1.0
20241107_a03,20241107,2024-11-07,3,confirmation_2023_2026_powell,17.7,2024-11-07 14:43:09.495999999-05:00,2024-11-07 14:44:00-05:00,1.1666666666666665,0.15685721344544526,1.0098094532212212,-1.0
20241107_a06,20241107,2024-11-07,6,confirmation_2023_2026_powell,17.7,2024-11-07 14:48:16.156909090-05:00,2024-11-07 14:49:00-05:00,0.6666666666666666,0.15685721344544526,0.5098094532212214,-1.0
20241107_a14,20241107,2024-11-07,14,confirmation_2023_2026_powell,17.7,2024-11-07 14:55:56.445999999-05:00,2024-11-07 14:56:00-05:00,0.6666666666666666,0.15685721344544526,0.5098094532212214,-1.0
20241107_a19,20241107,2024-11-07,19,confirmation_2023_2026_powell,17.7,2024-11-07 15:02:49.926000-05:00,2024-11-07 15:03:00-05:00,0.6666666666666666,0.15685721344544526,0.5098094532212214,-1.0
20241107_a23,20241107,2024-11-07,23,confirmation_2023_2026_powell,17.7,2024-11-07 15:07:02.246000-05:00,2024-11-07 15:08:00-05:00,0.6666666666666666,0.15685721344544526,0.5098094532212214,-1.0
20241107_a28,20241107,2024-11-07,28,confirmation_2023_2026_powell,17.7,2024-11-07 15:12:01.346000-05:00,2024-11-07 15:13:00-05:00,0.6666666666666666,0.15685721344544526,0.5098094532212214,-1.0
20241218_a00,20241218,2024-12-18,0,confirmation_2023_2026_powell,17.7,2024-12-18 14:41:25.926000-05:00,2024-12-18 14:42:00-05:00,-0.19047619047619047,0.13993509826281544,-0.33041128873900594,1.0
20241218_a03,20241218,2024-12-18,3,confirmation_2023_2026_powell,17.7,2024-12-18 14:46:43.596000-05:00,2024-12-18 14:47:00-05:00,0.16666666666666663,0.13993509826281544,0.026731568403851186,-1.0
20241218_a06,20241218,2024-12-18,6,confirmation_2023_2026_powell,17.7,2024-12-18 14:51:48.806000-05:00,2024-12-18 14:52:00-05:00,0.6666666666666666,0.13993509826281544,0.5267315684038512,-1.0
20241218_a09,20241218,2024-12-18,9,confirmation_2023_2026_powell,17.7,2024-12-18 14:58:44.566000-05:00,2024-12-18 14:59:00-05:00,0.0,0.13993509826281544,-0.13993509826281544,1.0
20241218_a13,20241218,2024-12-18,13,confirmation_2023_2026_powell,17.7,2024-12-18 15:04:09.786000-05:00,2024-12-18 15:05:00-05:00,1.1666666666666665,0.13993509826281544,1.0267315684038512,-1.0
20241218_a18,20241218,2024-12-18,18,confirmation_2023_2026_powell,17.7,2024-12-18 15:10:01.826000-05:00,2024-12-18 15:11:00-05:00,0.6666666666666666,0.13993509826281544,0.5267315684038512,-1.0
20241218_a22,20241218,2024-12-18,22,confirmation_2023_2026_powell,17.7,2024-12-18 15:16:00.356000-05:00,2024-12-18 15:17:00-05:00,0.6666666666666666,0.13993509826281544,0.5267315684038512,-1.0
20241218_a28,20241218,2024-12-18,28,confirmation_2023_2026_powell,17.7,2024-12-18 15:22:16.186000-05:00,2024-12-18 15:23:00-05:00,0.16666666666666663,0.13993509826281544,0.026731568403851186,-1.0
20250129_a00,20250129,2025-01-29,0,confirmation_2023_2026_powell,17.7,2025-01-29 14:38:08.306000-05:00,2025-01-29 14:39:00-05:00,0.5,0.15624800519238025,0.34375199480761975,-1.0
20250129_a07,20250129,2025-01-29,7,confirmation_2023_2026_powell,17.7,2025-01-29 14:44:40.625999999-05:00,2025-01-29 14:45:00-05:00,0.5,0.15624800519238025,0.34375199480761975,-1.0
20250129_a12,20250129,2025-01-29,12,confirmation_2023_2026_powell,17.7,2025-01-29 14:49:42.576000-05:00,2025-01-29 14:50:00-05:00,0.5,0.15624800519238025,0.34375199480761975,-1.0
20250129_a16,20250129,2025-01-29,16,confirmation_2023_2026_powell,17.7,2025-01-29 14:54:20.596000-05:00,2025-01-29 14:55:00-05:00,0.5,0.15624800519238025,0.34375199480761975,-1.0
20250129_a21,20250129,2025-01-29,21,confirmation_2023_2026_powell,17.7,2025-01-29 14:59:10.616000-05:00,2025-01-29 15:00:00-05:00,0.5,0.15624800519238025,0.34375199480761975,-1.0
20250129_a24,20250129,2025-01-29,24,confirmation_2023_2026_powell,17.7,2025-01-29 15:04:07.366000-05:00,2025-01-29 15:05:00-05:00,0.5,0.15624800519238025,0.34375199480761975,-1.0
20250129_a28,20250129,2025-01-29,28,confirmation_2023_2026_powell,17.7,2025-01-29 15:09:12.976000-05:00,2025-01-29 15:10:00-05:00,0.5,0.15624800519238025,0.34375199480761975,-1.0
20250129_a33,20250129,2025-01-29,33,confirmation_2023_2026_powell,17.7,2025-01-29 15:14:49.786000-05:00,2025-01-29 15:15:00-05:00,0.5,0.15624800519238025,0.34375199480761975,-1.0
20250129_a36,20250129,2025-01-29,36,confirmation_2023_2026_powell,17.7,2025-01-29 15:19:44.676000-05:00,2025-01-29 15:20:00-05:00,0.5,0.15624800519238025,0.34375199480761975,-1.0
20250319_a01,20250319,2025-03-19,1,confirmation_2023_2026_powell,17.7,2025-03-19 14:40:50.685999999-04:00,2025-03-19 14:41:00-04:00,0.5,0.18212262078912678,0.3178773792108732,-1.0
20250319_a04,20250319,2025-03-19,4,confirmation_2023_2026_powell,17.7,2025-03-19 14:45:42.076000-04:00,2025-03-19 14:46:00-04:00,0.5,0.18212262078912678,0.3178773792108732,-1.0
20250319_a12,20250319,2025-03-19,12,confirmation_2023_2026_powell,17.7,2025-03-19 14:51:41.916000-04:00,2025-03-19 14:52:00-04:00,1.1666666666666665,0.18212262078912678,0.9845440458775397,-1.0
20250319_a16,20250319,2025-03-19,16,confirmation_2023_2026_powell,17.7,2025-03-19 14:56:07.516000-04:00,2025-03-19 14:57:00-04:00,0.5,0.18212262078912678,0.3178773792108732,-1.0
20250319_a22,20250319,2025-03-19,22,confirmation_2023_2026_powell,17.7,2025-03-19 15:01:46.116000-04:00,2025-03-19 15:02:00-04:00,0.5,0.18212262078912678,0.3178773792108732,-1.0
20250319_a24,20250319,2025-03-19,24,confirmation_2023_2026_powell,17.7,2025-03-19 15:06:49.706000-04:00,2025-03-19 15:07:00-04:00,-0.16666666666666663,0.18212262078912678,-0.3487892874557934,1.0
20250319_a28,20250319,2025-03-19,28,confirmation_2023_2026_powell,17.7,2025-03-19 15:11:44.386000-04:00,2025-03-19 15:12:00-04:00,0.5,0.18212262078912678,0.3178773792108732,-1.0
20250319_a32,20250319,2025-03-19,32,confirmation_2023_2026_powell,17.7,2025-03-19 15:16:14.325999999-04:00,2025-03-19 15:17:00-04:00,0.25,0.18212262078912678,0.06787737921087322,-1.0
20250507_a00,20250507,2025-05-07,0,confirmation_2023_2026_powell,11.0,2025-05-07 14:38:59.846000-04:00,2025-05-07 14:39:00-04:00,0.6666666666666666,0.17113722450211524,0.4955294421645514,-1.0
20250507_a04,20250507,2025-05-07,4,confirmation_2023_2026_powell,11.0,2025-05-07 14:45:41.706000-04:00,2025-05-07 14:46:00-04:00,-0.13333333333333341,0.17113722450211524,-0.30447055783544863,1.0
20250507_a09,20250507,2025-05-07,9,confirmation_2023_2026_powell,11.0,2025-05-07 14:51:11.156000-04:00,2025-05-07 14:52:00-04:00,0.2666666666666666,0.17113722450211524,0.09552944216455136,-1.0
20250507_a14,20250507,2025-05-07,14,confirmation_2023_2026_powell,11.0,2025-05-07 14:56:47.816000-04:00,2025-05-07 14:57:00-04:00,0.6666666666666666,0.17113722450211524,0.4955294421645514,-1.0
20250507_a18,20250507,2025-05-07,18,confirmation_2023_2026_powell,11.0,2025-05-07 15:01:23.416000-04:00,2025-05-07 15:02:00-04:00,0.6666666666666666,0.17113722450211524,0.4955294421645514,-1.0
20250507_a23,20250507,2025-05-07,23,confirmation_2023_2026_powell,11.0,2025-05-07 15:07:00.135999999-04:00,2025-05-07 15:08:00-04:00,0.6666666666666666,0.17113722450211524,0.4955294421645514,-1.0
20250507_a28,20250507,2025-05-07,28,confirmation_2023_2026_powell,11.0,2025-05-07 15:12:38.745999999-04:00,2025-05-07 15:13:00-04:00,0.6666666666666666,0.17113722450211524,0.4955294421645514,-1.0
20250507_a35,20250507,2025-05-07,35,confirmation_2023_2026_powell,11.0,2025-05-07 15:17:59.586000-04:00,2025-05-07 15:18:00-04:00,0.6666666666666666,0.17113722450211524,0.4955294421645514,-1.0
20250618_a01,20250618,2025-06-18,1,confirmation_2023_2026_powell,9.8,2025-06-18 14:41:58.706000-04:00,2025-06-18 14:42:00-04:00,0.5,0.1686397325497987,0.3313602674502013,-1.0
20250618_a05,20250618,2025-06-18,5,confirmation_2023_2026_powell,9.8,2025-06-18 14:46:38.446000-04:00,2025-06-18 14:47:00-04:00,0.0,0.1686397325497987,-0.1686397325497987,1.0
20250618_a09,20250618,2025-06-18,9,confirmation_2023_2026_powell,9.8,2025-06-18 14:52:58.796000-04:00,2025-06-18 14:53:00-04:00,0.5,0.1686397325497987,0.3313602674502013,-1.0
20250618_a16,20250618,2025-06-18,16,confirmation_2023_2026_powell,9.8,2025-06-18 14:58:33.256000-04:00,2025-06-18 14:59:00-04:00,0.5,0.1686397325497987,0.3313602674502013,-1.0
20250618_a19,20250618,2025-06-18,19,confirmation_2023_2026_powell,9.8,2025-06-18 15:04:15.575999999-04:00,2025-06-18 15:05:00-04:00,-0.16666666666666663,0.1686397325497987,-0.3353063992164653,1.0
20250618_a23,20250618,2025-06-18,23,confirmation_2023_2026_powell,9.8,2025-06-18 15:09:47.666000-04:00,2025-06-18 15:10:00-04:00,0.5,0.1686397325497987,0.3313602674502013,-1.0
20250618_a27,20250618,2025-06-18,27,confirmation_2023_2026_powell,9.8,2025-06-18 15:14:22.996000-04:00,2025-06-18 15:15:00-04:00,0.5,0.1686397325497987,0.3313602674502013,-1.0
20250618_a30,20250618,2025-06-18,30,confirmation_2023_2026_powell,9.8,2025-06-18 15:20:27.656000-04:00,2025-06-18 15:21:00-04:00,-0.3571428571428571,0.1686397325497987,-0.5257825896926558,1.0
20250730_a01,20250730,2025-07-30,1,confirmation_2023_2026_powell,9.9,2025-07-30 14:38:43.766000-04:00,2025-07-30 14:39:00-04:00,0.5,0.16252377508802787,0.33747622491197216,-1.0
20250730_a05,20250730,2025-07-30,5,confirmation_2023_2026_powell,9.9,2025-07-30 14:43:30.936000-04:00,2025-07-30 14:44:00-04:00,0.0,0.16252377508802787,-0.16252377508802787,1.0
20250730_a08,20250730,2025-07-30,8,confirmation_2023_2026_powell,9.9,2025-07-30 14:48:20.756000-04:00,2025-07-30 14:49:00-04:00,0.5,0.16252377508802787,0.33747622491197216,-1.0
20250730_a14,20250730,2025-07-30,14,confirmation_2023_2026_powell,9.9,2025-07-30 14:54:45.386000-04:00,2025-07-30 14:55:00-04:00,1.1666666666666665,0.16252377508802787,1.0041428915786386,-1.0
20250730_a20,20250730,2025-07-30,20,confirmation_2023_2026_powell,9.9,2025-07-30 14:59:01.935999999-04:00,2025-07-30 15:00:00-04:00,1.0,0.16252377508802787,0.8374762249119722,-1.0
20250730_a25,20250730,2025-07-30,25,confirmation_2023_2026_powell,9.9,2025-07-30 15:04:50.826000-04:00,2025-07-30 15:05:00-04:00,0.5,0.16252377508802787,0.33747622491197216,-1.0
20250730_a28,20250730,2025-07-30,28,confirmation_2023_2026_powell,9.9,2025-07-30 15:11:00.806000-04:00,2025-07-30 15:12:00-04:00,0.25,0.16252377508802787,0.08747622491197213,-1.0
20250917_a00,20250917,2025-09-17,0,confirmation_2023_2026_powell,12.8,2025-09-17 14:38:57.685999999-04:00,2025-09-17 14:39:00-04:00,0.5,0.18073396747387324,0.31926603252612673,-1.0
20250917_a04,20250917,2025-09-17,4,confirmation_2023_2026_powell,12.8,2025-09-17 14:43:51.016000-04:00,2025-09-17 14:44:00-04:00,0.5,0.18073396747387324,0.31926603252612673,-1.0
20250917_a08,20250917,2025-09-17,8,confirmation_2023_2026_powell,12.8,2025-09-17 14:49:10.586000-04:00,2025-09-17 14:50:00-04:00,1.0,0.18073396747387324,0.8192660325261267,-1.0
20250917_a12,20250917,2025-09-17,12,confirmation_2023_2026_powell,12.8,2025-09-17 14:55:12.552666666-04:00,2025-09-17 14:56:00-04:00,0.5,0.18073396747387324,0.31926603252612673,-1.0
20250917_a17,20250917,2025-09-17,17,confirmation_2023_2026_powell,12.8,2025-09-17 15:01:13.906000-04:00,2025-09-17 15:02:00-04:00,-0.16666666666666663,0.18073396747387324,-0.3474006341405399,1.0
20250917_a23,20250917,2025-09-17,23,confirmation_2023_2026_powell,12.8,2025-09-17 15:07:41.545999999-04:00,2025-09-17 15:08:00-04:00,0.5,0.18073396747387324,0.31926603252612673,-1.0
20250917_a26,20250917,2025-09-17,26,confirmation_2023_2026_powell,12.8,2025-09-17 15:12:43.956000-04:00,2025-09-17 15:13:00-04:00,0.0,0.18073396747387324,-0.18073396747387324,1.0
20250917_a30,20250917,2025-09-17,30,confirmation_2023_2026_powell,12.8,2025-09-17 15:17:48.336000-04:00,2025-09-17 15:18:00-04:00,0.0,0.18073396747387324,-0.18073396747387324,1.0
20250917_a34,20250917,2025-09-17,34,confirmation_2023_2026_powell,12.8,2025-09-17 15:23:10.016000-04:00,2025-09-17 15:24:00-04:00,0.5,0.18073396747387324,0.31926603252612673,-1.0
20251029_a00,20251029,2025-10-29,0,confirmation_2023_2026_powell,13.6,2025-10-29 14:39:52.726000-04:00,2025-10-29 14:40:00-04:00,0.5,0.15833388499491452,0.3416661150050855,-1.0
20251029_a03,20251029,2025-10-29,3,confirmation_2023_2026_powell,13.6,2025-10-29 14:44:54.336000-04:00,2025-10-29 14:45:00-04:00,1.1666666666666665,0.15833388499491452,1.008332781671752,-1.0
20251029_a07,20251029,2025-10-29,7,confirmation_2023_2026_powell,13.6,2025-10-29 14:50:45.285999999-04:00,2025-10-29 14:51:00-04:00,0.5,0.15833388499491452,0.3416661150050855,-1.0
20251029_a10,20251029,2025-10-29,10,confirmation_2023_2026_powell,13.6,2025-10-29 14:55:04.655999999-04:00,2025-10-29 14:56:00-04:00,1.1666666666666665,0.15833388499491452,1.008332781671752,-1.0
20251029_a14,20251029,2025-10-29,14,confirmation_2023_2026_powell,13.6,2025-10-29 15:00:58.886000-04:00,2025-10-29 15:01:00-04:00,0.5,0.15833388499491452,0.3416661150050855,-1.0
20251029_a17,20251029,2025-10-29,17,confirmation_2023_2026_powell,13.6,2025-10-29 15:06:46.455999999-04:00,2025-10-29 15:07:00-04:00,-0.16666666666666663,0.15833388499491452,-0.32500055166158115,1.0
20251029_a20,20251029,2025-10-29,20,confirmation_2023_2026_powell,13.6,2025-10-29 15:11:57.965999999-04:00,2025-10-29 15:12:00-04:00,1.0,0.15833388499491452,0.8416661150050855,-1.0
20251029_a23,20251029,2025-10-29,23,confirmation_2023_2026_powell,13.6,2025-10-29 15:16:12.515999999-04:00,2025-10-29 15:17:00-04:00,0.5,0.15833388499491452,0.3416661150050855,-1.0
20251029_a28,20251029,2025-10-29,28,confirmation_2023_2026_powell,13.6,2025-10-29 15:21:05.286000-04:00,2025-10-29 15:22:00-04:00,0.5,0.15833388499491452,0.3416661150050855,-1.0
20260128_a00,20260128,2026-01-28,0,confirmation_2023_2026_powell,9.4,2026-01-28 14:36:49.126000-05:00,2026-01-28 14:37:00-05:00,0.5,0.1594593699848943,0.3405406300151057,-1.0
20260128_a09,20260128,2026-01-28,9,confirmation_2023_2026_powell,9.4,2026-01-28 14:41:57.106000-05:00,2026-01-28 14:42:00-05:00,0.5,0.1594593699848943,0.3405406300151057,-1.0
20260128_a13,20260128,2026-01-28,13,confirmation_2023_2026_powell,9.4,2026-01-28 14:46:22.276000-05:00,2026-01-28 14:47:00-05:00,-0.25,0.1594593699848943,-0.4094593699848943,1.0
20260128_a21,20260128,2026-01-28,21,confirmation_2023_2026_powell,9.4,2026-01-28 14:52:34.966000-05:00,2026-01-28 14:53:00-05:00,1.0,0.1594593699848943,0.8405406300151057,-1.0
20260128_a27,20260128,2026-01-28,27,confirmation_2023_2026_powell,9.4,2026-01-28 14:59:24.206000-05:00,2026-01-28 15:00:00-05:00,0.0,0.1594593699848943,-0.1594593699848943,1.0
20260128_a30,20260128,2026-01-28,30,confirmation_2023_2026_powell,9.4,2026-01-28 15:05:11.306000-05:00,2026-01-28 15:06:00-05:00,0.5,0.1594593699848943,0.3405406300151057,-1.0
20260128_a34,20260128,2026-01-28,34,confirmation_2023_2026_powell,9.4,2026-01-28 15:10:49.956000-05:00,2026-01-28 15:11:00-05:00,0.0,0.1594593699848943,-0.1594593699848943,1.0
20260128_a37,20260128,2026-01-28,37,confirmation_2023_2026_powell,9.4,2026-01-28 15:15:57.165999999-05:00,2026-01-28 15:16:00-05:00,0.5,0.1594593699848943,0.3405406300151057,-1.0
20260318_a00,20260318,2026-03-18,0,confirmation_2023_2026_powell,11.7,2026-03-18 14:38:13.926000-04:00,2026-03-18 14:39:00-04:00,0.5,0.16105965716159484,0.33894034283840513,-1.0
20260318_a05,20260318,2026-03-18,5,confirmation_2023_2026_powell,11.7,2026-03-18 14:43:53.466000-04:00,2026-03-18 14:44:00-04:00,0.5,0.16105965716159484,0.33894034283840513,-1.0
20260318_a09,20260318,2026-03-18,9,confirmation_2023_2026_powell,11.7,2026-03-18 14:48:51.886000-04:00,2026-03-18 14:49:00-04:00,0.8076923076923077,0.16105965716159484,0.6466326505307128,-1.0
20260318_a13,20260318,2026-03-18,13,confirmation_2023_2026_powell,11.7,2026-03-18 14:53:35.946000-04:00,2026-03-18 14:54:00-04:00,0.0,0.16105965716159484,-0.16105965716159484,1.0
20260318_a16,20260318,2026-03-18,16,confirmation_2023_2026_powell,11.7,2026-03-18 14:58:28.255999999-04:00,2026-03-18 14:59:00-04:00,0.5,0.16105965716159484,0.33894034283840513,-1.0
20260318_a21,20260318,2026-03-18,21,confirmation_2023_2026_powell,11.7,2026-03-18 15:03:49.806000-04:00,2026-03-18 15:04:00-04:00,-0.16666666666666663,0.16105965716159484,-0.3277263238282615,1.0
20260318_a26,20260318,2026-03-18,26,confirmation_2023_2026_powell,11.7,2026-03-18 15:10:09.876000-04:00,2026-03-18 15:11:00-04:00,0.5,0.16105965716159484,0.33894034283840513,-1.0
20260318_a31,20260318,2026-03-18,31,confirmation_2023_2026_powell,11.7,2026-03-18 15:15:58.486000-04:00,2026-03-18 15:16:00-04:00,0.5,0.16105965716159484,0.33894034283840513,-1.0
20260429_a00,20260429,2026-04-29,0,confirmation_2023_2026_powell,12.2,2026-04-29 14:40:59.045999999-04:00,2026-04-29 14:41:00-04:00,0.0,0.15755850546489705,-0.15755850546489705,1.0
20260429_a03,20260429,2026-04-29,3,confirmation_2023_2026_powell,12.2,2026-04-29 14:46:12.366000-04:00,2026-04-29 14:47:00-04:00,0.0,0.15755850546489705,-0.15755850546489705,1.0
20260429_a08,20260429,2026-04-29,8,confirmation_2023_2026_powell,12.2,2026-04-29 14:51:30.935999999-04:00,2026-04-29 14:52:00-04:00,-0.6666666666666666,0.15755850546489705,-0.8242251721315637,1.0
20260429_a12,20260429,2026-04-29,12,confirmation_2023_2026_powell,12.2,2026-04-29 14:56:45.256000-04:00,2026-04-29 14:57:00-04:00,0.0,0.15755850546489705,-0.15755850546489705,1.0
20260429_a16,20260429,2026-04-29,16,confirmation_2023_2026_powell,12.2,2026-04-29 15:02:01.996000-04:00,2026-04-29 15:03:00-04:00,0.0,0.15755850546489705,-0.15755850546489705,1.0
20260429_a21,20260429,2026-04-29,21,confirmation_2023_2026_powell,12.2,2026-04-29 15:07:11.156000-04:00,2026-04-29 15:08:00-04:00,0.5,0.15755850546489705,0.342441494535103,-1.0
20260429_a26,20260429,2026-04-29,26,confirmation_2023_2026_powell,12.2,2026-04-29 15:13:21.746000-04:00,2026-04-29 15:14:00-04:00,0.0,0.15755850546489705,-0.15755850546489705,1.0
20260429_a31,20260429,2026-04-29,31,confirmation_2023_2026_powell,12.2,2026-04-29 15:18:58.575999999-04:00,2026-04-29 15:19:00-04:00,0.0,0.15755850546489705,-0.15755850546489705,1.0
20260429_a33,20260429,2026-04-29,33,confirmation_2023_2026_powell,12.2,2026-04-29 15:23:18.726000-04:00,2026-04-29 15:24:00-04:00,0.0,0.15755850546489705,-0.15755850546489705,1.0
20260617_a00,20260617,2026-06-17,0,warsh_text_only,10.5,2026-06-17 14:39:37.916000-04:00,2026-06-17 14:40:00-04:00,0.5,0.17063169777066872,0.3293683022293313,-1.0
20260617_a04,20260617,2026-06-17,4,warsh_text_only,10.5,2026-06-17 14:46:17.536000-04:00,2026-06-17 14:47:00-04:00,0.5,0.17063169777066872,0.3293683022293313,-1.0
20260617_a07,20260617,2026-06-17,7,warsh_text_only,10.5,2026-06-17 14:51:36.006000-04:00,2026-06-17 14:52:00-04:00,0.5,0.17063169777066872,0.3293683022293313,-1.0
20260617_a10,20260617,2026-06-17,10,warsh_text_only,10.5,2026-06-17 14:56:37.286000-04:00,2026-06-17 14:57:00-04:00,0.5,0.17063169777066872,0.3293683022293313,-1.0
20260617_a14,20260617,2026-06-17,14,warsh_text_only,10.5,2026-06-17 15:02:02.216000-04:00,2026-06-17 15:03:00-04:00,0.5,0.17063169777066872,0.3293683022293313,-1.0
20260617_a19,20260617,2026-06-17,19,warsh_text_only,10.5,2026-06-17 15:08:11.415999999-04:00,2026-06-17 15:09:00-04:00,0.5,0.17063169777066872,0.3293683022293313,-1.0
20260617_a24,20260617,2026-06-17,24,warsh_text_only,10.5,2026-06-17 15:13:37.396000-04:00,2026-06-17 15:14:00-04:00,0.5,0.17063169777066872,0.3293683022293313,-1.0
20260729_a01,20260729,2026-07-29,1,warsh_text_only,12.2,2026-07-29 14:40:22.886000-04:00,2026-07-29 14:41:00-04:00,1.0,0.3584568684572262,0.6415431315427738,-1.0
20260729_a05,20260729,2026-07-29,5,warsh_text_only,12.2,2026-07-29 14:45:10.636000-04:00,2026-07-29 14:46:00-04:00,0.5,0.3584568684572262,0.14154313154277381,-1.0
20260729_a08,20260729,2026-07-29,8,warsh_text_only,12.2,2026-07-29 14:50:01.576000-04:00,2026-07-29 14:51:00-04:00,0.5,0.3584568684572262,0.14154313154277381,-1.0
20260729_a12,20260729,2026-07-29,12,warsh_text_only,12.2,2026-07-29 14:57:34.416000-04:00,2026-07-29 14:58:00-04:00,0.5,0.3584568684572262,0.14154313154277381,-1.0
20260729_a15,20260729,2026-07-29,15,warsh_text_only,12.2,2026-07-29 15:02:41.575999999-04:00,2026-07-29 15:03:00-04:00,1.0,0.3584568684572262,0.6415431315427738,-1.0
20260729_a17,20260729,2026-07-29,17,warsh_text_only,12.2,2026-07-29 15:07:53.506000-04:00,2026-07-29 15:08:00-04:00,0.5,0.3584568684572262,0.14154313154277381,-1.0
20260729_a19,20260729,2026-07-29,19,warsh_text_only,12.2,2026-07-29 15:12:36.536000-04:00,2026-07-29 15:13:00-04:00,1.0,0.3584568684572262,0.6415431315427738,-1.0
20260916_a00,20260916,2026-09-16,0,warsh_text_only,9.3,2026-09-16 14:39:25.516000-04:00,2026-09-16 14:40:00-04:00,0.5,0.40661338751598297,0.09338661248401703,-1.0
20260916_a04,20260916,2026-09-16,4,warsh_text_only,9.3,2026-09-16 14:44:46.346000-04:00,2026-09-16 14:45:00-04:00,0.5,0.40661338751598297,0.09338661248401703,-1.0
20260916_a09,20260916,2026-09-16,9,warsh_text_only,9.3,2026-09-16 14:50:34.606000-04:00,2026-09-16 14:51:00-04:00,0.5,0.40661338751598297,0.09338661248401703,-1.0
20260916_a12,20260916,2026-09-16,12,warsh_text_only,9.3,2026-09-16 14:55:20.516000-04:00,2026-09-16 14:56:00-04:00,0.5,0.40661338751598297,0.09338661248401703,-1.0
20260916_a15,20260916,2026-09-16,15,warsh_text_only,9.3,2026-09-16 15:00:02.075999999-04:00,2026-09-16 15:01:00-04:00,0.0,0.40661338751598297,-0.40661338751598297,1.0
